M2,s0_root,s0,theta_deg,GA,GB,GB_hard,GB_soft2p,GB_3p,GB_em,G_low_combo,G_high_combo,Gamma_low_combo_keV,Gamma_high_combo_keV,fB_effective,hard_qcd_side,f1_tensor_matched,chi_effective,fperp_s_used_GeV,state,m_initial,m_final,quoted_combo,mass_comment,scenario,mb_MSbar,ms_MSbar,f_Bs,f_Bs1_A_working,fT_Bs1_working,G_quoted,Gamma_quoted_keV
8.0,6.05,36.6025,35.3,0.5226618229479053,0.6242529020828081,0.21256657888126035,0.3956006752216185,0.0006805310694929023,0.015405116910436353,0.8115003784710382,0.06583466159552642,139.72246389074635,0.9195979556348731,0.22683827574263177,0.008625756399383675,0.06801820716962186,3.15,-0.034836479999999996,Bs1_5830_observed_high_combo,5.8287,5.36692,high,observed narrow B_s1(5830),legacy_chi_condensate,4.18,0.093,0.2303,0.14615715477391222,0.16629436276498455,0.06583466159552642,0.9195979556348731
8.5,6.05,36.6025,35.3,0.486031341808567,0.5889594317542984,0.20604047317028482,0.3695992975784424,0.0006143391289775584,0.012705321876593704,0.7615288478403597,0.0563337499152724,123.04430043427969,0.6733271166067946,0.22683827574263177,0.010531491208837042,0.06801820716962186,3.15,-0.034836479999999996,Bs1_5830_observed_high_combo,5.8287,5.36692,high,observed narrow B_s1(5830),legacy_chi_condensate,4.18,0.093,0.2303,0.14615715477391222,0.16629436276498455,0.0563337499152724,0.6733271166067946
9.0,6.05,36.6025,35.3,0.4565936599886208,0.5602137830572852,0.20058663249612163,0.34843820787306184,0.0005609267492748626,0.010628015938826823,0.7210576545036569,0.048919443484613856,110.31352568123279,0.5077521810772321,0.22683827574263177,0.012587434021141632,0.06801820716962186,3.15,-0.034836479999999996,Bs1_5830_observed_high_combo,5.8287,5.36692,high,observed narrow B_s1(5830),legacy_chi_condensate,4.18,0.093,0.2303,0.14615715477391222,0.16629436276498455,0.048919443484613856,0.5077521810772321
9.5,6.05,36.6025,35.3,0.432519340822024,0.5364161867206908,0.1959695670232685,0.33093114111928795,0.0005170853486159032,0.008998393229518363,0.6877240126975483,0.04302310914226898,100.34994968334078,0.39272845272946205,0.22683827574263177,0.014775528247188446,0.06801820716962186,3.15,-0.034836479999999996,Bs1_5830_observed_high_combo,5.8287,5.36692,high,observed narrow B_s1(5830),legacy_chi_condensate,4.18,0.093,0.2303,0.14615715477391222,0.16629436276498455,0.04302310914226898,0.39272845272946205
10.0,6.05,36.6025,35.3,0.4125322987019746,0.516436184791798,0.1920166272336588,0.3162406254753648,0.0004805656286697613,0.007698366454104635,0.6598679173955599,0.03825652920338907,92.38528634364408,0.3105273913037594,0.22683827574263177,0.017078136002043304,0.06801820716962186,3.15,-0.034836479999999996,Bs1_5830_observed_high_combo,5.8287,5.36692,high,observed narrow B_s1(5830),legacy_chi_condensate,4.18,0.093,0.2303,0.14615715477391222,0.16629436276498455,0.03825652920338907,0.3105273913037594
10.5,6.05,36.6025,35.3,0.3957196522326171,0.4994552306143889,0.18859864456662653,0.30376083035750884,0.00044975153855489596,0.00664600415169864,0.6362938064275651,0.03434767027174068,85.90217772369179,0.25031296947946136,0.22683827574263177,0.019478449063265676,0.06801820716962186,3.15,-0.034836479999999996,Bs1_5830_observed_high_combo,5.8287,5.36692,high,observed narrow B_s1(5830),legacy_chi_condensate,4.18,0.093,0.2303,0.14615715477391222,0.16629436276498455,0.03434767027174068,0.25031296947946136
11.0,6.05,36.6025,35.3,0.38141373443329046,0.4848678449187186,0.1856172420315324,0.2930440340538131,0.00042345666975104006,0.00578311216362211,0.6161217089461863,0.031101505039179356,80.54188780893313,0.2052350791459411,0.22683827574263177,0.02196074199345691,0.06801820716962186,3.15,-0.034836479999999996,Bs1_5830_observed_high_combo,5.8287,5.36692,high,observed narrow B_s1(5830),legacy_chi_condensate,4.18,0.093,0.2303,0.14615715477391222,0.16629436276498455,0.031101505039179356,0.2052350791459411
11.5,6.05,36.6025,35.3,0.3691165941180817,0.4722176500095981,0.182996299579108,0.2837530662216719,0.00040079325149972364,0.005067490957318474,0.5986914130697552,0.02837535815561998,76.0492333660988,0.17083288918844577,0.22683827574263177,0.024510509213162727,0.06801820716962186,3.15,-0.034836479999999996,Bs1_5830_observed_high_combo,5.8287,5.36692,high,observed narrow B_s1(5830),legacy_chi_condensate,4.18,0.093,0.2303,0.14615715477391222,0.16629436276498455,0.02837535815561998,0.17083288918844577
12.0,6.05,36.6025,35.3,0.3584503564163842,0.46115486140023104,0.18067608117445552,0.27562972446870737,0.0003810855993366722,0.0044679701577314225,0.5834990886551275,0.026062957367400164,72.23857097814314,0.14412395430986602,0.22683827574263177,0.027114519291306094,0.06801820716962186,3.15,-0.034836479999999996,Bs1_5830_observed_high_combo,5.8287,5.36692,high,observed narrow B_s1(5830),legacy_chi_condensate,4.18,0.093,0.2303,0.14615715477391222,0.16629436276498455,0.026062957367400164,0.14412395430986602
12.5,6.05,36.6025,35.3,0.34912378693055585,0.4514073642178747,0.1786091101683377,0.2684732994110638,0.0003638115680619466,0.003961143070411267,0.5701543605086775,0.02408385898900245,68.97213702054347,0.1230668071908626,0.22683827574263177,0.02976081205147091,0.06801820716962186,3.15,-0.034836479999999996,Bs1_5830_observed_high_combo,5.8287,5.36692,high,observed narrow B_s1(5830),legacy_chi_condensate,4.18,0.093,0.2303,0.14615715477391222,0.16629436276498455,0.02408385898900245,0.1230668071908626
13.0,6.05,36.6025,35.3,0.3409092775304278,0.44276061295704994,0.1767572189609252,0.26212566166006057,0.0003485621015997872,0.0035291702344643697,0.5583506048852114,0.02237628022570637,66.14587471718731,0.10623425251607158,0.22683827574263177,0.032438657688443145,0.06801820716962186,3.15,-0.034836479999999996,Bs1_5830_observed_high_combo,5.8287,5.36692,high,observed narrow B_s1(5830),legacy_chi_condensate,4.18,0.093,0.2303,0.14615715477391222,0.16629436276498455,0.02237628022570637,0.10623425251607158
13.5,6.05,36.6025,35.3,0.3336266938215091,0.43504339506336126,0.1750894034378148,0.25646070715949293,0.00033501274805320633,0.0031582717180003244,0.5478439967499231,0.020892143106849226,63.679932752019525,0.09260933507870094,0.22683827574263177,0.035138491979626436,0.06801820716962186,3.15,-0.034836479999999996,Bs1_5830_observed_high_combo,5.8287,5.36692,high,observed narrow B_s1(5830),legacy_chi_condensate,4.18,0.093,0.2303,0.14615715477391222,0.16629436276498455,0.020892143106849226,0.09260933507870094
14.0,6.05,36.6025,35.3,0.3271318369121337,0.4281175730308757,0.17358023906750772,0.251376757738576,0.00032290325117823835,0.002837672973613788,0.5384384704626438,0.019593585307511152,61.512155505082475,0.0814547858499387,0.22683827574263177,0.03785183772138837,0.06801820716962186,3.15,-0.034836479999999996,Bs1_5830_observed_high_combo,5.8287,5.36692,high,observed narrow B_s1(5830),legacy_chi_condensate,4.18,0.093,0.2303,0.14615715477391222,0.16629436276498455,0.019593585307511152,0.0814547858499387
8.0,6.15,37.822500000000005,35.3,0.5345852216427888,0.6355319566523643,0.2187308592028023,0.40049596169751955,0.0006805310694929023,0.015624604682549443,0.827595665730221,0.0690481077930779,145.3199357170211,1.0115616245461465,0.22683827574263177,0.008875897229193224,0.06801820716962186,3.15,-0.034836479999999996,Bs1_5830_observed_high_combo,5.8287,5.36692,high,observed narrow B_s1(5830),legacy_chi_condensate,4.18,0.093,0.2303,0.14615715477391222,0.16629436276498455,0.0690481077930779,1.0115616245461465
8.5,6.15,37.822500000000005,35.3,0.49842462030393403,0.6007014421437958,0.2124735773254346,0.3747081949881143,0.0006143391289775584,0.012905330701269454,0.7782734943719963,0.05966316013051215,128.51483469475937,0.7552683525530035,0.22683827574263177,0.01086031097328934,0.06801820716962186,3.15,-0.034836479999999996,Bs1_5830_observed_high_combo,5.8287,5.36692,high,observed narrow B_s1(5830),legacy_chi_condensate,4.18,0.093,0.2303,0.14615715477391222,0.16629436276498455,0.05966316013051215,0.7552683525530035
9.0,6.15,37.822500000000005,35.3,0.4694227209538756,0.5723849419136339,0.20726855486409443,0.35374482416704967,0.0005609267492748626,0.010810636133214892,0.7384043654536133,0.05235652544106445,115.68506453665236,0.581608061015211,0.22683827574263177,0.013006745397451188,0.06801820716962186,3.15,-0.034836479999999996,Bs1_5830_observed_high_combo,5.8287,5.36692,high,observed narrow B_s1(5830),legacy_chi_condensate,4.18,0.093,0.2303,0.14615715477391222,0.16629436276498455,0.05235652544106445,0.581608061015211
9.5,6.15,37.822500000000005,35.3,0.44575343777567494,0.5489860108425819,0.20288229376690137,0.33642116579850945,0.0005170853486159032,0.009165465928555171,0.7056301424906177,0.04656038443091437,105.6435607220824,0.45996193989869205,0.22683827574263177,0.015296727486525006,0.06801820716962186,3.15,-0.034836479999999996,Bs1_5830_observed_high_combo,5.8287,5.36692,high,observed narrow B_s1(5830),legacy_chi_condensate,4.18,0.093,0.2303,0.14615715477391222,0.16629436276498455,0.04656038443091437,0.45996193989869205
10.0,6.15,37.822500000000005,35.3,0.42614365339865623,0.5293771404894994,0.1991439123096663,0.3219011518719844,0.0004805656286697613,0.007851510679178834,0.6782949428816818,0.041887237506539166,97.6171087168483,0.37226501234091747,0.22683827574263177,0.017712043313128773,0.06801820716962186,3.15,-0.034836479999999996,Bs1_5830_observed_high_combo,5.8287,5.36692,high,observed narrow B_s1(5830),legacy_chi_condensate,4.18,0.093,0.2303,0.14615715477391222,0.16629436276498455,0.041887237506539166,0.37226501234091747
10.5,6.15,37.822500000000005,35.3,0.40968311517144557,0.5127423988722325,0.19592580824128009,0.3095801957340399,0.00044975153855489596,0.00678664335835763,0.6552068574305097,0.038065685779548386,91.08474572806779,0.30743697527801866,0.22683827574263177,0.020235197791459904,0.06801820716962186,3.15,-0.034836479999999996,Bs1_5830_observed_high_combo,5.8287,5.36692,high,observed narrow B_s1(5830),legacy_chi_condensate,4.18,0.093,0.2303,0.14615715477391222,0.16629436276498455,0.038065685779548386,0.30743697527801866
11.0,6.15,37.822500000000005,35.3,0.39570648576185424,0.4984786250151771,0.19313099194263936,0.2990116775697461,0.00042345666975104006,0.005912498833040565,0.635489153541849,0.03490126361154261,85.68505246097547,0.25844675526035155,0.22683827574263177,0.022849708564639713,0.06801820716962186,3.15,-0.034836479999999996,Bs1_5830_observed_high_combo,5.8287,5.36692,high,observed narrow B_s1(5830),legacy_chi_condensate,4.18,0.093,0.2303,0.14615715477391222,0.16629436276498455,0.03490126361154261,0.25844675526035155
11.5,6.15,37.822500000000005,35.3,0.38371788118018746,0.48613149865612176,0.19068457301236832,0.28985940372148417,0.00040079325149972364,0.005186728670769511,0.6184844930275192,0.03225179386564375,81.16081743667571,0.22069705239120996,0.22683827574263177,0.025540275920209052,0.06801820716962186,3.15,-0.034836479999999996,Bs1_5830_observed_high_combo,5.8287,5.36692,high,observed narrow B_s1(5830),legacy_chi_condensate,4.18,0.093,0.2303,0.14615715477391222,0.16629436276498455,0.03225179386564375,0.22069705239120996
12.0,6.15,37.822500000000005,35.3,0.37334126391033284,0.4753530638455089,0.18852790662725014,0.2818660385690006,0.0003810855993366722,0.004578033049921458,0.6036915998116544,0.030011447188073692,77.32484314006223,0.19110086739809332,0.22683827574263177,0.02829286271854813,0.06801820716962186,3.15,-0.034836479999999996,Bs1_5830_observed_high_combo,5.8287,5.36692,high,observed narrow B_s1(5830),legacy_chi_condensate,4.18,0.093,0.2303,0.14615715477391222,0.16629436276498455,0.030011447188073692,0.19110086739809332
12.5,6.15,37.822500000000005,35.3,0.3642870357511385,0.4658728336735282,0.1866144860984123,0.27483164322269416,0.0003638115680619466,0.00406289278435985,0.5907223728309907,0.028100174523982446,74.0381606702361,0.16753548856484685,0.22683827574263177,0.031094710911566983,0.06801820716962186,3.15,-0.034836479999999996,Bs1_5830_observed_high_combo,5.8287,5.36692,high,observed narrow B_s1(5830),legacy_chi_condensate,4.18,0.093,0.2303,0.14615715477391222,0.16629436276498455,0.028100174523982446,0.16753548856484685
13.0,6.15,37.822500000000005,35.3,0.3563290486609857,0.4574777148767442,0.18490700765996343,0.2685987745132136,0.0003485621015997872,0.0036233706019673777,0.5792722172929563,0.026456545522663022,71.19576834516005,0.14850978042254415,0.22683827574263177,0.03393431488080759,0.06801820716962186,3.15,-0.034836479999999996,Bs1_5830_observed_high_combo,5.8287,5.36692,high,observed narrow B_s1(5830),legacy_chi_condensate,4.18,0.093,0.2303,0.14615715477391222,0.16629436276498455,0.026456545522663022,0.14850978042254415
13.5,6.15,37.822500000000005,35.3,0.34928847401066865,0.44999779310572857,0.18337523811789397,0.2630419408160243,0.00033501274805320633,0.0032456014237571495,0.5690991222230446,0.025032797719947375,68.71706684172746,0.13295588404757136,0.22683827574263177,0.03680136665812678,0.06801820716962186,3.15,-0.034836479999999996,Bs1_5830_observed_high_combo,5.8287,5.36692,high,observed narrow B_s1(5830),legacy_chi_condensate,4.18,0.093,0.2303,0.14615715477391222,0.16629436276498455,0.025032797719947375,0.13295588404757136
14.0,6.15,37.822500000000005,35.3,0.3430222832527225,0.4432960938779097,0.18199444243956264,0.25806001172691045,0.00032290325117823835,0.002918736460258368,0.5600086474604897,0.02379135189089482,66.53930319748028,0.12009557979127305,0.22683827574263177,0.03968668402823045,0.06801820716962186,3.15,-0.034836479999999996,Bs1_5830_observed_high_combo,5.8287,5.36692,high,observed narrow B_s1(5830),legacy_chi_condensate,4.18,0.093,0.2303,0.14615715477391222,0.16629436276498455,0.02379135189089482,0.12009557979127305
8.0,6.25,39.0625,35.3,0.5456299847990019,0.6451557637518441,0.22389677522019616,0.4047625535092008,0.0006805310694929023,0.01581590395295415,0.8418323170631148,0.07250096387036531,150.36264951010094,1.1152605566040974,0.22683827574263177,0.009085525353144943,0.06801820716962186,3.15,-0.034836479999999996,Bs1_5830_observed_high_combo,5.8287,5.36692,high,observed narrow B_s1(5830),legacy_chi_condensate,4.18,0.093,0.2303,0.14615715477391222,0.16629436276498455,0.07250096387036531,1.1152605566040974
8.5,6.25,39.0625,35.3,0.5100116955111855,0.61081066395151,0.2179136874580225,0.3792014015902934,0.0006143391289775584,0.01308123577421647,0.7932196900485453,0.06327811686806434,133.49830583571529,0.8495635569152447,0.22683827574263177,0.011138375137843576,0.06801820716962186,3.15,-0.034836479999999996,Bs1_5830_observed_high_combo,5.8287,5.36692,high,observed narrow B_s1(5830),legacy_chi_condensate,4.18,0.093,0.2303,0.14615715477391222,0.16629436276498455,0.06327811686806434,0.8495635569152447
9.0,6.25,39.0625,35.3,0.4815164766422534,0.5829476695506703,0.2129646202747131,0.3584495784844729,0.0005609267492748626,0.010972544042209435,0.7540134734639379,0.05612294136424739,120.62768541527107,0.6682971823731979,0.22683827574263177,0.013364191188549236,0.06801820716962186,3.15,-0.034836479999999996,Bs1_5830_observed_high_combo,5.8287,5.36692,high,observed narrow B_s1(5830),legacy_chi_condensate,4.18,0.093,0.2303,0.14615715477391222,0.16629436276498455,0.05612294136424739,0.6682971823731979
9.5,6.25,39.0625,35.3,0.45832122563374883,0.5599729856232607,0.20881759049882415,0.34132365117303043,0.0005170853486159032,0.009314658602790259,0.7218594176458148,0.05046852138011698,110.55898314435989,0.5404181719710794,0.22683827574263177,0.01574423138139026,0.06801820716962186,3.15,-0.034836479999999996,Bs1_5830_observed_high_combo,5.8287,5.36692,high,observed narrow B_s1(5830),legacy_chi_condensate,4.18,0.093,0.2303,0.14615715477391222,0.16629436276498455,0.05046852138011698,0.5404181719710794
10.0,6.25,39.0625,35.3,0.43915556632497066,0.5407615476900884,0.20530311904526302,0.3269887096447538,0.0004805656286697613,0.007989153371401991,0.6951052186311468,0.04592818226460743,102.51558166132574,0.44755591035969755,0.22683827574263177,0.018259848843361435,0.06801820716962186,3.15,-0.034836479999999996,Bs1_5830_observed_high_combo,5.8287,5.36692,high,observed narrow B_s1(5830),legacy_chi_condensate,4.18,0.093,0.2303,0.14615715477391222,0.16629436276498455,0.04592818226460743,0.44755591035969755
10.5,6.25,39.0625,35.3,0.4231117474161842,0.5244996594208233,0.20229488966228307,0.3148412291141266,0.00044975153855489596,0.0069137891058588695,0.6725622372482456,0.04223127468797544,95.97403193217905,0.37840525798581753,0.22683827574263177,0.020892995880750897,0.06801820716962186,3.15,-0.034836479999999996,Bs1_5830_observed_high_combo,5.8287,5.36692,high,observed narrow B_s1(5830),legacy_chi_condensate,4.18,0.093,0.2303,0.14615715477391222,0.16629436276498455,0.04223127468797544,0.37840525798581753
11.0,6.25,39.0625,35.3,0.4095267042493349,0.5105861946237997,0.19969708453067547,0.3044355574596713,0.00042345666975104006,0.006030095963701851,0.6533567148475946,0.039184012011199754,90.57107028134128,0.3257666215105743,0.22683827574263177,0.023626555928886805,0.06801820716962186,3.15,-0.034836479999999996,Bs1_5830_observed_high_combo,5.8287,5.36692,high,observed narrow B_s1(5830),legacy_chi_condensate,4.18,0.093,0.2303,0.14615715477391222,0.16629436276498455,0.039184012011199754,0.3257666215105743
11.5,6.25,39.0625,35.3,0.39790661252288106,0.49856867936944604,0.19743587696435266,0.2954363795506593,0.00040079325149972364,0.005295629602934332,0.6368340103089878,0.03664483116893463,86.04809895631188,0.28491429019998926,0.22683827574263177,0.02644454501251624,0.06801820716962186,3.15,-0.034836479999999996,Bs1_5830_observed_high_combo,5.8287,5.36692,high,observed narrow B_s1(5830),legacy_chi_condensate,4.18,0.093,0.2303,0.14615715477391222,0.16629436276498455,0.03664483116893463,0.28491429019998926
12.0,6.25,39.0625,35.3,0.3878772989484747,0.4881008302468907,0.19545358565792142,0.287587155610441,0.0003810855993366722,0.0046790033791915975,0.6224952898364791,0.03450845778452516,82.21686662992663,0.25266197315787586,0.22683827574263177,0.029332216995339253,0.06801820716962186,3.15,-0.034836479999999996,Bs1_5830_observed_high_combo,5.8287,5.36692,high,observed narrow B_s1(5830),legacy_chi_condensate,4.18,0.093,0.2303,0.14615715477391222,0.16629436276498455,0.03450845778452516,0.25266197315787586
12.5,6.25,39.0625,35.3,0.37915085188475717,0.47891367437203575,0.19370457577306743,0.28068866693252875,0.0003638115680619466,0.004156620098377641,0.609954662611536,0.032695344376665325,78.93759544481516,0.22680917257890623,0.22683827574263177,0.032276099845404756,0.06801820716962186,3.15,-0.034836479999999996,Bs1_5830_observed_high_combo,5.8287,5.36692,high,observed narrow B_s1(5830),legacy_chi_condensate,4.18,0.093,0.2303,0.14615715477391222,0.16629436276498455,0.032695344376665325,0.22680917257890623
13.0,6.25,39.0625,35.3,0.371502649356219,0.47079548896967677,0.19215233224578163,0.2745841218895183,0.0003485621015997872,0.0037104727327770433,0.5989095341974857,0.031144514127491196,76.1046574658069,0.20580309518732548,0.22683827574263177,0.03526398393456756,0.06801820716962186,3.15,-0.034836479999999996,Bs1_5830_observed_high_combo,5.8287,5.36692,high,observed narrow B_s1(5830),legacy_chi_condensate,4.18,0.093,0.2303,0.14615715477391222,0.16629436276498455,0.031144514127491196,0.20580309518732548
13.5,6.25,39.0625,35.3,0.36475524439517104,0.46357760080487753,0.19076733557855283,0.2691486184714708,0.00033501274805320633,0.003326634006800706,0.5891197049436537,0.029808615011263306,73.63696503654774,0.18852648834018995,0.22683827574263177,0.038284878236977016,0.06801820716962186,3.15,-0.034836479999999996,Bs1_5830_observed_high_combo,5.8287,5.36692,high,observed narrow B_s1(5830),legacy_chi_condensate,4.18,0.093,0.2303,0.14615715477391222,0.16629436276498455,0.029808615011263306,0.18852648834018995
14.0,6.25,39.0625,35.3,0.3587668605014897,0.45712416023965796,0.18952549701166146,0.26428156021475613,0.00032290325117823835,0.0029941997620621594,0.5803923762223308,0.02865043964591729,71.4713820600938,0.17416118194955144,0.22683827574263177,0.04132894617204015,0.06801820716962186,3.15,-0.034836479999999996,Bs1_5830_observed_high_combo,5.8287,5.36692,high,observed narrow B_s1(5830),legacy_chi_condensate,4.18,0.093,0.2303,0.14615715477391222,0.16629436276498455,0.02865043964591729,0.17416118194955144
8.0,6.05,36.6025,35.3,0.8394269866912546,0.8239099040867793,0.21256657888126035,0.5952576772255896,0.0006805310694929023,0.015405116910436353,1.1574931279373728,0.2089852980848233,284.26646221117596,9.266596484560424,0.22683827574263177,0.008625756399383675,0.06801820716962186,4.980468750000001,-0.055080000000000004,Bs1_5830_observed_high_combo,5.8287,5.36692,high,observed narrow B_s1(5830),lattice_fperp_s,4.18,0.093,0.2303,0.14615715477391222,0.16629436276498455,0.2089852980848233,9.266596484560424
8.5,6.05,36.6025,35.3,0.7852359855128135,0.7775480424515835,0.20604047317028482,0.5581879082757274,0.0006143391289775584,0.012705321876593704,1.0883407867068566,0.19154854020553025,251.3151050766574,7.784782354895678,0.22683827574263177,0.010531491208837042,0.06801820716962186,4.980468750000001,-0.055080000000000004,Bs1_5830_observed_high_combo,5.8287,5.36692,high,observed narrow B_s1(5830),lattice_fperp_s,4.18,0.093,0.2303,0.14615715477391222,0.16629436276498455,0.19154854020553025,7.784782354895678
9.0,6.05,36.6025,35.3,0.7413187350381497,0.7396759253205162,0.20058663249612163,0.5279003501362929,0.0005609267492748626,0.010628015938826823,1.032054010271529,0.17759071287592382,225.99229550527983,6.691589378897492,0.22683827574263177,0.012587434021141632,0.06801820716962186,4.980468750000001,-0.055080000000000004,Bs1_5830_observed_high_combo,5.8287,5.36692,high,observed narrow B_s1(5830),lattice_fperp_s,4.18,0.093,0.2303,0.14615715477391222,0.16629436276498455,0.17759071287592382,6.691589378897492
9.5,6.05,36.6025,35.3,0.7051272234499373,0.7082408656877206,0.1959695670232685,0.5027558200863178,0.0005170853486159032,0.008998393229518363,0.9854851355495806,0.16621844870872304,206.05774277391686,5.862019133298325,0.22683827574263177,0.014775528247188446,0.06801820716962186,4.980468750000001,-0.055080000000000004,Bs1_5830_observed_high_combo,5.8287,5.36692,high,observed narrow B_s1(5830),lattice_fperp_s,4.18,0.093,0.2303,0.14615715477391222,0.16629436276498455,0.16621844870872304,5.862019133298325
10.0,6.05,36.6025,35.3,0.674869215035242,0.6817870763200855,0.1920166272336588,0.4815915170036524,0.0004805656286697613,0.007698366454104635,0.9464103827854988,0.15681027452045165,190.04120450127573,5.2172039242516215,0.22683827574263177,0.017078136002043304,0.06801820716962186,4.980468750000001,-0.055080000000000004,Bs1_5830_observed_high_combo,5.8287,5.36692,high,observed narrow B_s1(5830),lattice_fperp_s,4.18,0.093,0.2303,0.14615715477391222,0.16629436276498455,0.15681027452045165,5.2172039242516215
10.5,6.05,36.6025,35.3,0.6492526314277581,0.6592570028075279,0.18859864456662653,0.4635626025506478,0.00044975153855489596,0.00664600415169864,0.9132200047363891,0.14892279246610507,176.9455377349907,4.705557928998369,0.22683827574263177,0.019478449063265676,0.06801820716962186,4.980468750000001,-0.055080000000000004,Bs1_5830_observed_high_combo,5.8287,5.36692,high,observed narrow B_s1(5830),lattice_fperp_s,4.18,0.093,0.2303,0.14615715477391222,0.16629436276498455,0.14892279246610507,4.705557928998369
11.0,6.05,36.6025,35.3,0.6273256583541611,0.6398660679141301,0.1856172420315324,0.44804225704922457,0.00042345666975104006,0.00578311216362211,0.8847236652928603,0.14223256507614107,166.07492714765633,4.292268357426594,0.22683827574263177,0.02196074199345691,0.06801820716962186,4.980468750000001,-0.055080000000000004,Bs1_5830_observed_high_combo,5.8287,5.36692,high,observed narrow B_s1(5830),lattice_fperp_s,4.18,0.093,0.2303,0.14615715477391222,0.16629436276498455,0.14223256507614107,4.292268357426594
11.5,6.05,36.6025,35.3,0.6083736646888175,0.6230213206339019,0.182996299579108,0.4345567368459757,0.00040079325149972364,0.005067490957318474,0.8600244798052787,0.13649899628558632,156.93160210773834,3.953190088673499,0.22683827574263177,0.024510509213162727,0.06801820716962186,4.980468750000001,-0.055080000000000004,Bs1_5830_observed_high_combo,5.8287,5.36692,high,observed narrow B_s1(5830),lattice_fperp_s,4.18,0.093,0.2303,0.14615715477391222,0.16629436276498455,0.13649899628558632,3.953190088673499
12.0,6.05,36.6025,35.3,0.5918509506171655,0.6082671964606291,0.18067608117445552,0.4227420595291055,0.0003810855993366722,0.0044679701577314225,0.8384353081569478,0.1315399713861914,149.15159434245584,3.671168076054816,0.22683827574263177,0.027114519291306094,0.06801820716962186,4.980468750000001,-0.055080000000000004,Bs1_5830_observed_high_combo,5.8287,5.36692,high,observed narrow B_s1(5830),lattice_fperp_s,4.18,0.093,0.2303,0.14615715477391222,0.16629436276498455,0.1315399713861914,3.671168076054816
12.5,6.05,36.6025,35.3,0.5773344710947189,0.5952485003044454,0.1786091101683377,0.41231443549763447,0.0003638115680619466,0.003961143070411267,0.8194218024788014,0.1272154796056768,142.46356642772642,3.4337502273012492,0.22683827574263177,0.02976081205147091,0.06801820716962186,4.980468750000001,-0.055080000000000004,Bs1_5830_observed_high_combo,5.8287,5.36692,high,observed narrow B_s1(5830),lattice_fperp_s,4.18,0.093,0.2303,0.14615715477391222,0.16629436276498455,0.1272154796056768,3.4337502273012492
13.0,6.05,36.6025,35.3,0.5644917851731098,0.5836846105612694,0.1767572189609252,0.40304965926427994,0.0003485621015997872,0.0035291702344643697,0.8025628333944885,0.12341636272308287,136.6617159477326,3.231724032600081,0.22683827574263177,0.032438657688443145,0.06801820716962186,4.980468750000001,-0.055080000000000004,Bs1_5830_observed_high_combo,5.8287,5.36692,high,observed narrow B_s1(5830),lattice_fperp_s,4.18,0.093,0.2303,0.14615715477391222,0.16629436276498455,0.12341636272308287,3.231724032600081
13.5,6.05,36.6025,35.3,0.5530584293279525,0.5733511620476173,0.1750894034378148,0.3947684741437489,0.00033501274805320633,0.0031582717180003244,0.7875224657799251,0.12005643324687548,131.58751507347318,3.058156141411979,0.22683827574263177,0.035138491979626436,0.06801820716962186,4.980468750000001,-0.055080000000000004,Bs1_5830_observed_high_combo,5.8287,5.36692,high,observed narrow B_s1(5830),lattice_fperp_s,4.18,0.093,0.2303,0.14615715477391222,0.16629436276498455,0.12005643324687548,3.058156141411979
14.0,6.05,36.6025,35.3,0.5428216650347486,0.5640668167444446,0.17358023906750772,0.38732600145214485,0.00032290325117823835,0.002837672973613788,0.7740297702828771,0.11706685482724893,127.11713943313214,2.9077474473695952,0.22683827574263177,0.03785183772138837,0.06801820716962186,4.980468750000001,-0.055080000000000004,Bs1_5830_observed_high_combo,5.8287,5.36692,high,observed narrow B_s1(5830),lattice_fperp_s,4.18,0.093,0.2303,0.14615715477391222,0.16629436276498455,0.11706685482724893,2.9077474473695952
8.0,6.15,37.822500000000005,35.3,0.8558635663296701,0.8380336154552035,0.2187308592028023,0.6029976205003588,0.0006805310694929023,0.015624604682549443,1.1785180225594314,0.2142383142812445,294.6871772805994,9.738298152177034,0.22683827574263177,0.008875897229193224,0.06801820716962186,4.980468750000001,-0.055080000000000004,Bs1_5830_observed_high_combo,5.8287,5.36692,high,observed narrow B_s1(5830),lattice_fperp_s,4.18,0.093,0.2303,0.14615715477391222,0.16629436276498455,0.2142383142812445,9.738298152177034
8.5,6.15,37.822500000000005,35.3,0.8023393823118387,0.7922588392078619,0.2124735773254346,0.5662655920521803,0.0006143391289775584,0.012905330701269454,1.1102301491628577,0.1970065191848998,261.5259663806718,8.234741630625093,0.22683827574263177,0.01086031097328934,0.06801820716962186,4.980468750000001,-0.055080000000000004,Bs1_5830_observed_high_combo,5.8287,5.36692,high,observed narrow B_s1(5830),lattice_fperp_s,4.18,0.093,0.2303,0.14615715477391222,0.16629436276498455,0.1970065191848998,8.234741630625093
9.0,6.15,37.822500000000005,35.3,0.7590402000844659,0.7549307652227015,0.20726855486409443,0.5362906474761173,0.0005609267492748626,0.010810636133214892,1.0547445422386168,0.18323874110528665,236.03877695420192,7.123991307044829,0.22683827574263177,0.013006745397451188,0.06801820716962186,4.980468750000001,-0.055080000000000004,Bs1_5830_observed_high_combo,5.8287,5.36692,high,observed narrow B_s1(5830),lattice_fperp_s,4.18,0.093,0.2303,0.14615715477391222,0.16629436276498455,0.18323874110528665,7.123991307044829
9.5,6.15,37.822500000000005,35.3,0.7234228167805136,0.7240009496864511,0.20288229376690137,0.5114361046423787,0.0005170853486159032,0.009165465928555171,1.008919780622459,0.17204308545903535,215.97429031785336,6.280051820964784,0.22683827574263177,0.015296727486525006,0.06801820716962186,4.980468750000001,-0.055080000000000004,Bs1_5830_observed_high_combo,5.8287,5.36692,high,observed narrow B_s1(5830),lattice_fperp_s,4.18,0.093,0.2303,0.14615715477391222,0.16629436276498455,0.17204308545903535,6.280051820964784
10.0,6.15,37.822500000000005,35.3,0.69369925917724,0.6980173706455844,0.1991439123096663,0.4905413820280695,0.0004805656286697613,0.007851510679178834,0.9705376206575348,0.162799382045627,199.85431571836548,5.623339267354833,0.22683827574263177,0.017712043313128773,0.06801820716962186,4.980468750000001,-0.055080000000000004,Bs1_5830_observed_high_combo,5.8287,5.36692,high,observed narrow B_s1(5830),lattice_fperp_s,4.18,0.093,0.2303,0.14615715477391222,0.16629436276498455,0.162799382045627,5.623339267354833
10.5,6.15,37.822500000000005,35.3,0.668581224487184,0.6759258112134896,0.19592580824128009,0.47276360807529694,0.00044975153855489596,0.00678664335835763,0.9379932207263341,0.15506538579849227,186.67586876708316,5.101742210273084,0.22683827574263177,0.020235197791459904,0.06801820716962186,4.980468750000001,-0.055080000000000004,Bs1_5830_observed_high_combo,5.8287,5.36692,high,observed narrow B_s1(5830),lattice_fperp_s,4.18,0.093,0.2303,0.14615715477391222,0.16629436276498455,0.15506538579849227,5.101742210273084
11.0,6.15,37.822500000000005,35.3,0.6471202439730143,0.6569446527620347,0.19313099194263936,0.45747770531660376,0.00042345666975104006,0.005912498833040565,0.9101005925939751,0.1485186800117051,175.73876753150498,4.680054854492309,0.22683827574263177,0.022849708564639713,0.06801820716962186,4.980468750000001,-0.055080000000000004,Bs1_5830_observed_high_combo,5.8287,5.36692,high,observed narrow B_s1(5830),lattice_fperp_s,4.18,0.093,0.2303,0.14615715477391222,0.16629436276498455,0.1485186800117051,4.680054854492309
11.5,6.15,37.822500000000005,35.3,0.6286046541543675,0.6404835692710158,0.19068457301236832,0.44421147433637814,0.00040079325149972364,0.005186728670769511,0.8859667088368439,0.14291957375910064,166.54192808333235,4.333833343710816,0.22683827574263177,0.025540275920209052,0.06801820716962186,4.980468750000001,-0.055080000000000004,Bs1_5830_observed_high_combo,5.8287,5.36692,high,observed narrow B_s1(5830),lattice_fperp_s,4.18,0.093,0.2303,0.14615715477391222,0.16629436276498455,0.14291957375910064,4.333833343710816
12.0,6.15,37.822500000000005,35.3,0.6124913916867041,0.626089328453771,0.18852790662725014,0.43260230317726267,0.0003810855993366722,0.004578033049921458,0.8649078562545924,0.13808675636386997,158.71883459477473,4.0456922029920355,0.22683827574263177,0.02829286271854813,0.06801820716962186,4.980468750000001,-0.055080000000000004,Bs1_5830_observed_high_combo,5.8287,5.36692,high,observed narrow B_s1(5830),lattice_fperp_s,4.18,0.093,0.2303,0.14615715477391222,0.16629436276498455,0.13808675636386997,4.0456922029920355
12.5,6.15,37.822500000000005,35.3,0.5983597580747321,0.6134088109184944,0.1866144860984123,0.4223676204676602,0.0003638115680619466,0.00406289278435985,0.8463927370047104,0.13388093270278761,151.99616764109473,3.8029992572742963,0.22683827574263177,0.031094710911566983,0.06801820716962186,4.980468750000001,-0.055080000000000004,Bs1_5830_observed_high_combo,5.8287,5.36692,high,observed narrow B_s1(5830),lattice_fperp_s,4.18,0.093,0.2303,0.14615715477391222,0.16629436276498455,0.13388093270278761,3.8029992572742963
13.0,6.15,37.822500000000005,35.3,0.5858794051145599,0.6021632460660176,0.18490700765996343,0.41328430570248686,0.0003485621015997872,0.0036233706019673777,0.830002941693887,0.1301935829050258,146.16656646027573,3.5963995925184795,0.22683827574263177,0.03393431488080759,0.06801820716962186,4.980468750000001,-0.055080000000000004,Bs1_5830_observed_high_combo,5.8287,5.36692,high,observed narrow B_s1(5830),lattice_fperp_s,4.18,0.093,0.2303,0.14615715477391222,0.16629436276498455,0.1301935829050258,3.5963995925184795
13.5,6.15,37.822500000000005,35.3,0.5747877396749101,0.5921299228025971,0.18337523811789397,0.40517407051289267,0.00033501274805320633,0.0032456014237571495,0.8154049659837712,0.12693909014880655,141.0702663016903,3.418846044200476,0.22683827574263177,0.03680136665812678,0.06801820716962186,4.980468750000001,-0.055080000000000004,Bs1_5830_observed_high_combo,5.8287,5.36692,high,observed narrow B_s1(5830),lattice_fperp_s,4.18,0.093,0.2303,0.14615715477391222,0.16629436276498455,0.12693909014880655,3.418846044200476
14.0,6.15,37.822500000000005,35.3,0.5648736985856927,0.5831289844403547,0.18199444243956264,0.39789290228935537,0.00032290325117823835,0.002918736460258368,0.8023300576084949,0.1240491294055247,136.58245255874158,3.2649476588942816,0.22683827574263177,0.03968668402823045,0.06801820716962186,4.980468750000001,-0.055080000000000004,Bs1_5830_observed_high_combo,5.8287,5.36692,high,observed narrow B_s1(5830),lattice_fperp_s,4.18,0.093,0.2303,0.14615715477391222,0.16629436276498455,0.1240491294055247,3.2649476588942816
8.0,6.25,39.0625,35.3,0.8708418890340537,0.8501367441357273,0.22389677522019616,0.609743533893084,0.0006805310694929023,0.01581590395295415,1.1970511788083886,0.2194688012897077,304.02844578049127,10.21961100288234,0.22683827574263177,0.009085525353144943,0.06801820716962186,4.980468750000001,-0.055080000000000004,Bs1_5830_observed_high_combo,5.8287,5.36692,high,observed narrow B_s1(5830),lattice_fperp_s,4.18,0.093,0.2303,0.14615715477391222,0.16629436276498455,0.2194688012897077,10.21961100288234
8.5,6.25,39.0625,35.3,0.8180689432575933,0.8049790687211577,0.2179136874580225,0.5733698063599411,0.0006143391289775584,0.01308123577421647,1.1297010533438148,0.20249352354002087,270.7795420604945,8.699835823557992,0.22683827574263177,0.011138375137843576,0.06801820716962186,4.980468750000001,-0.055080000000000004,Bs1_5830_observed_high_combo,5.8287,5.36692,high,observed narrow B_s1(5830),lattice_fperp_s,4.18,0.093,0.2303,0.14615715477391222,0.16629436276498455,0.20249352354002087,8.699835823557992
9.0,6.25,39.0625,35.3,0.7754714766991319,0.7682274311944909,0.2129646202747131,0.5437293401282934,0.0005609267492748626,0.010972544042209435,1.0750913896310732,0.18896534379284136,245.23336041708532,7.576229221794673,0.22683827574263177,0.013364191188549236,0.06801820716962186,4.980468750000001,-0.055080000000000004,Bs1_5830_observed_high_combo,5.8287,5.36692,high,observed narrow B_s1(5830),lattice_fperp_s,4.18,0.093,0.2303,0.14615715477391222,0.16629436276498455,0.18896534379284136,7.576229221794673
9.5,6.25,39.0625,35.3,0.740510422564904,0.737836764554556,0.20881759049882415,0.5191874301043258,0.0005170853486159032,0.009314658602790259,1.0300859125106792,0.17799379175305435,225.1311955245922,6.7219997450663636,0.22683827574263177,0.01574423138139026,0.06801820716962186,4.980468750000001,-0.055080000000000004,Bs1_5830_observed_high_combo,5.8287,5.36692,high,observed narrow B_s1(5830),lattice_fperp_s,4.18,0.093,0.2303,0.14615715477391222,0.16629436276498455,0.17799379175305435,6.7219997450663636
10.0,6.25,39.0625,35.3,0.711401616452872,0.7123581637245464,0.20530311904526302,0.4985853256792116,0.0004805656286697613,0.007989153371401991,0.9924711230821217,0.16896000463091493,208.9895355572084,6.056986525899334,0.22683827574263177,0.018259848843361435,0.06801820716962186,4.980468750000001,-0.055080000000000004,Bs1_5830_observed_high_combo,5.8287,5.36692,high,observed narrow B_s1(5830),lattice_fperp_s,4.18,0.093,0.2303,0.14615715477391222,0.16629436276498455,0.16896000463091493,6.056986525899334
10.5,6.25,39.0625,35.3,0.6868602359101758,0.6907402645223838,0.20229488966228307,0.481081834215687,0.00044975153855489596,0.0069137891058588695,0.960646519065179,0.16142292933468244,195.80149744473346,5.528651696523159,0.22683827574263177,0.020892995880750897,0.06801820716962186,4.980468750000001,-0.055080000000000004,Bs1_5830_observed_high_combo,5.8287,5.36692,high,observed narrow B_s1(5830),lattice_fperp_s,4.18,0.093,0.2303,0.14615715477391222,0.16629436276498455,0.16142292933468244,5.528651696523159
11.0,6.25,39.0625,35.3,0.665940977032977,0.6722040454316928,0.19969708453067547,0.46605340826756436,0.00042345666975104006,0.006030095963701851,0.9334300606486629,0.15506123133718136,184.86400093614034,5.101468845503803,0.22683827574263177,0.023626555928886805,0.06801820716962186,4.980468750000001,-0.055080000000000004,Bs1_5830_observed_high_combo,5.8287,5.36692,high,observed narrow B_s1(5830),lattice_fperp_s,4.18,0.093,0.2303,0.14615715477391222,0.16629436276498455,0.15506123133718136,5.101468845503803
11.5,6.25,39.0625,35.3,0.6479350459818318,0.6561615372779308,0.19743587696435266,0.45302923745914403,0.00040079325149972364,0.005295629602934332,0.9099323021631822,0.14963619981283616,175.67378038897553,4.750749403916362,0.22683827574263177,0.02644454501251624,0.06801820716962186,4.980468750000001,-0.055080000000000004,Bs1_5830_observed_high_combo,5.8287,5.36692,high,observed narrow B_s1(5830),lattice_fperp_s,4.18,0.093,0.2303,0.14615715477391222,0.16629436276498455,0.14963619981283616,4.750749403916362
12.0,6.25,39.0625,35.3,0.6323019773633546,0.6421616427787874,0.19545358565792142,0.4416479681423377,0.0003810855993366722,0.0046790033791915975,0.8894727741115773,0.14496741064188906,167.86265993919724,4.45891861453822,0.22683827574263177,0.029332216995339253,0.06801820716962186,4.980468750000001,-0.055080000000000004,Bs1_5830_observed_high_combo,5.8287,5.36692,high,observed narrow B_s1(5830),lattice_fperp_s,4.18,0.093,0.2303,0.14615715477391222,0.16629436276498455,0.14496741064188906,4.45891861453822
12.5,6.25,39.0625,35.3,0.6186234232106864,0.6298531750674341,0.19370457577306743,0.431628167627927,0.0003638115680619466,0.004156620098377641,0.871523114128392,0.14091637033143317,161.15604533660448,4.21319614916964,0.22683827574263177,0.032276099845404756,0.06801820716962186,4.980468750000001,-0.055080000000000004,Bs1_5830_observed_high_combo,5.8287,5.36692,high,observed narrow B_s1(5830),lattice_fperp_s,4.18,0.093,0.2303,0.14615715477391222,0.16629436276498455,0.14091637033143317,4.21319614916964
13.0,6.25,39.0625,35.3,0.6065711620713603,0.6189591126447341,0.19215233224578163,0.4227477455645756,0.0003485621015997872,0.0037104727327770433,0.8556675692861262,0.13737528400163385,155.34558903997083,4.004109896395675,0.22683827574263177,0.03526398393456756,0.06801820716962186,4.980468750000001,-0.055080000000000004,Bs1_5830_observed_high_combo,5.8287,5.36692,high,observed narrow B_s1(5830),lattice_fperp_s,4.18,0.093,0.2303,0.14615715477391222,0.16629436276498455,0.13737528400163385,4.004109896395675
13.5,6.25,39.0625,35.3,0.5958845260673687,0.6092583281571803,0.19076733557855283,0.41482934582377357,0.00033501274805320633,0.003326634006800706,0.8415750403186493,0.1342591909259065,150.27075733433642,3.824519093677085,0.22683827574263177,0.038284878236977016,0.06801820716962186,4.980468750000001,-0.055080000000000004,Bs1_5830_observed_high_combo,5.8287,5.36692,high,observed narrow B_s1(5830),lattice_fperp_s,4.18,0.093,0.2303,0.14615715477391222,0.16629436276498455,0.1342591909259065,3.824519093677085
14.0,6.25,39.0625,35.3,0.5863541963393856,0.6005724000349953,0.18952549701166146,0.40772980001009346,0.00032290325117823835,0.0029941997620621594,0.8289789541771959,0.1315003603792927,145.80613300851866,3.6689573903250556,0.22683827574263177,0.04132894617204015,0.06801820716962186,4.980468750000001,-0.055080000000000004,Bs1_5830_observed_high_combo,5.8287,5.36692,high,observed narrow B_s1(5830),lattice_fperp_s,4.18,0.093,0.2303,0.14615715477391222,0.16629436276498455,0.1315003603792927,3.6689573903250556
8.0,5.95,35.4025,35.3,0.46914845675512706,0.5773006131908185,0.1952571974925308,0.37089702451571377,0.0006525388711631383,0.010493852311410853,0.7422577439050588,0.04929212999236843,53.69422374619277,0.23679540133430393,0.22471315655866592,0.008331439573418798,0.06857951372041764,3.15,-0.034836479999999996,Bs1_lower_model_5720_low_combo,5.72,5.36692,low,model lower 1+ partner diagnostic,legacy_chi_condensate,4.18,0.093,0.2303,0.14753936745002144,0.1678670136320244,0.7422577439050588,53.69422374619277
8.5,5.95,35.4025,35.3,0.43772176026178267,0.5465194776527577,0.1896870489046551,0.3475864994213648,0.0005917945728409314,0.008654134753896781,0.6989759459492296,0.04143073550996024,47.614864713179784,0.16728745736671544,0.22471315655866592,0.010148022729249749,0.06857951372041764,3.15,-0.034836479999999996,Bs1_lower_model_5720_low_combo,5.72,5.36692,low,model lower 1+ partner diagnostic,legacy_chi_condensate,4.18,0.093,0.2303,0.14753936745002144,0.1678670136320244,0.6989759459492296,47.614864713179784
9.0,5.95,35.4025,35.3,0.412334640316568,0.5213373419451449,0.18501514135663047,0.32854492554329867,0.0005425635503120893,0.007234711494903627,0.6637537175782662,0.03526304173570094,42.93703258982346,0.12118744686590657,0.22471315655866592,0.012102281462014678,0.06857951372041764,3.15,-0.034836479999999996,Bs1_lower_model_5720_low_combo,5.72,5.36692,low,model lower 1+ partner diagnostic,legacy_chi_condensate,4.18,0.093,0.2303,0.14753936745002144,0.1678670136320244,0.6637537175782662,42.93703258982346
9.5,5.95,35.4025,35.3,0.39147542256087586,0.5004069096332829,0.1810469537056988,0.31273922802404186,0.0005019966455625673,0.006118731257979726,0.6346179469731247,0.030333859918665385,39.25028307486018,0.08967542579094515,0.22471315655866592,0.014176735714504694,0.06857951372041764,3.15,-0.034836479999999996,Bs1_lower_model_5720_low_combo,5.72,5.36692,low,model lower 1+ partner diagnostic,legacy_chi_condensate,4.18,0.093,0.2303,0.14753936745002144,0.1678670136320244,0.6346179469731247,39.25028307486018
10.0,5.95,35.4025,35.3,0.374083736527494,0.4827711804905355,0.17763927948066016,0.299436914794304,0.0004680863706244628,0.00522689984494689,0.6101748471159826,0.026330791738649273,36.2849639315333,0.06756875702517867,0.22471315655866592,0.01635447337955891,0.06857951372041764,3.15,-0.034836479999999996,Bs1_lower_model_5720_low_combo,5.72,5.36692,low,model lower 1+ partner diagnostic,legacy_chi_condensate,4.18,0.093,0.2303,0.14753936745002144,0.1678670136320244,0.6101748471159826,36.2849639315333
10.5,5.95,35.4025,35.3,0.3593971523140864,0.46773396394753375,0.1746845737269674,0.2881060244924365,0.0004393837757338952,0.004503981952395915,0.5894156547811955,0.023033888521088786,33.858009820055706,0.05170738978685928,0.22471315655866592,0.018619508947456034,0.06857951372041764,3.15,-0.034836479999999996,Bs1_lower_model_5720_low_combo,5.72,5.36692,low,model lower 1+ partner diagnostic,legacy_chi_condensate,4.18,0.093,0.2303,0.14753936745002144,0.1678670136320244,0.5894156547811955,33.858009820055706
11.0,5.95,35.4025,35.3,0.3468554506737682,0.45477810530809515,0.17210064591833713,0.2783520317262272,0.0004148206798920847,0.003910606983638768,0.571594573618184,0.020284776064089682,31.84155643067389,0.04010130712781015,0.22471315655866592,0.020956994236787423,0.06857951372041764,3.15,-0.034836479999999996,Bs1_lower_model_5720_low_combo,5.72,5.36692,low,model lower 1+ partner diagnostic,legacy_chi_condensate,4.18,0.093,0.2303,0.14753936745002144,0.1678670136320244,0.571594573618184,31.84155643067389
11.5,5.95,35.4025,35.3,0.3360390370319119,0.4435122962093088,0.16982369881026974,0.2698768663309858,0.0003935947254973725,0.00341813634255587,0.5561497762385649,0.017967127983697595,30.144051795733446,0.031461209628953435,0.22471315655866592,0.023353322297001065,0.06857951372041764,3.15,-0.034836479999999996,Bs1_lower_model_5720_low_combo,5.72,5.36692,low,model lower 1+ partner diagnostic,legacy_chi_condensate,4.18,0.093,0.2303,0.14753936745002144,0.1678670136320244,0.5561497762385649,30.144051795733446
12.0,5.95,35.4025,35.3,0.3266282493339973,0.43363556310120155,0.1678035201014226,0.2624515920097025,0.00037509309398435926,0.0030053578960920584,0.5426509076591548,0.015993975921686332,28.698497582072044,0.02493049889465195,0.22471315655866592,0.025796156576433155,0.06857951372041764,3.15,-0.034836479999999996,Bs1_lower_model_5720_low_combo,5.72,5.36692,low,model lower 1+ partner diagnostic,legacy_chi_condensate,4.18,0.093,0.2303,0.14753936745002144,0.1678670136320244,0.5426509076591548,28.698497582072044
12.5,5.95,35.4025,35.3,0.31837582441042256,0.4249130015511824,0.16600009371774585,0.25589776332396935,0.0003588406896736309,0.002656303819793562,0.5307633706346562,0.014299260428075583,27.45490722976166,0.019927152550321407,0.22471315655866592,0.02827440963970143,0.06857951372041764,3.15,-0.034836479999999996,Bs1_lower_model_5720_low_combo,5.72,5.36692,low,model lower 1+ partner diagnostic,legacy_chi_condensate,4.18,0.093,0.2303,0.14753936745002144,0.1678670136320244,0.5307633706346562,27.45490722976166
13.0,5.95,35.4025,35.3,0.3110878668603632,0.4171588469559241,0.1643811680828082,0.250074436950645,0.00034446420276415654,0.0023587777197066483,0.520223511753688,0.01283208167008204,26.37533877634073,0.01604768251546725,0.22471315655866592,0.030778189357029025,0.06857951372041764,3.15,-0.034836479999999996,Bs1_lower_model_5720_low_combo,5.72,5.36692,low,model lower 1+ partner diagnostic,legacy_chi_condensate,4.18,0.093,0.2303,0.14753936745002144,0.1678670136320244,0.520223511753688,26.37533877634073
13.5,5.95,35.4025,35.3,0.3046104401461853,0.41022444069524255,0.1629204824294566,0.24486895115036897,0.0003316667126232206,0.002103340402793742,0.5108210517262854,0.01155270976995959,25.430544994913376,0.013007259951534747,0.22471315655866592,0.033298725510205046,0.06857951372041764,3.15,-0.034836479999999996,Bs1_lower_model_5720_low_combo,5.72,5.36692,low,model lower 1+ partner diagnostic,legacy_chi_condensate,4.18,0.093,0.2303,0.14753936745002144,0.1678670136320244,0.5108210517262854,25.430544994913376
14.0,5.95,35.4025,35.3,0.29881995358296454,0.40398953023735,0.16159645379174628,0.24019026830956647,0.00032020943176556564,0.001882598704271716,0.5023864301213681,0.010429766566302678,24.597665661684815,0.010601498847245925,0.22471315655866592,0.0358282859706817,0.06857951372041764,3.15,-0.034836479999999996,Bs1_lower_model_5720_low_combo,5.72,5.36692,low,model lower 1+ partner diagnostic,legacy_chi_condensate,4.18,0.093,0.2303,0.14753936745002144,0.1678670136320244,0.5023864301213681,24.597665661684815
8.0,6.05,36.6025,35.3,0.48098617435455704,0.5896989309365931,0.20215486242862984,0.3762237718506635,0.0006525388711631383,0.010667757786136586,0.7592169924412728,0.05178887386709152,56.175886300376675,0.26139123985740226,0.22471315655866592,0.008625756399383675,0.06857951372041764,3.15,-0.034836479999999996,Bs1_lower_model_5720_low_combo,5.72,5.36692,low,model lower 1+ partner diagnostic,legacy_chi_condensate,4.18,0.093,0.2303,0.14753936745002144,0.1678670136320244,0.7592169924412728,56.175886300376675
8.5,6.05,36.6025,35.3,0.44998282843639703,0.5593800362663277,0.1968548495867734,0.3531219522683297,0.0005917945728409314,0.008811439838383658,0.7165570829909802,0.04400588229311614,50.04027413438057,0.18872940001523472,0.22471315655866592,0.010531491208837042,0.06857951372041764,3.15,-0.034836479999999996,Bs1_lower_model_5720_low_combo,5.72,5.36692,low,model lower 1+ partner diagnostic,legacy_chi_condensate,4.18,0.093,0.2303,0.14753936745002144,0.1678670136320244,0.7165570829909802,50.04027413438057
9.0,6.05,36.6025,35.3,0.42498682827287027,0.5346246522366104,0.19243197177725282,0.3342727805395607,0.0005425635503120893,0.007377336369484714,0.6819091542538724,0.03791079436412592,45.31804173079066,0.14006959171276392,0.22471315655866592,0.012587434021141632,0.06857951372041764,3.15,-0.034836479999999996,Bs1_lower_model_5720_low_combo,5.72,5.36692,low,model lower 1+ partner diagnostic,legacy_chi_condensate,4.18,0.093,0.2303,0.14753936745002144,0.1678670136320244,0.6819091542538724,45.31804173079066
9.5,6.05,36.6025,35.3,0.4044898732979688,0.5140892141600234,0.1886939583566493,0.31864491976893006,0.0005019966455625673,0.006248339388881518,0.6533050896019142,0.03304901838953944,41.59586661503415,0.10644744044995327,0.22471315655866592,0.014775528247188446,0.06857951372041764,3.15,-0.034836479999999996,Bs1_lower_model_5720_low_combo,5.72,5.36692,low,model lower 1+ partner diagnostic,legacy_chi_condensate,4.18,0.093,0.2303,0.14753936745002144,0.1678670136320244,0.6533050896019142,41.59586661503415
10.0,6.05,36.6025,35.3,0.3874345433182176,0.49681998663843185,0.18549956968149817,0.30550739686779055,0.0004680863706244628,0.00534493371851867,0.6293554714047207,0.029108677272408456,38.602027698918604,0.08257774818679314,0.22471315655866592,0.017078136002043304,0.06857951372041764,3.15,-0.034836479999999996,Bs1_lower_model_5720_low_combo,5.72,5.36692,low,model lower 1+ partner diagnostic,legacy_chi_condensate,4.18,0.093,0.2303,0.14753936745002144,0.1678670136320244,0.6293554714047207,38.602027698918604
10.5,6.05,36.6025,35.3,0.37306099240964263,0.48212363868069225,0.18274298108940754,0.29432957911908436,0.0004393837757338952,0.004611694696466488,0.6090553634175271,0.02587027879096243,36.15194251053888,0.06522593472903794,0.22471315655866592,0.019478449063265676,0.06857951372041764,3.15,-0.034836479999999996,Bs1_lower_model_5720_low_combo,5.72,5.36692,low,model lower 1+ partner diagnostic,legacy_chi_condensate,4.18,0.093,0.2303,0.14753936745002144,0.1678670136320244,0.6090553634175271,36.15194251053888
11.0,6.05,36.6025,35.3,0.3608112692303021,0.46948552475195693,0.18034350915101707,0.2847181051642657,0.0004148206798920847,0.00400908975678205,0.5916623276368013,0.023175849727773423,34.11661457465302,0.05234671419380567,0.22471315655866592,0.02196074199345691,0.06857951372041764,3.15,-0.034836479999999996,Bs1_lower_model_5720_low_combo,5.72,5.36692,low,model lower 1+ partner diagnostic,legacy_chi_condensate,4.18,0.093,0.2303,0.14753936745002144,0.1678670136320244,0.5916623276368013,34.11661457465302
11.5,6.05,36.6025,35.3,0.350267774517065,0.4585165430877465,0.17823867976322214,0.27637592682716183,0.0003935947254973725,0.0035083417718651103,0.5766174905680479,0.020909417047876078,32.40363392555591,0.04260905903816081,0.22471315655866592,0.024510509213162727,0.06857951372041764,3.15,-0.034836479999999996,Bs1_lower_model_5720_low_combo,5.72,5.36692,low,model lower 1+ partner diagnostic,legacy_chi_condensate,4.18,0.093,0.2303,0.14753936745002144,0.1678670136320244,0.5766174905680479,32.40363392555591
12.0,6.05,36.6025,35.3,0.3411126062819812,0.44891766548665313,0.17637944511066428,0.26907500728253164,0.00037509309398435926,0.0030881199994728112,0.5634931019680602,0.018984324715032197,30.945343060682323,0.0351243584798234,0.22471315655866592,0.027114519291306094,0.06857951372041764,3.15,-0.034836479999999996,Bs1_lower_model_5720_low_combo,5.72,5.36692,low,model lower 1+ partner diagnostic,legacy_chi_condensate,4.18,0.093,0.2303,0.14753936745002144,0.1678670136320244,0.5634931019680602,30.945343060682323
12.5,6.05,36.6025,35.3,0.3331000581219453,0.44045570706265474,0.17472681667324672,0.2626376948166127,0.0003588406896736309,0.002732354883121658,0.5519568675675229,0.017334790161822988,29.691242790527788,0.0292856772255578,0.22471315655866592,0.02976081205147091,0.06857951372041764,3.15,-0.034836479999999996,Bs1_lower_model_5720_low_combo,5.72,5.36692,low,model lower 1+ partner diagnostic,legacy_chi_condensate,4.18,0.093,0.2303,0.14753936745002144,0.1678670136320244,0.5519568675675229,29.691242790527788
13.0,6.05,36.6025,35.3,0.3260376153718753,0.43294642727576443,0.17324945207171116,0.2569237484245523,0.00034446420276415654,0.002428762576736775,0.5417471756691127,0.015910159734185247,28.60298809986873,0.024669887752606343,0.22471315655866592,0.032438657688443145,0.06857951372041764,3.15,-0.034836479999999996,Bs1_lower_model_5720_low_combo,5.72,5.36692,low,model lower 1+ partner diagnostic,legacy_chi_condensate,4.18,0.093,0.2303,0.14753936745002144,0.1678670136320244,0.5417471756691127,28.60298809986873
13.5,6.05,36.6025,35.3,0.31977256946706933,0.42624252198526374,0.17192189723326978,0.25182112951972896,0.0003316667126232206,0.0021678285196417334,0.5326555620179929,0.014670923052956086,27.6510117219442,0.020976497385499907,0.22471315655866592,0.035138491979626436,0.06857951372041764,3.15,-0.034836479999999996,Bs1_lower_model_5720_low_combo,5.72,5.36692,low,model lower 1+ partner diagnostic,legacy_chi_condensate,4.18,0.093,0.2303,0.14753936745002144,0.1678670136320244,0.5326555620179929,27.6510117219442
14.0,6.05,36.6025,35.3,0.3141824247982685,0.42022494567988666,0.17072328691030128,0.2472393549204276,0.00032020943176556564,0.0019420944173922348,0.5245140840757258,0.013585898203133218,26.812197028668567,0.017988494016181897,0.22471315655866592,0.03785183772138837,0.06857951372041764,3.15,-0.034836479999999996,Bs1_lower_model_5720_low_combo,5.72,5.36692,low,model lower 1+ partner diagnostic,legacy_chi_condensate,4.18,0.093,0.2303,0.14753936745002144,0.1678670136320244,0.5245140840757258,26.812197028668567
8.0,6.15,37.822500000000005,35.3,0.49201712253033836,0.6003687806765892,0.20801721034301632,0.3808792824642925,0.0006525388711631383,0.010819748998117258,0.7742993754021451,0.054625991304289745,58.430003398824866,0.290814968440585,0.22471315655866592,0.008875897229193224,0.06857951372041764,3.15,-0.034836479999999996,Bs1_lower_model_5720_low_combo,5.72,5.36692,low,model lower 1+ partner diagnostic,legacy_chi_condensate,4.18,0.093,0.2303,0.14753936745002144,0.1678670136320244,0.7742993754021451,58.430003398824866
8.5,6.15,37.822500000000005,35.3,0.4615127220312787,0.5705461872236732,0.20300115536520869,0.3580030866185893,0.0005917945728409314,0.008950150667034359,0.7323328354459124,0.046963416399804225,52.26790674613721,0.2149500046445334,0.22471315655866592,0.01086031097328934,0.06857951372041764,3.15,-0.034836479999999996,Bs1_lower_model_5720_low_combo,5.72,5.36692,low,model lower 1+ partner diagnostic,legacy_chi_condensate,4.18,0.093,0.2303,0.14753936745002144,0.1678670136320244,0.7323328354459124,52.26790674613721
9.0,6.15,37.822500000000005,35.3,0.4369810356696954,0.5462525722191359,0.19884224688148439,0.33936366134358004,0.0005425635503120893,0.007504100443759351,0.6983300810387483,0.04098043566626869,47.526911579774215,0.16367081158119248,0.22471315655866592,0.013006745397451188,0.06857951372041764,3.15,-0.034836479999999996,Bs1_lower_model_5720_low_combo,5.72,5.36692,low,model lower 1+ partner diagnostic,legacy_chi_condensate,4.18,0.093,0.2303,0.14753936745002144,0.1678670136320244,0.6983300810387483,47.526911579774215
9.5,6.15,37.822500000000005,35.3,0.41691692267262515,0.5261475109348374,0.19535004170728035,0.32393112060068985,0.0005019966455625673,0.006364351981304566,0.6703273841019177,0.03622322178957332,43.791721353991846,0.12787694245116984,0.22471315655866592,0.015296727486525006,0.06857951372041764,3.15,-0.034836479999999996,Bs1_lower_model_5720_low_combo,5.72,5.36692,low,model lower 1+ partner diagnostic,legacy_chi_condensate,4.18,0.093,0.2303,0.14753936745002144,0.1678670136320244,0.6703273841019177,43.791721353991846
10.0,6.15,37.822500000000005,35.3,0.400265812536139,0.5092801061067638,0.19238495421118226,0.3109758046086783,0.0004680863706244628,0.005451260916278795,0.6469392900278093,0.032380583374087724,40.789196366399125,0.10218506636490846,0.22471315655866592,0.017712043313128773,0.06857951372041764,3.15,-0.034836479999999996,Bs1_lower_model_5720_low_combo,5.72,5.36692,low,model lower 1+ partner diagnostic,legacy_chi_condensate,4.18,0.093,0.2303,0.14753936745002144,0.1678670136320244,0.6469392900278093,40.789196366399125
10.5,6.15,37.822500000000005,35.3,0.3862704200435706,0.49495958085159963,0.18984264893650696,0.2999682632114299,0.0004393837757338952,0.0047092849279289145,0.6271644267993072,0.02923364217685004,38.33371657207872,0.08328829033719438,0.22471315655866592,0.020235197791459904,0.06857951372041764,3.15,-0.034836479999999996,Bs1_lower_model_5720_low_combo,5.72,5.36692,low,model lower 1+ partner diagnostic,legacy_chi_condensate,4.18,0.093,0.2303,0.14753936745002144,0.1678670136320244,0.6271644267993072,38.33371657207872
11.0,6.15,37.822500000000005,35.3,0.37437509061783786,0.48267358271497574,0.18764377937926438,0.29051619677066315,0.0004148206798920847,0.004098785885156082,0.6102635550851405,0.026624974382532585,36.29551500374019,0.0690870248756797,0.22471315655866592,0.022849708564639713,0.06857951372041764,3.15,-0.034836479999999996,Bs1_lower_model_5720_low_combo,5.72,5.36692,low,model lower 1+ partner diagnostic,legacy_chi_condensate,4.18,0.093,0.2303,0.14753936745002144,0.1678670136320244,0.6102635550851405,36.29551500374019
11.5,6.15,37.822500000000005,35.3,0.36416428366774384,0.47203506658342687,0.18572707001785993,0.28232350902777725,0.0003935947254973725,0.0035908928122922877,0.5956806695202894,0.024439098664251535,34.58160196200825,0.05820877545817377,0.22471315655866592,0.025540275920209052,0.06857951372041764,3.15,-0.034836479999999996,Bs1_lower_model_5720_low_combo,5.72,5.36692,low,model lower 1+ partner diagnostic,legacy_chi_condensate,4.18,0.093,0.2303,0.14753936745002144,0.1678670136320244,0.5956806695202894,34.58160196200825
12.0,6.15,37.822500000000005,35.3,0.35532194276321566,0.4627468486930118,0.18404454725073388,0.2751630163504472,0.00037509309398435926,0.003164191997846328,0.5829905916459869,0.022589799392674303,33.12387872946685,0.04973279210410665,0.22471315655866592,0.02829286271854813,0.06857951372041764,3.15,-0.034836479999999996,Bs1_lower_model_5720_low_combo,5.72,5.36692,low,model lower 1+ partner diagnostic,legacy_chi_condensate,4.18,0.093,0.2303,0.14753936745002144,0.1678670136320244,0.5829905916459869,33.12387872946685
12.5,6.15,37.822500000000005,35.3,0.3476040172092904,0.45457739918660284,0.18255818569589205,0.2688578320339871,0.0003588406896736309,0.002802540767050051,0.5718633346877847,0.021011688914970184,31.87150696929282,0.043026896149084295,0.22471315655866592,0.031094710911566983,0.06857951372041764,3.15,-0.034836479999999996,Bs1_lower_model_5720_low_combo,5.72,5.36692,low,model lower 1+ partner diagnostic,legacy_chi_condensate,4.18,0.093,0.2303,0.14753936745002144,0.1678670136320244,0.5718633346877847,31.87150696929282
13.0,6.15,37.822500000000005,35.3,0.34081947938994195,0.44734396406459964,0.18123750729745408,0.2632684016251383,0.00034446420276415654,0.0024935909392430344,0.5620393594724831,0.019654468205012376,30.785878711569808,0.03764789414673744,0.22471315655866592,0.03393431488080759,0.06857951372041764,3.15,-0.034836479999999996,Bs1_lower_model_5720_low_combo,5.72,5.36692,low,model lower 1+ partner diagnostic,legacy_chi_condensate,4.18,0.093,0.2303,0.14753936745002144,0.1678670136320244,0.5620393594724831,30.785878711569808
13.5,6.15,37.822500000000005,35.3,0.3348169581635853,0.44090057611777966,0.18005783459093158,0.2582833034385988,0.0003316667126232206,0.002227771375626092,0.5533120657054399,0.01847894584885934,29.83722127584516,0.03327916946983643,0.22471315655866592,0.03680136665812678,0.06857951372041764,3.15,-0.034836479999999996,Bs1_lower_model_5720_low_combo,5.72,5.36692,low,model lower 1+ partner diagnostic,legacy_chi_condensate,4.18,0.093,0.2303,0.14753936745002144,0.1678670136320244,0.5533120657054399,29.83722127584516
14.0,6.15,37.822500000000005,35.3,0.3294751626604932,0.43512939401839335,0.17899900115131165,0.25381260942378786,0.00032020943176556564,0.001997574011528235,0.5455151897955737,0.0174542273181007,29.00225652947372,0.029690625648292293,0.22471315655866592,0.03968668402823045,0.06857951372041764,3.15,-0.034836479999999996,Bs1_lower_model_5720_low_combo,5.72,5.36692,low,model lower 1+ partner diagnostic,legacy_chi_condensate,4.18,0.093,0.2303,0.14753936745002144,0.1678670136320244,0.5455151897955737,29.00225652947372
8.0,5.95,35.4025,35.3,0.75996074262922,0.7640828430753961,0.1952571974925308,0.5576792544002913,0.0006525388711631383,0.010493852311410853,1.0627458395295966,0.17870143251319748,110.07201595812563,3.1122477494224237,0.22471315655866592,0.008331439573418798,0.06857951372041764,4.980468750000001,-0.055080000000000004,Bs1_lower_model_5720_low_combo,5.72,5.36692,low,model lower 1+ partner diagnostic,lattice_fperp_s,4.18,0.093,0.2303,0.14753936745002144,0.1678670136320244,1.0627458395295966,110.07201595812563
8.5,5.95,35.4025,35.3,0.7132480271829682,0.723483839294595,0.1896870489046551,0.5245508610632021,0.0005917945728409314,0.008654134753896781,1.0026181676480046,0.16403787337990394,97.96912594657383,2.6224447938019417,0.22471315655866592,0.010148022729249749,0.06857951372041764,4.980468750000001,-0.055080000000000004,Bs1_lower_model_5720_low_combo,5.72,5.36692,low,model lower 1+ partner diagnostic,lattice_fperp_s,4.18,0.093,0.2303,0.14753936745002144,0.1678670136320244,1.0026181676480046,97.96912594657383
9.0,5.95,35.4025,35.3,0.6752082059284144,0.6901751563968641,0.18501514135663047,0.49738273999501786,0.0005425635503120893,0.007234711494903627,0.9534520987169766,0.15223982170475853,88.59635441384233,2.2587836060045294,0.22471315655866592,0.012102281462014678,0.06857951372041764,4.980468750000001,-0.055080000000000004,Bs1_lower_model_5720_low_combo,5.72,5.36692,low,model lower 1+ partner diagnostic,lattice_fperp_s,4.18,0.093,0.2303,0.14753936745002144,0.1678670136320244,0.9534520987169766,88.59635441384233
9.5,5.95,35.4025,35.3,0.6437240810733822,0.6624205837830673,0.1810469537056988,0.47475290217382626,0.0005019966455625673,0.006118731257979726,0.912607207115725,0.14258263531617787,81.16819383432166,1.9813051504624426,0.22471315655866592,0.014176735714504694,0.06857951372041764,4.980468750000001,-0.055080000000000004,Bs1_lower_model_5720_low_combo,5.72,5.36692,low,model lower 1+ partner diagnostic,lattice_fperp_s,4.18,0.093,0.2303,0.14753936745002144,0.1678670136320244,0.912607207115725,81.16819383432166
10.0,5.95,35.4025,35.3,0.617298346168486,0.638982487013258,0.17763927948066016,0.45564822131702654,0.0004680863706244628,0.00522689984494689,0.8782081829072157,0.13455948263427142,75.16454840979594,1.7646017719447098,0.22471315655866592,0.01635447337955891,0.06857951372041764,4.980468750000001,-0.055080000000000004,Bs1_lower_model_5720_low_combo,5.72,5.36692,low,model lower 1+ partner diagnostic,lattice_fperp_s,4.18,0.093,0.2303,0.14753936745002144,0.1678670136320244,0.8782081829072157,75.16454840979594
10.5,5.95,35.4025,35.3,0.594846242627529,0.6189576510103292,0.1746845737269674,0.4393297115552319,0.0004393837757338952,0.004503981952395915,0.848891042295445,0.12780698111944633,70.22989115873388,1.5919420227239054,0.22471315655866592,0.018619508947456034,0.06857951372041764,4.980468750000001,-0.055080000000000004,Bs1_lower_model_5720_low_combo,5.72,5.36692,low,model lower 1+ partner diagnostic,lattice_fperp_s,4.18,0.093,0.2303,0.14753936745002144,0.1678670136320244,0.848891042295445,70.22989115873388
11.0,5.95,35.4025,35.3,0.5755651094291874,0.6016732061463489,0.17210064591833713,0.42524713256448093,0.0004148206798920847,0.003910606983638768,0.8236428072928672,0.1220588717848245,66.11437763127955,1.4519671688782052,0.22471315655866592,0.020956994236787423,0.06857951372041764,4.980468750000001,-0.055080000000000004,Bs1_lower_model_5720_low_combo,5.72,5.36692,low,model lower 1+ partner diagnostic,lattice_fperp_s,4.18,0.093,0.2303,0.14753936745002144,0.1678670136320244,0.8236428072928672,66.11437763127955
11.5,5.95,35.4025,35.3,0.5588498396481153,0.5866186936228107,0.16982369881026974,0.4129832637444878,0.0003935947254973725,0.00341813634255587,0.8016972076354554,0.11711627663126412,62.63813746288239,1.3367574319839288,0.22471315655866592,0.023353322297001065,0.06857951372041764,4.980468750000001,-0.055080000000000004,Bs1_lower_model_5720_low_combo,5.72,5.36692,low,model lower 1+ partner diagnostic,lattice_fperp_s,4.18,0.093,0.2303,0.14753936745002144,0.1678670136320244,0.8016972076354554,62.63813746288239
12.0,5.95,35.4025,35.3,0.544236632786832,0.573400562990154,0.1678035201014226,0.40221659189865505,0.00037509309398435926,0.0030053578960920584,0.7824650413540684,0.11282808676633138,59.66889297665029,1.240659317191817,0.22471315655866592,0.025796156576433155,0.06857951372041764,4.980468750000001,-0.055080000000000004,Bs1_lower_model_5720_low_combo,5.72,5.36692,low,model lower 1+ partner diagnostic,lattice_fperp_s,4.18,0.093,0.2303,0.14753936745002144,0.1678670136320244,0.7824650413540684,59.66889297665029
12.5,5.95,35.4025,35.3,0.5313646886828982,0.561710987543495,0.16600009371774585,0.39269574931628204,0.0003588406896736309,0.002656303819793562,0.7654865883788754,0.10907771962335838,57.10751544497525,1.1595519050098888,0.22471315655866592,0.02827440963970143,0.06857951372041764,4.980468750000001,-0.055080000000000004,Bs1_lower_model_5720_low_combo,5.72,5.36692,low,model lower 1+ partner diagnostic,lattice_fperp_s,4.18,0.093,0.2303,0.14753936745002144,0.1678670136320244,0.7654865883788754,57.10751544497525
13.0,5.95,35.4025,35.3,0.5199495689238562,0.5513060489272931,0.1643811680828082,0.3842216389220141,0.00034446420276415654,0.0023587777197066483,0.7503984128657031,0.10577398440335212,54.878458943672484,1.090374840434927,0.22471315655866592,0.030778189357029025,0.06857951372041764,4.980468750000001,-0.055080000000000004,Bs1_lower_model_5720_low_combo,5.72,5.36692,low,model lower 1+ partner diagnostic,lattice_fperp_s,4.18,0.093,0.2303,0.14753936745002144,0.1678670136320244,0.7503984128657031,54.878458943672484
13.5,5.95,35.4025,35.3,0.5097643199648829,0.5419901913299979,0.1629204824294566,0.3766347017851244,0.0003316667126232206,0.002103340402793742,0.7369097675295297,0.1028446592038772,52.92327601767492,1.0308170196308208,0.22471315655866592,0.033298725510205046,0.06857951372041764,4.980468750000001,-0.055080000000000004,Bs1_lower_model_5720_low_combo,5.72,5.36692,low,model lower 1+ partner diagnostic,lattice_fperp_s,4.18,0.093,0.2303,0.14753936745002144,0.1678670136320244,0.7369097675295297,52.92327601767492
14.0,5.95,35.4025,35.3,0.5006258665995087,0.5336049566414556,0.16159645379174628,0.369805694713672,0.00032020943176556564,0.001882598704271716,0.7247855373463117,0.10023189569421992,51.19612974897615,0.9791066094309407,0.22471315655866592,0.0358282859706817,0.06857951372041764,4.980468750000001,-0.055080000000000004,Bs1_lower_model_5720_low_combo,5.72,5.36692,low,model lower 1+ partner diagnostic,lattice_fperp_s,4.18,0.093,0.2303,0.14753936745002144,0.1678670136320244,0.7247855373463117,51.19612974897615
8.0,6.05,36.6025,35.3,0.776617838959187,0.7795765400388758,0.20215486242862984,0.5661013809529462,0.0006525388711631383,0.010667757786136586,1.0850162581451652,0.1833427640494356,114.73359065982264,3.2760131967135244,0.22471315655866592,0.008625756399383675,0.06857951372041764,4.980468750000001,-0.055080000000000004,Bs1_lower_model_5720_low_combo,5.72,5.36692,low,model lower 1+ partner diagnostic,lattice_fperp_s,4.18,0.093,0.2303,0.14753936745002144,0.1678670136320244,1.0850162581451652,114.73359065982264
8.5,6.05,36.6025,35.3,0.7305173005599428,0.739561056147361,0.1968548495867734,0.5333029721493631,0.0005917945728409314,0.008811439838383658,1.025718569953865,0.16884163419898568,102.53556529676798,2.778287517421162,0.22471315655866592,0.010531491208837042,0.06857951372041764,4.980468750000001,-0.055080000000000004,Bs1_lower_model_5720_low_combo,5.72,5.36692,low,model lower 1+ partner diagnostic,lattice_fperp_s,4.18,0.093,0.2303,0.14753936745002144,0.1678670136320244,1.025718569953865,102.53556529676798
9.0,6.05,36.6025,35.3,0.6930426750789953,0.7067909300455323,0.19243197177725282,0.5064390583484827,0.0005425635503120893,0.007377336369484714,0.9773186401554137,0.15719365088975917,93.08730514877232,2.4081752863894748,0.22471315655866592,0.012587434021141632,0.06857951372041764,4.980468750000001,-0.055080000000000004,Bs1_lower_model_5720_low_combo,5.72,5.36692,low,model lower 1+ partner diagnostic,lattice_fperp_s,4.18,0.093,0.2303,0.14753936745002144,0.1678670136320244,0.9773186401554137,93.08730514877232
9.5,6.05,36.6025,35.3,0.6620817109392614,0.6795346928133478,0.1886939583566493,0.4840903984222544,0.0005019966455625673,0.006248339388881518,0.9371827711996759,0.1476754687268219,85.59860477551969,2.1253712898227035,0.22471315655866592,0.014775528247188446,0.06857951372041764,4.980468750000001,-0.055080000000000004,Bs1_lower_model_5720_low_combo,5.72,5.36692,low,model lower 1+ partner diagnostic,lattice_fperp_s,4.18,0.093,0.2303,0.14753936745002144,0.1678670136320244,0.9371827711996759,85.59860477551969
10.0,6.05,36.6025,35.3,0.6361414262639924,0.6565588575208218,0.18549956968149817,0.4652462677501805,0.0004680863706244628,0.00534493371851867,0.9034415370756722,0.13978138890632036,79.54597360191309,1.904218572040105,0.22471315655866592,0.017078136002043304,0.06857951372041764,4.980468750000001,-0.055080000000000004,Bs1_lower_model_5720_low_combo,5.72,5.36692,low,model lower 1+ partner diagnostic,lattice_fperp_s,4.18,0.093,0.2303,0.14753936745002144,0.1678670136320244,0.9034415370756722,79.54597360191309
10.5,6.05,36.6025,35.3,0.6141408485375641,0.6369638407460265,0.18274298108940754,0.4491697811844186,0.0004393837757338952,0.004611694696466488,0.8747361057274521,0.13314902026354009,74.57138332714885,1.7278022850424912,0.22471315655866592,0.019478449063265676,0.06857951372041764,4.980468750000001,-0.055080000000000004,Bs1_lower_model_5720_low_combo,5.72,5.36692,low,model lower 1+ partner diagnostic,lattice_fperp_s,4.18,0.093,0.2303,0.14753936745002144,0.1678670136320244,0.8747361057274521,74.57138332714885
11.0,6.05,36.6025,35.3,0.5952806378039472,0.6200799584437137,0.18034350915101707,0.4353125388560225,0.0004148206798920847,0.00400908975678205,0.8500580181441453,0.12751297344458717,70.4231148255421,1.584626227853353,0.22471315655866592,0.02196074199345691,0.06857951372041764,4.980468750000001,-0.055080000000000004,Bs1_lower_model_5720_low_combo,5.72,5.36692,low,model lower 1+ partner diagnostic,lattice_fperp_s,4.18,0.093,0.2303,0.14753936745002144,0.1678670136320244,0.8500580181441453,70.4231148255421
11.5,6.05,36.6025,35.3,0.5789586070941863,0.6053995522925533,0.17823867976322214,0.4232589360319686,0.0003935947254973725,0.0035083417718651103,0.8286449769554822,0.1226751352594031,66.91987143453034,1.4666658660642986,0.22471315655866592,0.024510509213162727,0.06857951372041764,4.980468750000001,-0.055080000000000004,Bs1_lower_model_5720_low_combo,5.72,5.36692,low,model lower 1+ partner diagnostic,lattice_fperp_s,4.18,0.093,0.2303,0.14753936745002144,0.1678670136320244,0.8286449769554822,66.91987143453034
12.0,6.05,36.6025,35.3,0.564713529775142,0.5925315398756648,0.17637944511066428,0.4126888816715434,0.00037509309398435926,0.0030881199994728112,0.8099112817736989,0.11848507127149338,63.92827573407386,1.3681866923276045,0.22471315655866592,0.027114519291306094,0.06857951372041764,4.980468750000001,-0.055080000000000004,Bs1_lower_model_5720_low_combo,5.72,5.36692,low,model lower 1+ partner diagnostic,lattice_fperp_s,4.18,0.093,0.2303,0.14753936745002144,0.1678670136320244,0.8099112817736989,63.92827573407386
12.5,6.05,36.6025,35.3,0.5521868805738525,0.5811702752690703,0.17472681667324672,0.40335226302302835,0.0003588406896736309,0.002732354883121658,0.7934003069084672,0.11482679535613244,61.348340868779786,1.2850043051131304,0.22471315655866592,0.02976081205147091,0.06857951372041764,4.980468750000001,-0.055080000000000004,Bs1_lower_model_5720_low_combo,5.72,5.36692,low,model lower 1+ partner diagnostic,lattice_fperp_s,4.18,0.093,0.2303,0.14753936745002144,0.1678670136320244,0.7934003069084672,61.348340868779786
13.0,6.05,36.6025,35.3,0.541096237236612,0.5710737722985633,0.17324945207171116,0.39505109344735123,0.00034446420276415654,0.002428762576736775,0.7787513584941379,0.11160964565155662,59.103844105509104,1.2140080102409223,0.22471315655866592,0.032438657688443145,0.06857951372041764,4.980468750000001,-0.055080000000000004,Bs1_lower_model_5720_low_combo,5.72,5.36692,low,model lower 1+ partner diagnostic,lattice_fperp_s,4.18,0.093,0.2303,0.14753936745002144,0.1678670136320244,0.7787513584941379,59.103844105509104
13.5,6.05,36.6025,35.3,0.5312164379894472,0.562048191746857,0.17192189723326978,0.3876267992813224,0.0003316667126232206,0.0021678285196417334,0.7656761256112414,0.10876187063979065,57.13579899852093,1.1528463552628396,0.22471315655866592,0.035138491979626436,0.06857951372041764,4.980468750000001,-0.055080000000000004,Bs1_lower_model_5720_low_combo,5.72,5.36692,low,model lower 1+ partner diagnostic,lattice_fperp_s,4.18,0.093,0.2303,0.14753936745002144,0.1678670136320244,0.7656761256112414,57.13579899852093
14.0,6.05,36.6025,35.3,0.5223660043242035,0.5539366047053333,0.17072328691030128,0.3809510139458742,0.00032020943176556564,0.0019420944173922348,0.7539416639388852,0.1062260414548693,55.39793561215692,1.0997148485954318,0.22471315655866592,0.03785183772138837,0.06857951372041764,4.980468750000001,-0.055080000000000004,Bs1_lower_model_5720_low_combo,5.72,5.36692,low,model lower 1+ partner diagnostic,lattice_fperp_s,4.18,0.093,0.2303,0.14753936745002144,0.1678670136320244,0.7539416639388852,55.39793561215692
8.0,6.15,37.822500000000005,35.3,0.7918608639278548,0.7929517125387261,0.20801721034301632,0.5734622143264294,0.0006525388711631383,0.010819748998117258,1.1047405373929122,0.18805422430641267,118.94294144361501,3.4465475990409034,0.22471315655866592,0.008875897229193224,0.06857951372041764,4.980468750000001,-0.055080000000000004,Bs1_lower_model_5720_low_combo,5.72,5.36692,low,model lower 1+ partner diagnostic,lattice_fperp_s,4.18,0.093,0.2303,0.14753936745002144,0.1678670136320244,1.1047405373929122,118.94294144361501
8.5,6.15,37.822500000000005,35.3,0.746463404196211,0.7535636400865168,0.20300115536520869,0.5410205394814328,0.0005917945728409314,0.008950150667034359,1.0463611826302899,0.1737643489015469,106.70415570182307,2.9426556812100064,0.22471315655866592,0.01086031097328934,0.06857951372041764,4.980468750000001,-0.055080000000000004,Bs1_lower_model_5720_low_combo,5.72,5.36692,low,model lower 1+ partner diagnostic,lattice_fperp_s,4.18,0.093,0.2303,0.14753936745002144,0.1678670136320244,1.0463611826302899,106.70415570182307
9.0,6.15,37.822500000000005,35.3,0.7096428607818708,0.7213771669238458,0.19884224688148439,0.5144882560482898,0.0005425635503120893,0.007504100443759351,0.9988155602442075,0.16231291825298982,97.22740456713113,2.5675816656886203,0.22471315655866592,0.013006745397451188,0.06857951372041764,4.980468750000001,-0.055080000000000004,Bs1_lower_model_5720_low_combo,5.72,5.36692,low,model lower 1+ partner diagnostic,lattice_fperp_s,4.18,0.093,0.2303,0.14753936745002144,0.1678670136320244,0.9988155602442075,97.22740456713113
9.5,6.15,37.822500000000005,35.3,0.6792914545646431,0.6946648071845936,0.19535004170728035,0.492448416850446,0.0005019966455625673,0.006364351981304566,0.9594758078478739,0.1529779354679196,89.7193568265815,2.2807395034644293,0.22471315655866592,0.015296727486525006,0.06857951372041764,4.980468750000001,-0.055080000000000004,Bs1_lower_model_5720_low_combo,5.72,5.36692,low,model lower 1+ partner diagnostic,lattice_fperp_s,4.18,0.093,0.2303,0.14753936745002144,0.1678670136320244,0.9594758078478739,89.7193568265815
10.0,6.15,37.822500000000005,35.3,0.6539202415732074,0.6721966752373929,0.19238495421118226,0.47389237373930737,0.0004680863706244628,0.005451260916278795,0.9264777719199235,0.14525491619102315,83.65426774886124,2.0562682696156176,0.22471315655866592,0.017712043313128773,0.06857951372041764,4.980468750000001,-0.055080000000000004,Bs1_lower_model_5720_low_combo,5.72,5.36692,low,model lower 1+ partner diagnostic,lattice_fperp_s,4.18,0.093,0.2303,0.14753936745002144,0.1678670136320244,0.9264777719199235,83.65426774886124
10.5,6.15,37.822500000000005,35.3,0.6324518799221652,0.6530764289557149,0.18984264893650696,0.4580851113155452,0.0004393837757338952,0.0047092849279289145,0.8984673637347785,0.13878255934413036,78.67245563972763,1.8771020247499886,0.22471315655866592,0.020235197791459904,0.06857951372041764,4.980468750000001,-0.055080000000000004,Bs1_lower_model_5720_low_combo,5.72,5.36692,low,model lower 1+ partner diagnostic,lattice_fperp_s,4.18,0.093,0.2303,0.14753936745002144,0.1678670136320244,0.8984673637347785,78.67245563972763
11.0,6.15,37.822500000000005,35.3,0.6140902870125694,0.6366372943417,0.18764377937926438,0.4444799083973875,0.0004148206798920847,0.004098785885156082,0.874440381569257,0.1332964524318352,74.52097079305008,1.731630697245052,0.22471315655866592,0.022849708564639713,0.06857951372041764,4.980468750000001,-0.055080000000000004,Bs1_lower_model_5720_low_combo,5.72,5.36692,low,model lower 1+ partner diagnostic,lattice_fperp_s,4.18,0.093,0.2303,0.14753936745002144,0.1678670136320244,0.874440381569257,74.52097079305008
11.5,6.15,37.822500000000005,35.3,0.5982361957955505,0.6223742228854663,0.18572707001785993,0.4326626653298166,0.0003935947254973725,0.0035908928122922877,0.8536383453163994,0.12859935722117777,71.01758901666568,1.6117426167298698,0.22471315655866592,0.025540275920209052,0.06857951372041764,4.980468750000001,-0.055080000000000004,Bs1_lower_model_5720_low_combo,5.72,5.36692,low,model lower 1+ partner diagnostic,lattice_fperp_s,4.18,0.093,0.2303,0.14753936745002144,0.1678670136320244,0.8536383453163994,71.01758901666568
12.0,6.15,37.822500000000005,35.3,0.5844309971227911,0.6098984723990192,0.18404454725073388,0.42231464005645464,0.00037509309398435926,0.003164191997846328,0.835478977070766,0.12454162318431378,68.02822608420595,1.511635689862824,0.22471315655866592,0.02829286271854813,0.06857951372041764,4.980468750000001,-0.055080000000000004,Bs1_lower_model_5720_low_combo,5.72,5.36692,low,model lower 1+ partner diagnostic,lattice_fperp_s,4.18,0.093,0.2303,0.14753936745002144,0.1678670136320244,0.835478977070766,68.02822608420595
12.5,6.15,37.822500000000005,35.3,0.5723185135720192,0.5989064965349601,0.18255818569589205,0.41318692938234436,0.0003588406896736309,0.002802540767050051,0.8195087214088201,0.12100796710938722,65.45235139104115,1.4270724554747154,0.22471315655866592,0.031094710911566983,0.06857951372041764,4.980468750000001,-0.055080000000000004,Bs1_lower_model_5720_low_combo,5.72,5.36692,low,model lower 1+ partner diagnostic,lattice_fperp_s,4.18,0.093,0.2303,0.14753936745002144,0.1678670136320244,0.8195087214088201,65.45235139104115
13.0,6.15,37.822500000000005,35.3,0.5616184310966656,0.5891581946154175,0.18123750729745408,0.4050826321759563,0.00034446420276415654,0.0024935909392430344,0.8053696415329155,0.1179083581732932,63.2133204389575,1.354900109170454,0.22471315655866592,0.03393431488080759,0.06857951372041764,4.980468750000001,-0.055080000000000004,Bs1_lower_model_5720_low_combo,5.72,5.36692,low,model lower 1+ partner diagnostic,lattice_fperp_s,4.18,0.093,0.2303,0.14753936745002144,0.1678670136320244,0.8053696415329155,63.2133204389575
13.5,6.15,37.822500000000005,35.3,0.5521074834878156,0.5804614228366926,0.18005783459093158,0.3978441501575117,0.0003316667126232206,0.002227771375626092,0.7927759055810637,0.11517161219228716,61.25181730596397,1.2927334488792612,0.22471315655866592,0.03680136665812678,0.06857951372041764,4.980468750000001,-0.055080000000000004,Bs1_lower_model_5720_low_combo,5.72,5.36692,low,model lower 1+ partner diagnostic,lattice_fperp_s,4.18,0.093,0.2303,0.14753936745002144,0.1678670136320244,0.7927759055810637,61.25181730596397
14.0,6.15,37.822500000000005,35.3,0.5436058992321643,0.5726607790610456,0.17899900115131165,0.39134399446644014,0.00032020943176556564,0.001997574011528235,0.7814968016874665,0.11274081118687379,59.521313108658376,1.2387406923981197,0.22471315655866592,0.03968668402823045,0.06857951372041764,4.980468750000001,-0.055080000000000004,Bs1_lower_model_5720_low_combo,5.72,5.36692,low,model lower 1+ partner diagnostic,lattice_fperp_s,4.18,0.093,0.2303,0.14753936745002144,0.1678670136320244,0.7814968016874665,59.521313108658376
