key,value
convolution.z,0.5`17.
convolution.J_g_sigma,-0.15625000000000008
convolution.J_g_xgamma,0.22657985001580294
convolution.J_g_axial,0.07032985001580289
convolution.J_em_axial,0.
convolution.J_em_tensor_base,1.5624999999999944
convolution.L_T4gamma,0.11118345832016344
convolution.Lprime_T4gamma,0.4098669166401059
convolution.J_g_closure,2.7755575615628914*^-17
Ds.ordinary_local_transition_condensate,0
Ds.M2,3.75`17.
Ds.s0,8.`17.
Ds.a0,0.5`17.
Ds.E_Q,0.65043971078708843477766613579940581224`17.
Ds.E_0,0.11844182901380369773302451280921557261`17.
Ds.Delta_E_Q,0.53199788177328473704464162299019023962`17.
Ds.T_A_pert,-0.08866170062479687308043536018302333556`17.
Ds.T_A_tw2,0.05494208124013597824369331085112522229`17.
Ds.T_A_tw3,0
Ds.T_A_tw4,0.00559910829940396011417473240470639517`17.
Ds.T_A_3p_g,0.000168635574573385
Ds.T_A_3p_gamma,-0.0032152534763984554
Ds.T_A,-0.031167128987082002
Ds.T_B_pert,-0.11226165290197121952667979379588382216`17.
Ds.T_B_tw2,0.05119328185984790349976825759664530596`17.
Ds.T_B_tw3,-0.00522532962187057834903209605270871151`17.
Ds.T_B_tw4,0.00521707082923186306328945427577325252`17.
Ds.T_B_3p_g,-0.00034908999063460843
Ds.T_B_3p_gamma,-0.008706319680500275
Ds.T_B,-0.07013203950589691
Ds.bar_psi_V,0
Ds.bar_psi_V_prime,8.984375`17.
Ds.z,0.5`17.
Ds.J_g_sigma,-0.15625000000000008
Ds.J_g_xgamma,0.22657985001580294
Ds.J_g_axial,0.07032985001580289
Ds.J_em_axial,0.
Ds.J_em_tensor_base,1.5624999999999944
Ds.L_T4gamma,0.11118345832016344
Ds.Lprime_T4gamma,0.4098669166401059
Ds.J_g_closure,2.7755575615628914*^-17
Ds.N_1,5.36550630399262878343784741100425105673`17.
Ds.N_2,13.1573801595082422762957471147634071627`17.
Ds.g_1,-0.4113423852549209
Ds.g_2,0.046498676247437865
Ds.g_1_A,-0.07487760020090845
Ds.g_1_B,-0.33646478505401245
Ds.g_2_A,-0.3666727706180409
Ds.g_2_B,0.41317144686547874
Ds.Gamma_1_keV,35.566544571260145
Ds.Gamma_2_keV,0.6709363817478874
Bs_low.ordinary_local_transition_condensate,0
Bs_low.M2,12.`17.
Bs_low.s0,38.5`17.
Bs_low.a0,0.5`17.
Bs_low.E_Q,0.23315930809207105038366843256662126804`17.
Bs_low.E_0,0.04042393037615530772798975460117481271`17.
Bs_low.Delta_E_Q,0.19273537771591574265567867796544645533`17.
Bs_low.T_A_pert,-0.00790337453767726861675358476204067311`17.
Bs_low.T_A_tw2,0.06369518762755583118435903202944104091`17.
Bs_low.T_A_tw3,0
Bs_low.T_A_tw4,0.00344691364492110520092348229033163344`17.
Bs_low.T_A_3p_g,0.000060449805316560314
Bs_low.T_A_3p_gamma,0.0005824206396841959
Bs_low.T_A,0.059881597179800426
Bs_low.T_B_pert,0.02887986191207858817930840168952346541`17.
Bs_low.T_B_tw2,0.06230888937121071237962020823710285362`17.
Bs_low.T_B_tw3,-0.00191193156299902491422760716417382747`17.
Bs_low.T_B_tw4,0.00337189305775104603809598751713138876`17.
Bs_low.T_B_3p_g,-0.00013137678514091222
Bs_low.T_B_3p_gamma,0.0016557382204705085
Bs_low.T_B,0.09417307421337093
Bs_low.bar_psi_V,0
Bs_low.bar_psi_V_prime,8.984375`17.
Bs_low.z,0.5`17.
Bs_low.J_g_sigma,-0.15625000000000008
Bs_low.J_g_xgamma,0.22657985001580294
Bs_low.J_g_axial,0.07032985001580289
Bs_low.J_em_axial,0.
Bs_low.J_em_tensor_base,1.5624999999999944
Bs_low.L_T4gamma,0.11118345832016344
Bs_low.Lprime_T4gamma,0.4098669166401059
Bs_low.J_g_closure,2.7755575615628914*^-17
Bs_low.N_1,2.7413076966908037
Bs_low.N_2,17.006604749564545
Bs_low.g_1,0.30422426096554767
Bs_low.g_2,-0.20000261527899754
Bs_low.g_1_A,0.10218819497725826
Bs_low.g_1_B,0.20203606598828944
Bs_low.g_2_A,0.7969945726074563
Bs_low.g_2_B,-0.9969971878864539
Bs_low.Gamma_1_keV,11.43299774463704
Bs_low.Gamma_2_keV,8.487115868040465
Bs_low.f1,0.5381107384097992
Bs_low.f2,0.08887865462574006
Bs_low.two_point_M2,7.`17.
Bs_low.two_point_s01,44.35000000000000142108547152020037174225`17.
Bs_low.two_point_s02,43.02499999999999857891452847979962825775`17.
Bs_high.ordinary_local_transition_condensate,0
Bs_high.M2,12.`17.
Bs_high.s0,39.5`17.
Bs_high.a0,0.5`17.
Bs_high.E_Q,0.23315930809207105038366843256662126804`17.
Bs_high.E_0,0.0371918113599463288285168434403442868`17.
Bs_high.Delta_E_Q,0.19596749673212472155515158912627698124`17.
Bs_high.T_A_pert,-0.00748382737324593092934285769283988938`17.
Bs_high.T_A_tw2,0.06476333832003257447322662124567364044`17.
Bs_high.T_A_tw3,0
Bs_high.T_A_tw4,0.00344691364492110520092348229033163344`17.
Bs_high.T_A_3p_g,0.000060449805316560314
Bs_high.T_A_3p_gamma,0.0005921876728426363
Bs_high.T_A,0.061379062069866944
Bs_high.T_B_pert,0.02966279618288027093298959371637007908`17.
Bs_high.T_B_tw2,0.06335379222507282025267313005036376541`17.
Bs_high.T_B_tw3,-0.00191193156299902491422760716417382747`17.
Bs_high.T_B_tw4,0.00337189305775104603809598751713138876`17.
Bs_high.T_B_3p_g,-0.00013137678514091222
Bs_high.T_B_3p_gamma,0.0016835044928158727
Bs_high.T_B,0.09602867761038007
Bs_high.bar_psi_V,0
Bs_high.bar_psi_V_prime,8.984375`17.
Bs_high.z,0.5`17.
Bs_high.J_g_sigma,-0.15625000000000008
Bs_high.J_g_xgamma,0.22657985001580294
Bs_high.J_g_axial,0.07032985001580289
Bs_high.J_em_axial,0.
Bs_high.J_em_tensor_base,1.5624999999999944
Bs_high.L_T4gamma,0.11118345832016344
Bs_high.Lprime_T4gamma,0.4098669166401059
Bs_high.J_g_closure,2.7755575615628914*^-17
Bs_high.N_1,2.7413076966908037
Bs_high.N_2,17.006604749564545
Bs_high.g_1,0.3107606464586468
Bs_high.g_2,-0.19971710902543627
Bs_high.g_1_A,0.10474362504867483
Bs_high.g_1_B,0.206017021409972
Bs_high.g_2_A,0.8169250929385977
Bs_high.g_2_B,-1.016642201964034
Bs_high.Gamma_1_keV,11.929560958743405
Bs_high.Gamma_2_keV,8.462902233322165
Bs_high.f1,0.5381107384097992
Bs_high.f2,0.08887865462574006
Bs_high.two_point_M2,7.`17.
Bs_high.two_point_s01,44.35000000000000142108547152020037174225`17.
Bs_high.two_point_s02,43.02499999999999857891452847979962825775`17.
