sector,state,scenario,ensemble,window_id,n,g_median_GeV_inv,g_p16_GeV_inv,g_p84_GeV_inv,Gamma_median_keV,Gamma_p16_keV,Gamma_p84_keV,f1_median_GeV,f1_p16_GeV,f1_p84_GeV,f2_median_GeV,f2_p16_GeV,f2_p84_GeV
Bs,B_{s1}(5750),lattice_fperp_s,theta_hqet_35p3,central_10_14,500,0.30754593337891944,0.2862144345759758,0.33437410520229166,11.448383961277322,9.258772621516124,14.39849463964552,0.5350586955894381,0.5124291439867984,0.5575139453676767,0.09786122821196697,0.09437381418345538,0.10127016008461509
Bs,B_{s1}(5750),lattice_fperp_s,theta_hqet_35p3,crosscheck_9_13,500,0.3257678624679512,0.30018475585641075,0.35301681669640544,12.768045981844178,10.264376791116932,15.848489105140892,0.5349378750440301,0.508712151706402,0.5553672304011762,0.09763517334073624,0.09395268869526194,0.10099375603680011
Bs,B_{s1}(5750),lattice_fperp_s,theta_prior_gaussian,central_10_14,500,0.3082350480524349,0.2877877709671139,0.33210935239687644,11.339325317828058,9.143895797671119,14.058550503889586,0.5360628458914114,0.5104187763684487,0.5583422369718899,0.08876752953357757,0.0844056536431021,0.09292984322553656
Bs,B_{s1}(5750),lattice_fperp_s,theta_prior_gaussian,crosscheck_9_13,500,0.3219372114372808,0.2983312662335243,0.35211189044040575,12.389158924340379,10.096994365881198,15.456123816375618,0.5331132377950205,0.5080201162245898,0.5566311709838577,0.08887784054538896,0.0849594736818799,0.0927432201117319
Bs,B_{s1}(5750),lattice_fperp_s,theta_sensitivity_25_45,central_10_14,500,0.31050218877950053,0.2851684377111591,0.3358334279206206,11.44458507149458,9.18691130941188,13.980597180626807,0.5323076778574374,0.5072870744676289,0.5524665470553637,0.10359377541142906,0.08997589955632769,0.14105897995065428
Bs,B_{s1}(5750),lattice_fperp_s,theta_sensitivity_25_45,crosscheck_9_13,500,0.3252080081915123,0.29919057053950243,0.3546517572295116,12.516424527103293,10.252474471630352,15.256651872053054,0.5318060088037875,0.502482676382099,0.5552275051229993,0.10315535483525079,0.09045978837153304,0.13983588341104664
Bs,B_{s1}(5750),legacy_chi_condensate,theta_hqet_35p3,central_10_14,500,0.22168337149827763,0.1897889700608318,0.2596512858605439,5.77854389938252,4.212379279755482,8.208791753470932,0.5323891440153263,0.5078883135311076,0.5569606903629324,0.09753058582175465,0.09427907029244023,0.10170362470019059
Bs,B_{s1}(5750),legacy_chi_condensate,theta_hqet_35p3,crosscheck_9_13,500,0.22833417835871464,0.19366111818299825,0.2652994498593816,6.255830839269419,4.308949462863715,8.863673892199147,0.5349994303594994,0.5080355370836868,0.558700727425805,0.09798065112122006,0.09374691103183305,0.10132969350510478
Bs,B_{s1}(5750),legacy_chi_condensate,theta_prior_gaussian,central_10_14,500,0.2156178833520876,0.18095497452051515,0.24861176043002328,5.43494361005979,3.948963501013731,7.588399708015684,0.5333453010957238,0.5082167135919983,0.5570673401381684,0.08882191258807637,0.08470595130351716,0.09266635894470522
Bs,B_{s1}(5750),legacy_chi_condensate,theta_prior_gaussian,crosscheck_9_13,500,0.22972393660493307,0.19575960439572584,0.2708369652507577,6.439988971384199,4.472744949637153,8.889078293952121,0.5367338192510926,0.5075845147911933,0.5570601629964209,0.0891624976715366,0.0847725756498621,0.09286618814795629
Bs,B_{s1}(5750),legacy_chi_condensate,theta_sensitivity_25_45,central_10_14,500,0.21893588507647724,0.18557219517165308,0.2564162918778984,5.806119494929826,3.9942183550990427,8.567711979627106,0.5308310619324743,0.5062224509859614,0.5545171713647167,0.10273928487269565,0.09035634117142008,0.138094516870371
Bs,B_{s1}(5750),legacy_chi_condensate,theta_sensitivity_25_45,crosscheck_9_13,500,0.22802151131052284,0.19622532133478046,0.2710868561179951,6.290364651275619,4.44669182243321,8.96819025468447,0.5314857765107264,0.5052843351968586,0.5532865631706934,0.10157447737141406,0.08935380520159135,0.14044137467680293
Bs,B_{s1}(5830),lattice_fperp_s,theta_hqet_35p3,central_10_14,500,-0.0862865343741166,-0.10402918942565091,-0.06387408603832062,1.579850060163663,0.8666085426919413,2.2985783974055054,0.5352045358582243,0.5086381314113209,0.5572908288887677,0.09753467989712292,0.0938834228596797,0.10135888026604374
Bs,B_{s1}(5830),lattice_fperp_s,theta_hqet_35p3,crosscheck_9_13,500,-0.08496776135837736,-0.1056412273251101,-0.05968167210544275,1.533057165743852,0.7568361867057792,2.36270099505112,0.5362810731924186,0.5056842648950176,0.5568952553035413,0.0973587669264456,0.0934164710020182,0.10159569491003623
Bs,B_{s1}(5830),lattice_fperp_s,theta_prior_gaussian,central_10_14,500,-0.20261516842826294,-0.2299050720392516,-0.17484022918342926,8.7019139091283,6.473568625061638,11.22524271887634,0.5352962317418016,0.5088603984524906,0.5598251099591477,0.08879764051738685,0.0844672866275828,0.09259257604372752
Bs,B_{s1}(5830),lattice_fperp_s,theta_prior_gaussian,crosscheck_9_13,500,-0.20792176101896093,-0.2328890878040312,-0.17960497705144465,9.172702338014373,6.845718642667056,11.497024360222174,0.5355903216456563,0.5087799291419832,0.5572526199985014,0.08902930993707042,0.08521050807573222,0.0927428142502021
Bs,B_{s1}(5830),lattice_fperp_s,theta_sensitivity_25_45,central_10_14,500,-0.08051078071045226,-0.3154378814430492,0.09574364897865861,3.5464142299641725,0.524344505543665,21.141937961141878,0.528693741048203,0.5009250350387531,0.5545567360580941,0.10098069191782118,0.08885070802653931,0.14103557689793011
Bs,B_{s1}(5830),lattice_fperp_s,theta_sensitivity_25_45,crosscheck_9_13,500,-0.0828382563954056,-0.31052311123568827,0.10034175586250824,3.5975354840953857,0.534005480539905,20.464494515184224,0.533750226712673,0.5071828224994578,0.5521693170611224,0.10123673400760552,0.08901615982735175,0.13740112776311553
Bs,B_{s1}(5830),legacy_chi_condensate,theta_hqet_35p3,central_10_14,500,-0.1767989199013183,-0.21185253095970083,-0.14060687889507437,6.62792616593345,4.202288592461081,9.521394746914321,0.5349691262471763,0.5113573915128423,0.5568952553035413,0.09738798752713507,0.09436352949758794,0.10079606087750183
Bs,B_{s1}(5830),legacy_chi_condensate,theta_hqet_35p3,crosscheck_9_13,500,-0.1835141009697946,-0.2214875796406698,-0.14053495826690748,7.145751508789727,4.183542072663123,10.430342007316815,0.5339771421244933,0.5070906796223243,0.5585665626841132,0.09786426964748038,0.0942590233595575,0.10159876562272224
Bs,B_{s1}(5830),legacy_chi_condensate,theta_prior_gaussian,central_10_14,500,-0.2691775899849721,-0.3019354858451477,-0.23534665632499543,15.3670686813779,11.754012592646559,19.309436885913154,0.537015896512542,0.5108930525607467,0.5585973419878428,0.08936296356422642,0.08541292660974853,0.09291413544825881
Bs,B_{s1}(5830),legacy_chi_condensate,theta_prior_gaussian,crosscheck_9_13,500,-0.2780221937653812,-0.316967928259229,-0.2411715082387678,16.404775356486166,12.351695239009226,21.336958666644804,0.5338402120702745,0.5064967514704329,0.5588341198791804,0.08874664314777432,0.08475561906316452,0.09240634359496315
Bs,B_{s1}(5830),legacy_chi_condensate,theta_sensitivity_25_45,central_10_14,500,-0.16079537448500017,-0.3399749385781556,-0.02070862622420782,5.4898270822523285,0.25807508669841833,24.52948559385224,0.5319196592557706,0.5087111345500699,0.555184499115935,0.10189347873550364,0.08996453790020652,0.14124942889707287
Bs,B_{s1}(5830),legacy_chi_condensate,theta_sensitivity_25_45,crosscheck_9_13,500,-0.1537769402356906,-0.35130709878536387,-0.010130467394383445,5.147562508791861,0.1789799937544916,26.17972122790528,0.5319454981147438,0.5057315793684407,0.5532175615933729,0.10290306347882319,0.09006953248556257,0.14043487902894092
Ds,D_{s1}(2460),lattice_fperp_s,theta_prior_gaussian,central,500,-0.4081584000925693,-0.4551297621419757,-0.3654094450603312,34.96477155324975,28.058371279172775,43.525678633937815,0.40491088740235476,0.37882734827710896,0.4296121080243034,0.16827627627950853,0.16015805247336676,0.17533756785088628
Ds,D_{s1}(2460),legacy_chi_condensate,theta_prior_gaussian,central,500,-0.5415447565240427,-0.6107086317150963,-0.4793741920303484,61.656814543761314,48.36985989156712,78.4554181738753,0.4045917960040306,0.3814161953715411,0.428979913099411,0.16786233951916324,0.1593364681548962,0.17543031877781246
Ds,D_{s1}(2536),lattice_fperp_s,theta_prior_gaussian,central,500,0.0518402126426101,0.002438085362448036,0.10669220605727962,0.9882750096378166,0.09213989147937901,3.5553394806609115,0.40491088740235476,0.37882734827710896,0.4296121080243034,0.16827627627950853,0.16015805247336676,0.17533756785088628
Ds,D_{s1}(2536),legacy_chi_condensate,theta_prior_gaussian,central,500,-0.07903742873193081,-0.15322987824423587,-0.0026550827793459728,2.2197764832748703,0.22606530123181784,7.37877668347895,0.4045917960040306,0.3814161953715411,0.428979913099411,0.16786233951916324,0.1593364681548962,0.17543031877781246
