sector,state,scan,M2_GeV2,s0_GeV2,theta_deg,width_keV
Ds,Ds1_2460,M2,3.0,7.5,26.0,27.374491167870147
Ds,Ds1_2536,M2,3.0,7.5,26.0,3.6900319533570616
Ds,Ds1_2460,M2,3.0,7.5,26.6,27.301853218055168
Ds,Ds1_2536,M2,3.0,7.5,26.6,4.352815162077333
Ds,Ds1_2460,M2,3.0,7.5,27.200000000000003,27.22333214522649
Ds,Ds1_2536,M2,3.0,7.5,27.200000000000003,5.0692787838360385
Ds,Ds1_2460,M2,3.05,7.5,26.0,27.508821919108986
Ds,Ds1_2536,M2,3.05,7.5,26.0,3.3895019656635195
Ds,Ds1_2460,M2,3.05,7.5,26.6,27.438830716444432
Ds,Ds1_2536,M2,3.05,7.5,26.6,4.026818457284342
Ds,Ds1_2460,M2,3.05,7.5,27.200000000000003,27.362918713599697
Ds,Ds1_2536,M2,3.05,7.5,27.200000000000003,4.7180477758715265
Ds,Ds1_2460,M2,3.1,7.5,26.0,27.63981594471579
Ds,Ds1_2536,M2,3.1,7.5,26.0,3.115256506855672
Ds,Ds1_2460,M2,3.1,7.5,26.6,27.572358320709426
Ds,Ds1_2536,M2,3.1,7.5,26.6,3.728277620200695
Ds,Ds1_2460,M2,3.1,7.5,27.200000000000003,27.49894360065228
Ds,Ds1_2536,M2,3.1,7.5,27.200000000000003,4.395433839950046
Ds,Ds1_2460,M2,3.15,7.5,26.0,27.767675346513414
Ds,Ds1_2536,M2,3.15,7.5,26.0,2.864664699402473
Ds,Ds1_2460,M2,3.15,7.5,26.6,27.702645104382597
Ds,Ds1_2536,M2,3.15,7.5,26.6,3.454485369578334
Ds,Ds1_2460,M2,3.15,7.5,27.200000000000003,27.631622745854628
Ds,Ds1_2536,M2,3.15,7.5,27.200000000000003,4.098654201368565
Ds,Ds1_2460,M2,3.2,7.5,26.0,27.892583338285707
Ds,Ds1_2536,M2,3.2,7.5,26.0,2.635401108164189
Ds,Ds1_2460,M2,3.2,7.5,26.6,27.829880698355023
Ds,Ds1_2536,M2,3.2,7.5,26.6,3.2030462317308355
Ds,Ds1_2460,M2,3.2,7.5,27.200000000000003,27.761152102434497
Ds,Ds1_2536,M2,3.2,7.5,27.200000000000003,3.8252441546092992
Ds,Ds1_2460,M2,3.25,7.5,26.0,28.014706484019687
Ds,Ds1_2536,M2,3.25,7.5,26.0,2.4254052413235
Ds,Ds1_2460,M2,3.25,7.5,26.6,27.954237581603483
Ds,Ds1_2536,M2,3.25,7.5,26.6,2.9718354123548445
Ds,Ds1_2460,M2,3.25,7.5,27.200000000000003,27.887709979216083
Ds,Ds1_2536,M2,3.25,7.5,27.200000000000003,3.5730153196838796
Ds,Ds1_2460,M2,3.3,7.5,26.0,28.134196630570717
Ds,Ds1_2536,M2,3.3,7.5,26.0,2.232847073091936
Ds,Ds1_2460,M2,3.3,7.5,26.6,28.075873060732942
Ds,Ds1_2536,M2,3.3,7.5,26.6,2.7589637605758743
Ds,Ds1_2460,M2,3.3,7.5,27.200000000000003,28.011459065861796
Ds,Ds1_2536,M2,3.3,7.5,27.200000000000003,3.340020059144058
Ds,Ds1_2460,M2,3.35,7.5,26.0,28.251192580879742
Ds,Ds1_2536,M2,3.35,7.5,26.0,2.0560975995511943
Ds,Ds1_2460,M2,3.35,7.5,26.6,28.194930985111956
Ds,Ds1_2536,M2,3.35,7.5,26.6,2.5627478279416818
Ds,Ds1_2460,M2,3.35,7.5,27.200000000000003,28.132548188912306
Ds,Ds1_2536,M2,3.35,7.5,27.200000000000003,3.1245210501704217
Ds,Ds1_2460,M2,3.4,7.5,26.0,28.365821546322437
Ds,Ds1_2536,M2,3.4,7.5,26.0,1.8937036159815464
Ds,Ds1_2460,M2,3.4,7.5,26.6,28.311543236752637
Ds,Ds1_2536,M2,3.4,7.5,26.6,2.381684203201864
Ds,Ds1_2460,M2,3.4,7.5,27.200000000000003,28.25111383832228
Ds,Ds1_2536,M2,3.4,7.5,27.200000000000003,2.924965185331619
Ds,Ds1_2460,M2,3.45,7.5,26.0,28.47820041054811
Ds,Ds1_2536,M2,3.45,7.5,26.0,1.744366046817268
Ds,Ds1_2460,M2,3.45,7.5,26.6,28.42583102779487
Ds,Ds1_2536,M2,3.45,7.5,26.6,2.214427447474028
Ds,Ds1_2460,M2,3.45,7.5,27.200000000000003,28.367281497832835
Ds,Ds1_2536,M2,3.45,7.5,27.200000000000003,2.7399611202964143
Ds,Ds1_2460,M2,3.5,7.5,26.0,28.5884368320162
Ds,Ds1_2536,M2,3.5,7.5,26.0,1.606921275027922
Ds,Ds1_2460,M2,3.5,7.5,26.6,28.537906033244514
Ds,Ds1_2536,M2,3.5,7.5,26.6,2.0597710708995542
Ds,Ds1_2460,M2,3.5,7.5,27.200000000000003,28.481166807254354
Ds,Ds1_2536,M2,3.5,7.5,27.200000000000003,2.568259904089255
Ds,Ds1_2460,M2,3.55,7.5,26.0,28.69663020816894
Ds,Ds1_2536,M2,3.55,7.5,26.0,1.4803250117768598
Ds,Ds1_2460,M2,3.55,7.5,26.6,28.647871382292646
Ds,Ds1_2536,M2,3.55,7.5,26.6,1.9166310866751168
Ds,Ds1_2460,M2,3.55,7.5,27.200000000000003,28.59287658036064
Ds,Ds1_2536,M2,3.55,7.5,27.200000000000003,2.4087382229636347
Ds,Ds1_2460,M2,3.6,7.5,26.0,28.80287252062816
Ds,Ds1_2536,M2,3.6,7.5,26.0,1.36363832397654
Ds,Ds1_2460,M2,3.6,7.5,26.6,28.7558225279455
Ds,Ds1_2536,M2,3.6,7.5,26.6,1.784031755747036
Ds,Ds1_2460,M2,3.6,7.5,27.200000000000003,28.70250969845324
Ds,Ds1_2536,M2,3.6,7.5,27.200000000000003,2.260383866975167
Ds,Ds1_2460,M2,3.65,7.5,26.0,28.907249077844586
Ds,Ds1_2536,M2,3.65,7.5,26.0,1.2560155002526772
Ds,Ds1_2460,M2,3.65,7.5,26.6,28.86184801169388
Ds,Ds1_2536,M2,3.65,7.5,26.6,1.6610931988956583
Ds,Ds1_2460,M2,3.65,7.5,27.200000000000003,28.8101578966152
Ds,Ds1_2536,M2,3.65,7.5,27.200000000000003,2.122283092304178
Ds,Ds1_2460,M2,3.7,7.5,26.0,29.009839169152432
Ds,Ds1_2536,M2,3.7,7.5,26.0,1.1566934875313934
Ds,Ds1_2460,M2,3.7,7.5,26.6,28.96603013744026
Ds,Ds1_2536,M2,3.7,7.5,26.6,1.5470206051137918
Ds,Ds1_2460,M2,3.7,7.5,27.200000000000003,28.915906457128255
Ds,Ds1_2536,M2,3.7,7.5,27.200000000000003,1.9936096050113543
Ds,Ds1_2460,M2,3.75,7.5,26.0,29.11071664210951
Ds,Ds1_2536,M2,3.75,7.5,26.0,1.0649826731138294
Ds,Ds1_2460,M2,3.75,7.5,26.6,29.068445566796637
Ds,Ds1_2536,M2,3.75,7.5,26.6,1.4410948082447976
Ds,Ds1_2460,M2,3.75,7.5,27.200000000000003,29.01983482239285
Ds,Ds1_2536,M2,3.75,7.5,27.200000000000003,1.8736149353692264
Ds,Ds1_2460,M2,3.8,7.5,26.0,29.2099504132611
Ds,Ds1_2536,M2,3.8,7.5,26.0,0.980258822400161
Ds,Ds1_2460,M2,3.8,7.5,26.6,29.169165846097673
Ds,Ds1_2536,M2,3.8,7.5,26.6,1.3426640395006524
Ds,Ds1_2460,M2,3.8,7.5,27.200000000000003,29.122017137895032
Ds,Ds1_2536,M2,3.8,7.5,27.200000000000003,1.761620007911996
Ds,Ds1_2460,M2,3.85,7.5,26.0,29.30760492099863
Ds,Ds1_2536,M2,3.85,7.5,26.0,0.9019560117307549
Ds,Ds1_2460,M2,3.85,7.5,26.6,29.26825787398209
Ds,Ds1_2536,M2,3.85,7.5,26.6,1.2511366930958212
Ds,Ds1_2460,M2,3.85,7.5,27.200000000000003,29.222522734249377
Ds,Ds1_2536,M2,3.85,7.5,27.200000000000003,1.6570077422619978
Ds,Ds1_2460,M2,3.9,7.5,26.0,29.40374052794694
Ds,Ds1_2536,M2,3.9,7.5,26.0,0.829560420218137
Ds,Ds1_2460,M2,3.9,7.5,26.6,29.365784317136363
Ds,Ds1_2536,M2,3.9,7.5,26.6,1.1659749669083623
Ds,Ds1_2460,M2,3.9,7.5,27.200000000000003,29.321416556068787
Ds,Ds1_2536,M2,3.9,7.5,27.200000000000003,1.559216544728123
Ds,Ds1_2460,M2,3.95,7.5,26.0,29.498413879265936
Ds,Ds1_2536,M2,3.95,7.5,26.0,0.7626048648296129
Ds,Ds1_2460,M2,3.95,7.5,26.6,29.46180398072958
Ds,Ds1_2536,M2,3.95,7.5,26.6,1.0866892607005436
Ds,Ds1_2460,M2,3.95,7.5,27.200000000000003,29.41875954432787
Ds,Ds1_2536,M2,3.95,7.5,27.200000000000003,1.4677345715198886
Ds,Ds1_2460,M2,4.0,7.5,26.0,29.591678222365022
Ds,Ds1_2536,M2,4.0,7.5,26.0,0.7006639800578398
Ds,Ds1_2460,M2,4.0,7.5,26.6,29.556372139163106
Ds,Ds1_2536,M2,4.0,7.5,26.6,1.0128332317127964
Ds,Ds1_2460,M2,4.0,7.5,27.200000000000003,29.5146089779665
Ds,Ds1_2536,M2,4.0,7.5,27.200000000000003,1.3820946619012993
Ds,Ds1_2460,M2,4.05,7.5,26.0,29.68358369277355
Ds,Ds1_2536,M2,4.05,7.5,26.0,0.6433499578625889
Ds,Ds1_2460,M2,4.05,7.5,26.6,29.649540831990745
Ds,Ds1_2536,M2,4.05,7.5,26.6,0.9439994219694391
Ds,Ds1_2460,M2,4.05,7.5,27.200000000000003,29.609018779698
Ds,Ds1_2536,M2,4.05,7.5,27.200000000000003,1.3018698543065
Ds,Ds1_2460,M2,4.1,7.5,26.0,29.774177570268012
Ds,Ds1_2536,M2,4.1,7.5,26.0,0.5903087756512201
Ds,Ds1_2460,M2,4.1,7.5,26.6,29.741359129209087
Ds,Ds1_2536,M2,4.1,7.5,26.6,0.8798153838744565
Ds,Ds1_2460,M2,4.1,7.5,27.200000000000003,29.70203979031871
Ds,Ds1_2536,M2,4.1,7.5,27.200000000000003,1.2266694108310114
Ds,Ds1_2460,M2,4.15,7.5,26.0,29.863504508809054
Ds,Ds1_2536,M2,4.15,7.5,26.0,0.5412168502708831
Ds,Ds1_2460,M2,4.15,7.5,26.6,29.83187336955935
Ds,Ds1_2536,M2,4.15,7.5,26.6,0.8199402410174689
Ds,Ds1_2460,M2,4.15,7.5,27.200000000000003,29.793720015246322
Ds,Ds1_2536,M2,4.15,7.5,27.200000000000003,1.1561352859867953
Ds,Ds1_2460,M2,4.2,7.5,26.0,29.951606743370775
Ds,Ds1_2536,M2,4.2,7.5,26.0,0.4957780646269576
Ds,Ds1_2460,M2,4.2,7.5,26.6,29.921127375002275
Ds,Ds1_2536,M2,4.2,7.5,26.6,0.7640616298708497
Ds,Ds1_2460,M2,4.2,7.5,27.200000000000003,29.884104846524764
Ds,Ds1_2536,M2,4.2,7.5,27.200000000000003,1.0899389844867327
Ds,Ds1_2460,M2,4.25,7.5,26.0,30.038524276344805
Ds,Ds1_2536,M2,4.25,7.5,26.0,0.45372112087722855
Ds,Ds1_2460,M2,4.25,7.5,26.6,30.00916264411798
Ds,Ds1_2536,M2,4.25,7.5,26.6,0.7118929754986615
Ds,Ds1_2460,M2,4.25,7.5,27.200000000000003,29.97323726311718
Ds,Ds1_2536,M2,4.25,7.5,27.200000000000003,1.0277787603660846
Ds,Ds1_2460,M2,4.3,7.5,26.0,30.124295045854442
Ds,Ds1_2536,M2,4.3,7.5,26.0,0.41479718039208674
Ds,Ds1_2460,M2,4.3,7.5,26.6,30.09601852682907
Ds,Ds1_2536,M2,4.3,7.5,26.6,0.6631710607307203
Ds,Ds1_2460,M2,4.3,7.5,27.200000000000003,30.0611580119451
Ds,Ds1_2536,M2,4.3,7.5,27.200000000000003,0.969377116170846
Ds,Ds1_2460,M2,4.35,7.5,26.0,30.208955078020022
Ds,Ds1_2536,M2,4.35,7.5,26.0,0.37877775599411306
Ds,Ds1_2460,M2,4.35,7.5,26.6,30.181732382543828
Ds,Ds1_2536,M2,4.35,7.5,26.6,0.6176538536591107
Ds,Ds1_2460,M2,4.35,7.5,27.200000000000003,30.147905771826228
Ds,Ds1_2536,M2,4.35,7.5,27.200000000000003,0.914478566425906
Ds,Ds1_2460,M2,4.4,7.5,26.0,30.292538624957476
Ds,Ds1_2536,M2,4.4,7.5,26.0,0.3454528265402277
Ds,Ds1_2460,M2,4.4,7.5,26.6,30.266339723551457
Ds,Ds1_2536,M2,4.4,7.5,26.6,0.5751185629354789
Ds,Ds1_2460,M2,4.4,7.5,27.200000000000003,30.23351730219122
Ds,Ds1_2536,M2,4.4,7.5,27.200000000000003,0.862847634286778
Ds,Ds1_2460,M2,4.45,7.5,26.0,30.37507829007424
Ds,Ds1_2536,M2,4.45,7.5,26.0,0.3146291478074334
Ds,Ds1_2460,M2,4.45,7.5,26.6,30.349874345278323
Ds,Ds1_2536,M2,4.45,7.5,26.6,0.5353598943079075
Ds,Ds1_2460,M2,4.45,7.5,27.200000000000003,30.318027578232574
Ds,Ds1_2536,M2,4.45,7.5,27.200000000000003,0.8142670543004087
Ds,Ds1_2460,M2,4.5,7.5,26.0,30.456605142033265
Ds,Ds1_2536,M2,4.5,7.5,26.0,0.28612873699004576
Ds,Ds1_2460,M2,4.5,7.5,26.6,30.432368444816106
Ds,Ds1_2536,M2,4.5,7.5,26.6,0.4981884852387765
Ds,Ds1_2460,M2,4.5,7.5,27.200000000000003,30.401469913935617
Ds,Ds1_2536,M2,4.5,7.5,27.200000000000003,0.7685361576575462
Ds,Ds1_2460,M2,3.0,8.0,26.0,32.01353563929737
Ds,Ds1_2536,M2,3.0,8.0,26.0,2.5019005744001763
Ds,Ds1_2460,M2,3.0,8.0,26.6,31.948007592912745
Ds,Ds1_2536,M2,3.0,8.0,26.6,3.0998096419688608
Ds,Ds1_2460,M2,3.0,8.0,27.200000000000003,31.875547327754802
Ds,Ds1_2536,M2,3.0,8.0,27.200000000000003,3.7609715713521044
Ds,Ds1_2460,M2,3.05,8.0,26.0,32.22844001577243
Ds,Ds1_2536,M2,3.05,8.0,26.0,2.2406732913052063
Ds,Ds1_2460,M2,3.05,8.0,26.6,32.16595625915186
Ds,Ds1_2536,M2,3.05,8.0,26.6,2.8096294891799847
Ds,Ds1_2460,M2,3.05,8.0,27.200000000000003,32.09648564872894
Ds,Ds1_2536,M2,3.05,8.0,27.200000000000003,3.4422056418958005
Ds,Ds1_2460,M2,3.1,8.0,26.0,32.43879504892396
Ds,Ds1_2536,M2,3.1,8.0,26.0,2.0049464573612332
Ds,Ds1_2460,M2,3.1,8.0,26.6,32.37923621587483
Ds,Ds1_2536,M2,3.1,8.0,26.6,2.5461873131296384
Ds,Ds1_2460,M2,3.1,8.0,27.200000000000003,32.312637530604626
Ds,Ds1_2536,M2,3.1,8.0,27.200000000000003,3.1514028212806053
Ds,Ds1_2460,M2,3.15,8.0,26.0,32.644826290769686
Ds,Ds1_2536,M2,3.15,8.0,26.0,1.7921117732514862
Ds,Ds1_2460,M2,3.15,8.0,26.6,32.58808010687877
Ds,Ds1_2536,M2,3.15,8.0,26.6,2.306796497093197
Ds,Ds1_2460,M2,3.15,8.0,27.200000000000003,32.52424259817787
Ds,Ds1_2536,M2,3.15,8.0,27.200000000000003,2.885799141564112
Ds,Ds1_2460,M2,3.2,8.0,26.0,32.846740035976204
Ds,Ds1_2536,M2,3.2,8.0,26.0,1.599865285549403
Ds,Ds1_2460,M2,3.2,8.0,26.6,32.79270076133124
Ds,Ds1_2536,M2,3.2,8.0,26.6,2.089081222345594
Ds,Ds1_2460,M2,3.2,8.0,27.200000000000003,32.73152011541856
Ds,Ds1_2536,M2,3.2,8.0,27.200000000000003,2.642947779597199
Ds,Ds1_2460,M2,3.25,8.0,26.0,33.04472555538954
Ds,Ds1_2536,M2,3.25,8.0,26.0,1.4261669767362255
Ds,Ds1_2460,M2,3.25,8.0,26.6,32.993293479906455
Ds,Ds1_2536,M2,3.25,8.0,26.6,1.8909354226604347
Ds,Ds1_2460,M2,3.25,8.0,27.200000000000003,32.93467132284045
Ds,Ds1_2536,M2,3.25,8.0,27.200000000000003,2.4206773897186014
Ds,Ds1_2460,M2,3.3,8.0,26.0,33.23895702459341
Ds,Ds1_2536,M2,3.3,8.0,26.0,1.269206366910343
Ds,Ds1_2460,M2,3.3,8.0,26.6,33.1900380103233
Ds,Ds1_2536,M2,3.3,8.0,26.6,1.7104878216353903
Ds,Ds1_2460,M2,3.3,8.0,27.200000000000003,33.13388145884211
Ds,Ds1_2536,M2,3.3,8.0,27.200000000000003,2.2170565883961557
Ds,Ds1_2460,M2,3.35,8.0,26.0,33.429595193709595
Ds,Ds1_2536,M2,3.35,8.0,26.0,1.1273731398981497
Ds,Ds1_2460,M2,3.35,8.0,26.6,33.383100259151924
Ds,Ds1_2536,M2,3.35,8.0,26.6,1.546072056826712
Ds,Ds1_2460,M2,3.35,8.0,27.200000000000003,33.32932151250659
Ds,Ds1_2536,M2,3.35,8.0,27.200000000000003,2.0303635863964753
Ds,Ds1_2460,M2,3.4,8.0,26.0,33.61678883707144
Ds,Ds1_2536,M2,3.4,8.0,26.0,0.999231983269826
Ds,Ds1_2460,M2,3.4,8.0,26.6,33.572633779093934
Ds,Ds1_2536,M2,3.4,8.0,26.6,1.3962010726056266
Ds,Ds1_2460,M2,3.4,8.0,27.200000000000003,33.52114974761404
Ds,Ds1_2536,M2,3.4,8.0,27.200000000000003,1.8590601430733604
Ds,Ds1_2460,M2,3.45,8.0,26.0,33.80067601514835
Ds,Ds1_2536,M2,3.45,8.0,26.0,0.8835009743840013
Ds,Ds1_2460,M2,3.45,8.0,26.6,33.75878106461864
Ds,Ds1_2536,M2,3.45,8.0,26.6,1.2595451072552073
Ds,Ds1_2460,M2,3.45,8.0,27.200000000000003,33.70951303123285
Ds,Ds1_2536,M2,3.45,8.0,27.200000000000003,1.7017691619104667
Ds,Ds1_2460,M2,3.5,8.0,26.0,33.9813851759264
Ds,Ds1_2536,M2,3.5,8.0,26.0,0.7790329601029344
Ds,Ds1_2460,M2,3.5,8.0,26.6,33.9416746836041
Ds,Ds1_2536,M2,3.5,8.0,26.6,1.1349127161972452
Ds,Ds1_2460,M2,3.5,8.0,27.200000000000003,33.89454799496435
Ds,Ds1_2536,M2,3.5,8.0,27.200000000000003,1.5572553636397275
Ds,Ds1_2460,M2,3.55,8.0,26.0,34.15903611866877
Ds,Ds1_2536,M2,3.55,8.0,26.0,0.6847994717517359
Ds,Ds1_2460,M2,3.55,8.0,26.6,34.12143826829671
Ds,Ds1_2536,M2,3.55,8.0,26.6,1.0212343679091334
Ds,Ds1_2460,M2,3.55,8.0,27.200000000000003,34.07638205252981
Ds,Ds1_2536,M2,3.55,8.0,27.200000000000003,1.424408568635629
Ds,Ds1_2460,M2,3.6,8.0,26.0,34.33374083941212
Ds,Ds1_2536,M2,3.6,8.0,26.0,0.599876793564103
Ds,Ds1_2460,M2,3.6,8.0,26.6,34.29818738528838
Ds,Ds1_2536,M2,3.6,8.0,26.6,0.9175482263991381
Ds,Ds1_2460,M2,3.6,8.0,27.200000000000003,34.25513429372955
Ds,Ds1_2536,M2,3.6,8.0,27.200000000000003,1.3022291982078065
Ds,Ds1_2460,M2,3.65,8.0,26.0,34.505604274592606
Ds,Ds1_2536,M2,3.65,8.0,26.0,0.5234338656613079
Ds,Ds1_2460,M2,3.65,8.0,26.6,34.47203030120641
Ds,Ds1_2536,M2,3.65,8.0,26.6,0.822987797466205
Ds,Ds1_2460,M2,3.65,8.0,27.200000000000003,34.43091627176058
Ds,Ds1_2536,M2,3.65,8.0,27.200000000000003,1.1898156683048327
Ds,Ds1_2460,M2,3.7,8.0,26.0,34.6747249567095
Ds,Ds1_2536,M2,3.7,8.0,26.0,0.45472175424153166
Ds,Ds1_2460,M2,3.7,8.0,26.6,34.64306865829038
Ds,Ds1_2536,M2,3.7,8.0,26.6,0.7367711680802498
Ds,Ds1_2460,M2,3.7,8.0,27.200000000000003,34.60383269832395
Ds,Ds1_2536,M2,3.7,8.0,27.200000000000003,1.0863534017142846
Ds,Ds1_2460,M2,3.75,8.0,26.0,34.841195593863446
Ds,Ds1_2536,M2,3.75,8.0,26.0,0.39306446424421343
Ds,Ds1_2460,M2,3.75,8.0,26.6,34.81139807192631
Ds,Ds1_2536,M2,3.75,8.0,26.6,0.6581916112220542
Ds,Ds1_2460,M2,3.75,8.0,27.200000000000003,34.77398205881862
Ds,Ds1_2536,M2,3.75,8.0,27.200000000000003,0.9911052282487866
Ds,Ds1_2460,M2,3.8,8.0,26.0,35.00510358325796
Ds,Ds1_2536,M2,3.8,8.0,26.0,0.33785090499787335
Ds,Ds1_2460,M2,3.8,8.0,26.6,34.977108660433835
Ds,Ds1_2536,M2,3.8,8.0,26.6,0.5866093641262246
Ds,Ds1_2460,M2,3.8,8.0,27.200000000000003,34.94145715811813
Ds,Ds1_2536,M2,3.8,8.0,27.200000000000003,0.9034029783604912
Ds,Ds1_2460,M2,3.85,8.0,26.0,35.16653146728919
Ds,Ds1_2536,M2,3.85,8.0,26.0,0.28852784862048414
Ds,Ds1_2460,M2,3.85,8.0,26.6,35.140285515913504
Ds,Ds1_2536,M2,3.85,8.0,26.6,0.5214444174441674
Ds,Ds1_2460,M2,3.85,8.0,27.200000000000003,35.10634560591356
Ds,Ds1_2536,M2,3.85,8.0,27.200000000000003,0.8226401055035318
Ds,Ds1_2460,M2,3.9,8.0,26.0,35.32555733961009
Ds,Ds1_2536,M2,3.9,8.0,26.0,0.2445937453083277
Ds,Ds1_2460,M2,3.9,8.0,26.6,35.301009123701206
Ds,Ds1_2536,M2,3.9,8.0,26.6,0.46217017748323125
Ds,Ds1_2460,M2,3.9,8.0,27.200000000000003,35.26873024932675
Ds,Ds1_2536,M2,3.9,8.0,27.200000000000003,0.7482651974668314
Ds,Ds1_2460,M2,3.95,8.0,26.0,35.48225520750901
Ds,Ds1_2536,M2,3.95,8.0,26.0,0.20559328000148658
Ds,Ds1_2460,M2,3.95,8.0,26.6,35.45935573691262
Ds,Ds1_2536,M2,3.95,8.0,26.6,0.40830788426697634
Ds,Ds1_2460,M2,3.95,8.0,27.200000000000003,35.42868955941531
Ds,Ds1_2536,M2,3.95,8.0,27.200000000000003,0.6797762577184586
Ds,Ds1_2460,M2,4.0,8.0,26.0,35.63669531605729
Ds,Ds1_2536,M2,4.0,8.0,26.0,0.1711125719630008
Ds,Ds1_2460,M2,4.0,8.0,26.6,35.61539771165831
Ds,Ds1_2536,M2,4.0,8.0,26.6,0.3594216854167695
Ds,Ds1_2460,M2,4.0,8.0,27.200000000000003,35.58629797727247
Ds,Ds1_2536,M2,4.0,8.0,27.200000000000003,0.6167156552585347
Ds,Ds1_2460,M2,4.05,8.0,26.0,35.78894443872701
Ds,Ds1_2536,M2,4.05,8.0,26.0,0.1407749331297601
Ds,Ds1_2460,M2,4.05,8.0,26.6,35.769203807742606
Ds,Ds1_2536,M2,4.05,8.0,26.6,0.31511428035602757
Ds,Ds1_2460,M2,4.05,8.0,27.200000000000003,35.74162622464473
Ds,Ds1_2536,M2,4.05,8.0,27.200000000000003,0.5586656561538713
Ds,Ds1_2460,M2,4.1,8.0,26.0,35.939066138540404
Ds,Ds1_2536,M2,4.1,8.0,26.0,0.11423711315573
Ds,Ds1_2460,M2,4.1,8.0,26.6,35.92083945900749
Ds,Ds1_2536,M2,4.1,8.0,26.6,0.2750230615579595
Ds,Ds1_2460,M2,4.1,8.0,27.200000000000003,35.89474158332467
Ds,Ds1_2536,M2,4.1,8.0,27.200000000000003,0.5052444623002823
Ds,Ds1_2460,M2,4.15,8.0,26.0,36.08712100326613
Ds,Ds1_2536,M2,4.15,8.0,26.0,0.09118596925540874
Ds,Ds1_2460,M2,4.15,8.0,26.6,36.07036701692437
Ds,Ds1_2536,M2,4.15,8.0,26.6,0.23881668988270724
Ds,Ds1_2460,M2,4.15,8.0,27.200000000000003,36.04570814700892
Ds,Ds1_2536,M2,4.15,8.0,27.200000000000003,0.4561026934174129
Ds,Ds1_2460,M2,4.2,8.0,26.0,36.233166857711076
Ds,Ds1_2536,M2,4.2,8.0,26.0,0.07133550758045532
Ds,Ds1_2460,M2,4.2,8.0,26.6,36.217845970561974
Ds,Ds1_2536,M2,4.2,8.0,26.6,0.20619204979502262
Ds,Ds1_2460,M2,4.2,8.0,27.200000000000003,36.194587048825426
Ds,Ds1_2536,M2,4.2,8.0,27.200000000000003,0.41092025714384106
Ds,Ds1_2460,M2,4.25,8.0,26.0,36.377258955757604
Ds,Ds1_2536,M2,4.25,8.0,26.0,0.054424250183505746
Ds,Ds1_2460,M2,4.25,8.0,26.6,36.363333145649726
Ds,Ds1_2536,M2,4.25,8.0,26.6,0.17687153768042274
Ds,Ds1_2460,M2,4.25,8.0,27.200000000000003,36.34143666731882
Ds,Ds1_2536,M2,4.25,8.0,27.200000000000003,0.36940355962998145
Ds,Ds1_2460,M2,4.3,8.0,26.0,36.519450154451654
Ds,Ds1_2536,M2,4.3,8.0,26.0,0.040212887852158936
Ds,Ds1_2460,M2,4.3,8.0,26.6,36.506882885104815
Ds,Ds1_2536,M2,4.3,8.0,26.6,0.15060064279947774
Ds,Ds1_2460,M2,4.3,8.0,27.200000000000003,36.48631281332225
Ds,Ds1_2536,M2,4.3,8.0,27.200000000000003,0.33128301543872846
Ds,Ds1_2460,M2,4.35,8.0,26.0,36.65979107215597
Ds,Ds1_2536,M2,4.35,8.0,26.0,0.028482184408150715
Ds,Ds1_2460,M2,4.35,8.0,26.6,36.648547213093075
Ds,Ds1_2536,M2,4.35,8.0,26.6,0.1271457858134015
Ds,Ds1_2460,M2,4.35,8.0,27.200000000000003,36.62926889984147
Ds,Ds1_2536,M2,4.35,8.0,27.200000000000003,0.2963108210369791
Ds,Ds1_2460,M2,4.4,8.0,26.0,36.79833023252497
Ds,Ds1_2536,M2,4.4,8.0,26.0,0.019031102607611646
Ds,Ds1_2460,M2,4.4,8.0,26.6,36.7883759844302
Ds,Ds1_2536,M2,4.4,8.0,26.6,0.10629238442685328
Ds,Ds1_2460,M2,4.4,8.0,27.200000000000003,36.77035609680588
Ds,Ds1_2536,M2,4.4,8.0,27.200000000000003,0.26425896084416983
Ds,Ds1_2460,M2,4.45,8.0,26.0,36.93511419584289
Ds,Ds1_2536,M2,4.45,8.0,26.0,0.011675125668138898
Ds,Ds1_2460,M2,4.45,8.0,26.6,36.92641702090966
Ds,Ds1_2536,M2,4.45,8.0,26.6,0.08784311964700274
Ds,Ds1_2460,M2,4.45,8.0,27.200000000000003,36.90962347231707
Ds,Ds1_2536,M2,4.45,8.0,27.200000000000003,0.23491741881915842
Ds,Ds1_2460,M2,4.5,8.0,26.0,37.07018767907545
Ds,Ds1_2536,M2,4.5,8.0,26.0,0.0062447517879116185
Ds,Ds1_2460,M2,4.5,8.0,26.6,37.06271623594763
Ds,Ds1_2536,M2,4.5,8.0,26.6,0.07161637955328927
Ds,Ds1_2460,M2,4.5,8.0,27.200000000000003,37.04711812182459
Ds,Ds1_2536,M2,4.5,8.0,27.200000000000003,0.20809257201679018
Ds,Ds1_2460,M2,3.0,8.5,26.0,36.38703180365243
Ds,Ds1_2536,M2,3.0,8.5,26.0,1.5971240897855348
Ds,Ds1_2460,M2,3.0,8.5,26.6,36.33020835762201
Ds,Ds1_2536,M2,3.0,8.5,26.6,2.1156082428558554
Ds,Ds1_2460,M2,3.0,8.5,27.200000000000003,36.26546794744157
Ds,Ds1_2536,M2,3.0,8.5,27.200000000000003,2.706330543011132
Ds,Ds1_2460,M2,3.05,8.5,26.0,36.694109034500656
Ds,Ds1_2536,M2,3.05,8.5,26.0,1.3768572486621975
Ds,Ds1_2460,M2,3.05,8.5,26.6,36.64077151639368
Ds,Ds1_2536,M2,3.05,8.5,26.6,1.8625308564528298
Ds,Ds1_2460,M2,3.05,8.5,27.200000000000003,36.57944293199777
Ds,Ds1_2536,M2,3.05,8.5,27.200000000000003,2.4209684422534963
Ds,Ds1_2460,M2,3.1,8.5,26.0,36.99560644676287
Ds,Ds1_2536,M2,3.1,8.5,26.0,1.1816330230471908
Ds,Ds1_2460,M2,3.1,8.5,26.6,36.9456312291263
Ds,Ds1_2536,M2,3.1,8.5,26.6,1.6357827801205047
Ds,Ds1_2460,M2,3.1,8.5,27.200000000000003,36.88759270179744
Ds,Ds1_2536,M2,3.1,8.5,27.200000000000003,2.1632078586659507
Ds,Ds1_2460,M2,3.15,8.5,26.0,37.29175500405023
Ds,Ds1_2536,M2,3.15,8.5,26.0,1.0088428670817806
Ds,Ds1_2460,M2,3.15,8.5,26.6,37.245025525290096
Ds,Ds1_2536,M2,3.15,8.5,26.6,1.4326766338978638
Ds,Ds1_2460,M2,3.15,8.5,27.200000000000003,37.19016223990646
Ds,Ds1_2536,M2,3.15,8.5,27.200000000000003,1.9302835732651353
Ds,Ds1_2460,M2,3.2,8.5,26.0,37.58276722410448
Ds,Ds1_2536,M2,3.2,8.5,26.0,0.8561830194470116
Ds,Ds1_2460,M2,3.2,8.5,26.6,37.53917343784457
Ds,Ds1_2536,M2,3.2,8.5,26.6,1.2508362623661025
Ds,Ds1_2460,M2,3.2,8.5,27.200000000000003,37.48737699316782
Ds,Ds1_2536,M2,3.2,8.5,27.200000000000003,1.7197479265537148
Ds,Ds1_2460,M2,3.25,8.5,26.0,37.86883932965019
Ds,Ds1_2536,M2,3.25,8.5,26.0,0.7216140658884019
Ds,Ds1_2460,M2,3.25,8.5,26.6,37.82827720617785
Ds,Ds1_2536,M2,3.25,8.5,26.6,1.0881556629862552
Ds,Ds1_2460,M2,3.25,8.5,27.200000000000003,37.77944512587289
Ds,Ds1_2536,M2,3.25,8.5,27.200000000000003,1.529429126314602
Ds,Ds1_2460,M2,3.3,8.5,26.0,38.15015310047766
Ds,Ds1_2536,M2,3.3,8.5,26.0,0.6033265137565823
Ds,Ds1_2460,M2,3.3,8.5,26.6,38.112524174682854
Ds,Ds1_2536,M2,3.3,8.5,26.6,0.942763997569772
Ds,Ds1_2460,M2,3.3,8.5,27.200000000000003,38.066559463669286
Ds,Ds1_2536,M2,3.3,8.5,27.200000000000003,1.3573957076466405
Ds,Ds1_2460,M2,3.35,8.5,26.0,38.42687747259791
Ds,Ds1_2536,M2,3.35,8.5,26.0,0.49971139151790633
Ds,Ds1_2460,M2,3.35,8.5,26.6,38.39208843346308
Ds,Ds1_2536,M2,3.35,8.5,26.6,0.8129956910940463
Ds,Ds1_2460,M2,3.35,8.5,27.200000000000003,38.34889917481815
Ds,Ds1_2536,M2,3.35,8.5,27.200000000000003,1.2019261410370663
Ds,Ds1_2460,M2,3.4,8.5,26.0,38.6991699227343
Ds,Ds1_2536,M2,3.4,8.5,26.0,0.40933506292336147
Ds,Ds1_2460,M2,3.4,8.5,26.6,38.66713224000461
Ds,Ds1_2536,M2,3.4,8.5,26.6,0.6973647999494794
Ds,Ds1_2460,M2,3.4,8.5,27.200000000000003,38.626631228185474
Ds,Ds1_2536,M2,3.4,8.5,27.200000000000003,1.061482763223806
Ds,Ds1_2460,M2,3.45,8.5,26.0,38.9671776701752
Ds,Ds1_2536,M2,3.45,8.5,26.0,0.33091758809518146
Ds,Ds1_2460,M2,3.45,8.5,26.6,38.937807254342644
Ds,Ds1_2536,M2,3.45,8.5,26.6,0.5945429752640401
Ds,Ds1_2460,M2,3.45,8.5,27.200000000000003,38.89991166097736
Ds,Ds1_2536,M2,3.45,8.5,27.200000000000003,0.9346893501019182
Ds,Ds1_2460,M2,3.5,8.5,26.0,39.23103872285357
Ds,Ds1_2536,M2,3.5,8.5,26.0,0.26331407926850847
Ds,Ds1_2460,M2,3.5,8.5,26.6,39.204255615030156
Ds,Ds1_2536,M2,3.5,8.5,26.6,0.5033404632849822
Ds,Ds1_2460,M2,3.5,8.5,27.200000000000003,39.16888668395187
Ds,Ds1_2536,M2,3.5,8.5,27.200000000000003,0.8203117680802149
Ds,Ds1_2460,M2,3.55,8.5,26.0,39.49088279025076
Ds,Ds1_2536,M2,3.55,8.5,26.0,0.20549859282652913
Ds,Ds1_2460,M2,3.55,8.5,26.6,39.466610878894706
Ds,Ds1_2536,M2,3.55,8.5,26.6,0.4226896794391852
Ds,Ds1_2460,M2,3.55,8.5,27.200000000000003,39.433693647467194
Ds,Ds1_2536,M2,3.55,8.5,27.200000000000003,0.7172412356458189
Ds,Ds1_2460,M2,3.6,8.5,26.0,39.7468320821739
Ds,Ds1_2536,M2,3.6,8.5,26.0,0.1565501759093685
Ds,Ds1_2460,M2,3.6,8.5,26.6,39.72499884397433
Ds,Ds1_2536,M2,3.6,8.5,26.6,0.3516309699763309
Ds,Ds1_2460,M2,3.6,8.5,27.200000000000003,39.69446188808635
Ds,Ds1_2536,M2,3.6,8.5,27.200000000000003,0.6244798047925618
Ds,Ds1_2460,M2,3.65,8.5,26.0,39.99900200950623
Ds,Ds1_2536,M2,3.65,8.5,26.0,0.11564074866223988
Ds,Ds1_2460,M2,3.65,8.5,26.6,39.97953827203198
Ds,Ds1_2536,M2,3.65,8.5,26.6,0.28930023843912983
Ds,Ds1_2460,M2,3.65,8.5,27.200000000000003,39.95131347242806
Ds,Ds1_2536,M2,3.65,8.5,27.200000000000003,0.5411277358434844
Ds,Ds1_2460,M2,3.7,8.5,26.0,40.247501800563995
Ds,Ds1_2536,M2,3.7,8.5,26.0,0.08202455480186076
Ds,Ds1_2460,M2,3.7,8.5,26.6,40.23034152454694
Ds,Ds1_2536,M2,3.7,8.5,26.6,0.2349181662987736
Ds,Ds1_2460,M2,3.7,8.5,27.200000000000003,40.20436385241744
Ds,Ds1_2536,M2,3.7,8.5,27.200000000000003,0.46637249175459067
Ds,Ds1_2460,M2,3.75,8.5,26.0,40.492435044636274
Ds,Ds1_2536,M2,3.75,8.5,26.0,0.05502895575503802
Ds,Ds1_2460,M2,3.75,8.5,26.6,40.47751512399177
Ds,Ds1_2536,M2,3.75,8.5,26.6,0.18778080008493225
Ds,Ds1_2460,M2,3.75,8.5,27.200000000000003,40.453722443970996
Ds,Ds1_2536,M2,3.75,8.5,27.200000000000003,0.39947912138050395
Ds,Ds1_2460,M2,3.8,8.5,26.0,40.73390017255401
Ds,Ds1_2536,M2,3.8,8.5,26.0,0.03404637885791831
Ds,Ds1_2460,M2,3.8,8.5,26.6,40.72116025044678
Ds,Ds1_2536,M2,3.8,8.5,26.6,0.14725131293544788
Ds,Ds1_2460,M2,3.8,8.5,27.200000000000003,40.69949313936667
Ds,Ds1_2536,M2,3.8,8.5,27.200000000000003,0.3397818371277113
Ds,Ds1_2460,M2,3.85,8.5,26.0,40.97199088268426
Ds,Ds1_2536,M2,3.85,8.5,26.0,0.018527259357044402
Ds,Ds1_2460,M2,3.85,8.5,26.6,40.961373182128945
Ds,Ds1_2536,M2,3.85,8.5,26.6,0.11275277805673722
Ds,Ds1_2460,M2,3.85,8.5,27.200000000000003,40.94177476205137
Ds,Ds1_2536,M2,3.85,8.5,27.200000000000003,0.28667662229058066
Ds,Ds1_2460,M2,3.9,8.5,26.0,41.20679651952312
Ds,Ds1_2536,M2,3.9,8.5,26.0,0.007973840314819907
Ds,Ds1_2460,M2,3.9,8.5,26.6,41.19824568716864
Ds,Ds1_2536,M2,3.9,8.5,26.6,0.08376181621996814
Ds,Ds1_2460,M2,3.9,8.5,27.200000000000003,41.18066147137545
Ds,Ds1_2536,M2,3.9,8.5,27.200000000000003,0.23961472826362343
Ds,Ds1_2460,M2,3.95,8.5,26.0,41.43840241102901
Ds,Ds1_2536,M2,3.95,8.5,26.0,0.0019347148704912205
Ds,Ds1_2460,M2,3.95,8.5,26.6,41.43186537291738
Ds,Ds1_2536,M2,3.95,8.5,26.6,0.05980300000351352
Ds,Ds1_2460,M2,3.95,8.5,27.200000000000003,41.416243123674334
Ds,Ds1_2536,M2,3.95,8.5,27.200000000000003,0.1980969426390595
Ds,Ds1_2460,M2,4.0,8.5,26.0,41.66689016996487
Ds,Ds1_2536,M2,4.0,8.5,26.0,1.2353630158383323e-08
Ds,Ds1_2460,M2,4.0,8.5,26.6,41.66231599818065
Ds,Ds1_2536,M2,4.0,8.5,26.6,0.04044391474443619
Ds,Ds1_2460,M2,4.0,8.5,27.200000000000003,41.64860559521361
Ds,Ds1_2536,M2,4.0,8.5,27.200000000000003,0.1616685266516202
Ds,Ds1_2460,M2,4.05,8.5,26.0,41.89233796377912
Ds,Ds1_2536,M2,4.05,8.5,26.0,0.0017971440665733116
Ds,Ds1_2460,M2,4.05,8.5,26.6,41.88967775301611
Ds,Ds1_2536,M2,4.05,8.5,26.6,0.025290790661395165
Ds,Ds1_2460,M2,4.05,8.5,27.200000000000003,41.87783107174594
Ds,Ds1_2536,M2,4.05,8.5,27.200000000000003,0.12991473510744467
Ds,Ds1_2460,M2,4.1,8.5,26.0,42.11482075692569
Ds,Ds1_2536,M2,4.1,8.5,26.0,0.006987036613962474
Ds,Ds1_2460,M2,4.1,8.5,26.6,42.114027510096584
Ds,Ds1_2536,M2,4.1,8.5,26.6,0.013984632830127401
Ds,Ds1_2460,M2,4.1,8.5,27.200000000000003,42.10399830877546
Ds,Ds1_2536,M2,4.1,8.5,27.200000000000003,0.10245684430575099
Ds,Ds1_2460,M2,4.15,8.5,26.0,42.33441052899068
Ds,Ds1_2536,M2,4.15,8.5,26.0,0.015260790844446183
Ds,Ds1_2460,M2,4.15,8.5,26.6,42.33543905109261
Ds,Ds1_2536,M2,4.15,8.5,26.6,0.006197786017236273
Ds,Ds1_2460,M2,4.15,8.5,27.200000000000003,42.32718286606957
Ds,Ds1_2536,M2,4.15,8.5,27.200000000000003,0.07894862392064568
Ds,Ds1_2460,M2,4.2,8.5,26.0,42.55117647153541
Ds,Ds1_2536,M2,4.2,8.5,26.0,0.026336713095099603
Ds,Ds1_2460,M2,4.2,8.5,26.6,42.55398327106226
Ds,Ds1_2536,M2,4.2,8.5,26.6,0.0016308801237015728
Ds,Ds1_2460,M2,4.2,8.5,27.200000000000003,42.547457319482085
Ds,Ds1_2536,M2,4.2,8.5,27.200000000000003,0.05907319767347513
Ds,Ds1_2460,M2,4.25,8.5,26.0,42.765185166178725
Ds,Ds1_2536,M2,4.25,8.5,26.0,0.03995767275074422
Ds,Ds1_2460,M2,4.25,8.5,26.6,42.76972836344043
Ds,Ds1_2536,M2,4.25,8.5,26.6,1.0109416837491837e-05
Ds,Ds1_2460,M2,4.25,8.5,27.200000000000003,42.764891452747825
Ds,Ds1_2536,M2,4.25,8.5,27.200000000000003,0.04254024515658735
Ds,Ds1_2460,M2,4.3,8.5,26.0,42.9765007461049
Ds,Ds1_2536,M2,4.3,8.5,26.0,0.05588874636025994
Ds,Ds1_2460,M2,4.3,8.5,26.6,42.98273998787604
Ds,Ds1_2536,M2,4.3,8.5,26.6,0.0010848050518961338
Ds,Ds1_2460,M2,4.3,8.5,27.200000000000003,42.979552431557316
Ds,Ds1_2536,M2,4.3,8.5,27.200000000000003,0.029083503582283638
Ds,Ds1_2460,M2,4.35,8.5,26.0,43.185185042901885
Ds,Ds1_2536,M2,4.35,8.5,26.0,0.07391511386534523
Ds,Ds1_2460,M2,4.35,8.5,26.6,43.19308142287659
Ds,Ds1_2536,M2,4.35,8.5,26.6,0.004625265779397646
Ds,Ds1_2460,M2,4.35,8.5,27.200000000000003,43.1915049619252
Ds,Ds1_2536,M2,4.35,8.5,27.200000000000003,0.01845853370535701
Ds,Ds1_2460,M2,4.4,8.5,26.0,43.391297720385325
Ds,Ds1_2536,M2,4.4,8.5,26.0,0.0938401770393295
Ds,Ds1_2460,M2,4.4,8.5,26.6,43.40081370496538
Ds,Ds1_2536,M2,4.4,8.5,26.6,0.010420816348052746
Ds,Ds1_2460,M2,4.4,8.5,27.200000000000003,43.40081143460616
Ds,Ds1_2536,M2,4.4,8.5,27.200000000000003,0.010440718851474122
Ds,Ds1_2460,M2,4.45,8.5,26.0,43.59489639685544
Ds,Ds1_2536,M2,4.45,8.5,26.0,0.11548387412491319
Ds,Ds1_2460,M2,4.45,8.5,26.6,43.60599575584259
Ds,Ds1_2536,M2,4.45,8.5,26.6,0.018278067067717
Ds,Ds1_2460,M2,4.45,8.5,27.200000000000003,43.60753205709249
Ds,Ds1_2536,M2,4.45,8.5,27.200000000000003,0.004823470000217167
Ds,Ds1_2460,M2,4.5,8.5,26.0,43.79603675705047
Ds,Ds1_2536,M2,4.5,8.5,26.0,0.1386811680009674
Ds,Ds1_2460,M2,4.5,8.5,26.6,43.80868449885322
Ds,Ds1_2536,M2,4.5,8.5,26.6,0.028019351393727784
Ds,Ds1_2460,M2,4.5,8.5,27.200000000000003,43.81172497453565
Ds,Ds1_2536,M2,4.5,8.5,27.200000000000003,0.0014166133230294707
Bs,Bs1_5830,M2,10.0,38.0,38.4,9.40447993004558
Bs,Bs1_5830,M2,10.0,38.0,38.5,9.7329810804754
Bs,Bs1_5830,M2,10.0,38.0,38.6,10.067061176559934
Bs,Bs1_5830,M2,10.133333333333333,38.0,38.4,9.305514905643838
Bs,Bs1_5830,M2,10.133333333333333,38.0,38.5,9.629279456939239
Bs,Bs1_5830,M2,10.133333333333333,38.0,38.6,9.958520777900283
Bs,Bs1_5830,M2,10.266666666666667,38.0,38.4,9.209864604791273
Bs,Bs1_5830,M2,10.266666666666667,38.0,38.5,9.529096577683198
Bs,Bs1_5830,M2,10.266666666666667,38.0,38.6,9.853708261239927
Bs,Bs1_5830,M2,10.4,38.0,38.4,9.117369601379803
Bs,Bs1_5830,M2,10.4,38.0,38.5,9.432260606181362
Bs,Bs1_5830,M2,10.4,38.0,38.6,9.752439026351222
Bs,Bs1_5830,M2,10.533333333333333,38.0,38.4,9.02787980652287
Bs,Bs1_5830,M2,10.533333333333333,38.0,38.5,9.338609990688932
Bs,Bs1_5830,M2,10.533333333333333,38.0,38.6,9.65453973581763
Bs,Bs1_5830,M2,10.666666666666666,38.0,38.4,8.941253856928364
Bs,Bs1_5830,M2,10.666666666666666,38.0,38.5,9.247992766690539
Bs,Bs1_5830,M2,10.666666666666666,38.0,38.6,9.559847528441413
Bs,Bs1_5830,M2,10.8,38.0,38.4,8.857358543880574
Bs,Bs1_5830,M2,10.8,38.0,38.5,9.160265908893791
Bs,Bs1_5830,M2,10.8,38.0,38.6,9.468209291498138
Bs,Bs1_5830,M2,10.933333333333334,38.0,38.4,8.776068280687502
Bs,Bs1_5830,M2,10.933333333333334,38.0,38.5,9.075294729583726
Bs,Bs1_5830,M2,10.933333333333334,38.0,38.6,9.379480987565463
Bs,Bs1_5830,M2,11.066666666666666,38.0,38.4,8.69726460639956
Bs,Bs1_5830,M2,11.066666666666666,38.0,38.5,8.99295232023721
Bs,Bs1_5830,M2,11.066666666666666,38.0,38.6,9.293527031876808
Bs,Bs1_5830,M2,11.2,38.0,38.4,8.620835723602957
Bs,Bs1_5830,M2,11.2,38.0,38.5,8.913119033408542
Bs,Bs1_5830,M2,11.2,38.0,38.6,9.210219716383515
Bs,Bs1_5830,M2,11.333333333333334,38.0,38.4,8.546676068131308
Bs,Bs1_5830,M2,11.333333333333334,38.0,38.5,8.835682002035696
Bs,Bs1_5830,M2,11.333333333333334,38.0,38.6,9.129438676950988
Bs,Bs1_5830,M2,11.466666666666667,38.0,38.4,8.47468590860392
Bs,Bs1_5830,M2,11.466666666666667,38.0,38.5,8.76053469346787
Bs,Bs1_5830,M2,11.466666666666667,38.0,38.6,9.051070400355947
Bs,Bs1_5830,M2,11.6,38.0,38.4,8.404770973782835
Bs,Bs1_5830,M2,11.6,38.0,38.5,8.687576495672692
Bs,Bs1_5830,M2,11.6,38.0,38.6,8.975007767985764
Bs,Bs1_5830,M2,11.733333333333334,38.0,38.4,8.336842105836219
Bs,Bs1_5830,M2,11.733333333333334,38.0,38.5,8.616712333240676
Bs,Bs1_5830,M2,11.733333333333334,38.0,38.6,8.901149633369386
Bs,Bs1_5830,M2,11.866666666666667,38.0,38.4,8.270814937697937
Bs,Bs1_5830,M2,11.866666666666667,38.0,38.5,8.547852310963126
Bs,Bs1_5830,M2,11.866666666666667,38.0,38.6,8.829400430884226
Bs,Bs1_5830,M2,12.0,38.0,38.4,8.206609592817191
Bs,Bs1_5830,M2,12.0,38.0,38.5,8.480911382912007
Bs,Bs1_5830,M2,12.0,38.0,38.6,8.759669813188756
Bs,Bs1_5830,M2,12.133333333333333,38.0,38.4,8.144150405698332
Bs,Bs1_5830,M2,12.133333333333333,38.0,38.5,8.415809045099397
Bs,Bs1_5830,M2,12.133333333333333,38.0,38.6,8.691872315121751
Bs,Bs1_5830,M2,12.266666666666666,38.0,38.4,8.083365661733172
Bs,Bs1_5830,M2,12.266666666666666,38.0,38.5,8.352469049932562
Bs,Bs1_5830,M2,12.266666666666666,38.0,38.6,8.625927041988145
Bs,Bs1_5830,M2,12.4,38.0,38.4,8.024187354929868
Bs,Bs1_5830,M2,12.4,38.0,38.5,8.29081914081579
Bs,Bs1_5830,M2,12.4,38.0,38.6,8.561757380318975
Bs,Bs1_5830,M2,12.533333333333333,38.0,38.4,7.966550962237609
Bs,Bs1_5830,M2,12.533333333333333,38.0,38.5,8.230790805372989
Bs,Bs1_5830,M2,12.533333333333333,38.0,38.6,8.499290729345981
Bs,Bs1_5830,M2,12.666666666666666,38.0,38.4,7.910395233258941
Bs,Bs1_5830,M2,12.666666666666666,38.0,38.5,8.172319045882821
Bs,Bs1_5830,M2,12.666666666666666,38.0,38.6,8.4384582515753
Bs,Bs1_5830,M2,12.8,38.0,38.4,7.855661994228323
Bs,Bs1_5830,M2,12.8,38.0,38.5,8.115342165626842
Bs,Bs1_5830,M2,12.8,38.0,38.6,8.379194640975522
Bs,Bs1_5830,M2,12.933333333333334,38.0,38.4,7.802295965216715
Bs,Bs1_5830,M2,12.933333333333334,38.0,38.5,8.059801569951706
Bs,Bs1_5830,M2,12.933333333333334,38.0,38.6,8.321437907417005
Bs,Bs1_5830,M2,13.066666666666666,38.0,38.4,7.750244589600185
Bs,Bs1_5830,M2,13.066666666666666,38.0,38.5,8.005641580941004
Bs,Bs1_5830,M2,13.066666666666666,38.0,38.6,8.26512917611038
Bs,Bs1_5830,M2,13.2,38.0,38.4,7.699457874899752
Bs,Bs1_5830,M2,13.2,38.0,38.5,7.952809264678034
Bs,Bs1_5830,M2,13.2,38.0,38.6,8.21021250089463
Bs,Bs1_5830,M2,13.333333333333334,38.0,38.4,7.649888244169418
Bs,Bs1_5830,M2,13.333333333333334,38.0,38.5,7.901254270161554
Bs,Bs1_5830,M2,13.333333333333334,38.0,38.6,8.156634690319278
Bs,Bs1_5830,M2,13.466666666666667,38.0,38.4,7.601490397168767
Bs,Bs1_5830,M2,13.466666666666667,38.0,38.5,7.850928679010444
Bs,Bs1_5830,M2,13.466666666666667,38.0,38.6,8.104345145550399
Bs,Bs1_5830,M2,13.6,38.0,38.4,7.554221180615625
Bs,Bs1_5830,M2,13.6,38.0,38.5,7.801786865160334
Bs,Bs1_5830,M2,13.6,38.0,38.6,8.053295709210051
Bs,Bs1_5830,M2,13.733333333333334,38.0,38.4,7.508039466867377
Bs,Bs1_5830,M2,13.733333333333334,38.0,38.5,7.753785363819102
Bs,Bs1_5830,M2,13.733333333333334,38.0,38.6,8.00344052433002
Bs,Bs1_5830,M2,13.866666666666667,38.0,38.4,7.462906040428401
Bs,Bs1_5830,M2,13.866666666666667,38.0,38.5,7.706882749004421
Bs,Bs1_5830,M2,13.866666666666667,38.0,38.6,7.9547359026675215
Bs,Bs1_5830,M2,14.0,38.0,38.4,7.418783491727198
Bs,Bs1_5830,M2,14.0,38.0,38.5,7.661039519040913
Bs,Bs1_5830,M2,14.0,38.0,38.6,7.907140201690805
Bs,Bs1_5830,M2,10.0,39.5,38.4,9.397870833611359
Bs,Bs1_5830,M2,10.0,39.5,38.5,9.734995812429581
Bs,Bs1_5830,M2,10.0,39.5,38.6,10.078001117806588
Bs,Bs1_5830,M2,10.133333333333333,39.5,38.4,9.298532413280078
Bs,Bs1_5830,M2,10.133333333333333,39.5,38.5,9.630950717217448
Bs,Bs1_5830,M2,10.133333333333333,39.5,38.6,9.969147331357881
Bs,Bs1_5830,M2,10.266666666666667,39.5,38.4,9.202515501066076
Bs,Bs1_5830,M2,10.266666666666667,39.5,38.5,9.53043039039627
Bs,Bs1_5830,M2,10.266666666666667,39.5,38.6,9.864026706139667
Bs,Bs1_5830,M2,10.4,39.5,38.4,9.109660517883112
Bs,Bs1_5830,M2,10.4,39.5,38.5,9.433262868378884
Bs,Bs1_5830,M2,10.4,39.5,38.6,9.76245453949833
Bs,Bs1_5830,M2,10.533333333333333,39.5,38.4,9.019817224827042
Bs,Bs1_5830,M2,10.533333333333333,39.5,38.5,9.339286474025899
Bs,Bs1_5830,M2,10.533333333333333,39.5,38.6,9.664257392061378
Bs,Bs1_5830,M2,10.666666666666666,39.5,38.4,8.932844111656719
Bs,Bs1_5830,M2,10.666666666666666,39.5,38.5,9.248349119290962
Bs,Bs1_5830,M2,10.666666666666666,39.5,38.6,9.569272301422492
Bs,Bs1_5830,M2,10.8,39.5,38.4,8.848607825852024
Bs,Bs1_5830,M2,10.8,39.5,38.5,9.160307657370792
Bs,Bs1_5830,M2,10.8,39.5,38.6,9.477346054626212
Bs,Bs1_5830,M2,10.933333333333334,39.5,38.4,8.766982640111339
Bs,Bs1_5830,M2,10.933333333333334,39.5,38.5,9.075027281184036
Bs,Bs1_5830,M2,10.933333333333334,39.5,38.6,9.388334515188209
Bs,Bs1_5830,M2,11.066666666666666,39.5,38.4,8.687849956097544
Bs,Bs1_5830,M2,11.066666666666666,39.5,38.5,8.992380965080281
Bs,Bs1_5830,M2,11.066666666666666,39.5,38.6,9.30210200060529
Bs,Bs1_5830,M2,11.2,39.5,38.4,8.611097842240106
Bs,Bs1_5830,M2,11.2,39.5,38.5,8.912248946796689
Bs,Bs1_5830,M2,11.2,39.5,38.6,9.218520706544995
Bs,Bs1_5830,M2,11.333333333333334,39.5,38.4,8.536620603440396
Bs,Bs1_5830,M2,11.333333333333334,39.5,38.5,8.834518246814804
Bs,Bs1_5830,M2,11.333333333333334,39.5,38.6,9.137470174144417
Bs,Bs1_5830,M2,11.466666666666667,39.5,38.4,8.464318380590381
Bs,Bs1_5830,M2,11.466666666666667,39.5,38.5,8.759082222420975
Bs,Bs1_5830,M2,11.466666666666667,39.5,38.6,9.058836797088173
Bs,Bs1_5830,M2,11.6,39.5,38.4,8.394096777899422
Bs,Bs1_5830,M2,11.6,39.5,38.5,8.685840153931714
Bs,Bs1_5830,M2,11.6,39.5,38.6,8.982513365370203
Bs,Bs1_5830,M2,11.733333333333334,39.5,38.4,8.3258665161191
Bs,Bs1_5830,M2,11.733333333333334,39.5,38.5,8.614696860704237
Bs,Bs1_5830,M2,11.733333333333334,39.5,38.6,8.908398642871445
Bs,Bs1_5830,M2,11.866666666666667,39.5,38.4,8.259543109856653
Bs,Bs1_5830,M2,11.866666666666667,39.5,38.5,8.545562344709571
Bs,Bs1_5830,M2,11.866666666666667,39.5,38.6,8.836396976099914
Bs,Bs1_5830,M2,12.0,39.5,38.4,8.195046567273153
Bs,Bs1_5830,M2,12.0,39.5,38.5,8.478351459599187
Bs,Bs1_5830,M2,12.0,39.5,38.6,8.76641793164499
Bs,Bs1_5830,M2,12.133333333333333,39.5,38.4,8.132301110567107
Bs,Bs1_5830,M2,12.133333333333333,39.5,38.5,8.412983603343594
Bs,Bs1_5830,M2,12.133333333333333,39.5,38.6,8.698375960088432
Bs,Bs1_5830,M2,12.266666666666666,39.5,38.4,8.071234915747288
Bs,Bs1_5830,M2,12.266666666666666,39.5,38.5,8.349382432661026
Bs,Bs1_5830,M2,12.266666666666666,39.5,38.6,8.632190084293935
Bs,Bs1_5830,M2,12.4,39.5,38.4,8.011779870299064
Bs,Bs1_5830,M2,12.4,39.5,38.5,8.287475597587234
Bs,Bs1_5830,M2,12.4,39.5,38.6,8.56778361016337
Bs,Bs1_5830,M2,12.533333333333333,39.5,38.4,7.953871347444899
Bs,Bs1_5830,M2,12.533333333333333,39.5,38.5,8.227194494662436
Bs,Bs1_5830,M2,12.533333333333333,39.5,38.6,8.505083858101894
Bs,Bs1_5830,M2,12.666666666666666,39.5,38.4,7.897447995791228
Bs,Bs1_5830,M2,12.666666666666666,39.5,38.5,8.168474037327622
Bs,Bs1_5830,M2,12.666666666666666,39.5,38.6,8.44402191357725
Bs,Bs1_5830,M2,12.8,39.5,38.4,7.842451543240313
Bs,Bs1_5830,M2,12.8,39.5,38.5,8.111252442230695
Bs,Bs1_5830,M2,12.8,39.5,38.6,8.38453239528881
Bs,Bs1_5830,M2,12.933333333333334,39.5,38.4,7.788826614128084
Bs,Bs1_5830,M2,12.933333333333334,39.5,38.5,8.055471030245153
Bs,Bs1_5830,M2,12.933333333333334,39.5,38.6,8.326553239584678
Bs,Bs1_5830,M2,13.066666666666666,39.5,38.4,7.736520558625782
Bs,Bs1_5830,M2,13.066666666666666,39.5,38.5,8.00107404109667
Bs,Bs1_5830,M2,13.066666666666666,39.5,38.6,8.270025499875066
Bs,Bs1_5830,M2,13.2,39.5,38.4,7.685483293513325
Bs,Bs1_5830,M2,13.2,39.5,38.5,7.948008460579682
Bs,Bs1_5830,M2,13.2,39.5,38.6,8.214893159892886
Bs,Bs1_5830,M2,13.333333333333334,39.5,38.4,7.635667153501225
Bs,Bs1_5830,M2,13.333333333333334,39.5,38.5,7.896223859425969
Bs,Bs1_5830,M2,13.333333333333334,39.5,38.6,8.161102959746541
Bs,Bs1_5830,M2,13.466666666666667,39.5,38.4,7.587026752337626
Bs,Bs1_5830,M2,13.466666666666667,39.5,38.5,7.84567224296175
Bs,Bs1_5830,M2,13.466666666666667,39.5,38.6,8.108604233794791
Bs,Bs1_5830,M2,13.6,39.5,38.4,7.539518852996829
Bs,Bs1_5830,M2,13.6,39.5,38.5,7.796307910756873
Bs,Bs1_5830,M2,13.6,39.5,38.6,8.057348759454436
Bs,Bs1_5830,M2,13.733333333333334,39.5,38.4,7.4931022462968295
Bs,Bs1_5830,M2,13.733333333333334,39.5,38.5,7.748087325532306
Bs,Bs1_5830,M2,13.733333333333334,39.5,38.6,8.007290616120688
Bs,Bs1_5830,M2,13.866666666666667,39.5,38.4,7.447737637344846
Bs,Bs1_5830,M2,13.866666666666667,39.5,38.5,7.700968990650639
Bs,Bs1_5830,M2,13.866666666666667,39.5,38.6,7.95838605344969
Bs,Bs1_5830,M2,14.0,39.5,38.4,7.403387539253249
Bs,Bs1_5830,M2,14.0,39.5,38.5,7.654913335566035
Bs,Bs1_5830,M2,14.0,39.5,38.6,7.910593368309855
Bs,Bs1_5830,M2,10.0,41.0,38.4,9.225625740548486
Bs,Bs1_5830,M2,10.0,41.0,38.5,9.56715895971823
Bs,Bs1_5830,M2,10.0,41.0,38.6,9.914840255528384
Bs,Bs1_5830,M2,10.133333333333333,41.0,38.4,9.124912485367757
Bs,Bs1_5830,M2,10.133333333333333,41.0,38.5,9.461769106702503
Bs,Bs1_5830,M2,10.133333333333333,41.0,38.6,9.804672586967587
Bs,Bs1_5830,M2,10.266666666666667,41.0,38.4,9.027549175844868
Bs,Bs1_5830,M2,10.266666666666667,41.0,38.5,9.359931543466523
Bs,Bs1_5830,M2,10.266666666666667,41.0,38.6,9.698264685736449
Bs,Bs1_5830,M2,10.4,41.0,38.4,8.933375430242725
Bs,Bs1_5830,M2,10.4,41.0,38.5,9.261473538894121
Bs,Bs1_5830,M2,10.4,41.0,38.6,9.59543111613639
Bs,Bs1_5830,M2,10.533333333333333,41.0,38.4,8.8422402387139
Bs,Bs1_5830,M2,10.533333333333333,41.0,38.5,9.166232678195962
Bs,Bs1_5830,M2,10.533333333333333,41.0,38.6,9.495997733855317
Bs,Bs1_5830,M2,10.666666666666666,41.0,38.4,8.754001350078854
Bs,Bs1_5830,M2,10.666666666666666,41.0,38.5,9.074056163974298
Bs,Bs1_5830,M2,10.666666666666666,41.0,38.6,9.399800898190158
Bs,Bs1_5830,M2,10.8,41.0,38.4,8.668524699302093
Bs,Bs1_5830,M2,10.8,41.0,38.5,8.984800166903721
Bs,Bs1_5830,M2,10.8,41.0,38.6,9.306686743170276
Bs,Bs1_5830,M2,10.933333333333334,41.0,38.4,8.585683873518475
Bs,Bs1_5830,M2,10.933333333333334,41.0,38.5,8.898329222841792
Bs,Bs1_5830,M2,10.933333333333334,41.0,38.6,9.216510503309014
Bs,Bs1_5830,M2,11.066666666666666,41.0,38.4,8.505359614408322
Bs,Bs1_5830,M2,11.066666666666666,41.0,38.5,8.81451567326245
Bs,Bs1_5830,M2,11.066666666666666,41.0,38.6,9.12913588992961
Bs,Bs1_5830,M2,11.2,41.0,38.4,8.427439354720697
Bs,Bs1_5830,M2,11.2,41.0,38.5,8.733239146021104
Bs,Bs1_5830,M2,11.2,41.0,38.6,9.04443451424766
Bs,Bs1_5830,M2,11.333333333333334,41.0,38.4,8.351816786783562
Bs,Bs1_5830,M2,11.333333333333334,41.0,38.5,8.654386073597239
Bs,Bs1_5830,M2,11.333333333333334,41.0,38.6,8.962285353633604
Bs,Bs1_5830,M2,11.466666666666667,41.0,38.4,8.278391460904421
Bs,Bs1_5830,M2,11.466666666666667,41.0,38.5,8.577849246111343
Bs,Bs1_5830,M2,11.466666666666667,41.0,38.6,8.882574257719188
Bs,Bs1_5830,M2,11.6,41.0,38.4,8.207068411650011
Bs,Bs1_5830,M2,11.6,41.0,38.5,8.503527396572194
Bs,Bs1_5830,M2,11.6,41.0,38.6,8.805193491247847
Bs,Bs1_5830,M2,11.733333333333334,41.0,38.4,8.137757810088711
Bs,Bs1_5830,M2,11.733333333333334,41.0,38.5,8.43132481596902
Bs,Bs1_5830,M2,11.733333333333334,41.0,38.6,8.730041310795889
Bs,Bs1_5830,M2,11.866666666666667,41.0,38.4,8.070374640181715
Bs,Bs1_5830,M2,11.866666666666667,41.0,38.5,8.361150995981674
Bs,Bs1_5830,M2,11.866666666666667,41.0,38.6,8.657021572706663
Bs,Bs1_5830,M2,12.0,41.0,38.4,8.004838397613964
Bs,Bs1_5830,M2,12.0,41.0,38.5,8.292920297234948
Bs,Bs1_5830,M2,12.0,41.0,38.6,8.586043369786134
Bs,Bs1_5830,M2,12.133333333333333,41.0,38.4,7.941072809461818
Bs,Bs1_5830,M2,12.133333333333333,41.0,38.5,8.226551641172788
Bs,Bs1_5830,M2,12.133333333333333,41.0,38.6,8.517020694498656
Bs,Bs1_5830,M2,12.266666666666666,41.0,38.4,7.879005573197182
Bs,Bs1_5830,M2,12.266666666666666,41.0,38.5,8.161968223765523
Bs,Bs1_5830,M2,12.266666666666666,41.0,38.6,8.449872126581523
Bs,Bs1_5830,M2,12.4,41.0,38.4,7.818568113628846
Bs,Bs1_5830,M2,12.4,41.0,38.5,8.099097249399364
Bs,Bs1_5830,M2,12.4,41.0,38.6,8.38452054316353
Bs,Bs1_5830,M2,12.533333333333333,41.0,38.4,7.759695356478699
Bs,Bs1_5830,M2,12.533333333333333,41.0,38.5,8.037869683420375
Bs,Bs1_5830,M2,12.533333333333333,41.0,38.6,8.320892849627446
Bs,Bs1_5830,M2,12.666666666666666,41.0,38.4,7.702325517382023
Bs,Bs1_5830,M2,12.666666666666666,41.0,38.5,7.978220021922765
Bs,Bs1_5830,M2,12.666666666666666,41.0,38.6,8.258919729598624
Bs,Bs1_5830,M2,12.8,41.0,38.4,7.64639990518818
Bs,Bs1_5830,M2,12.8,41.0,38.5,7.920086077480132
Bs,Bs1_5830,M2,12.8,41.0,38.6,8.198535412574081
Bs,Bs1_5830,M2,12.933333333333334,41.0,38.4,7.591862738519775
Bs,Bs1_5830,M2,12.933333333333334,41.0,38.5,7.863408779619075
Bs,Bs1_5830,M2,12.933333333333334,41.0,38.6,8.139677457827421
Bs,Bs1_5830,M2,13.066666666666666,41.0,38.4,7.538660974626244
Bs,Bs1_5830,M2,13.066666666666666,41.0,38.5,7.808131988929499
Bs,Bs1_5830,M2,13.066666666666666,41.0,38.6,8.082286553336422
Bs,Bs1_5830,M2,13.2,41.0,38.4,7.486744149637804
Bs,Bs1_5830,M2,13.2,41.0,38.5,7.754202323791169
Bs,Bs1_5830,M2,13.2,41.0,38.6,8.026306328582505
Bs,Bs1_5830,M2,13.333333333333334,41.0,38.4,7.436064229394446
Bs,Bs1_5830,M2,13.333333333333334,41.0,38.5,7.70156899877744
Bs,Bs1_5830,M2,13.333333333333334,41.0,38.6,7.971683180165447
Bs,Bs1_5830,M2,13.466666666666667,41.0,38.4,7.38657547008517
Bs,Bs1_5830,M2,13.466666666666667,41.0,38.5,7.650183673870387
Bs,Bs1_5830,M2,13.466666666666667,41.0,38.6,7.918366109261773
Bs,Bs1_5830,M2,13.6,41.0,38.4,7.33823428799202
Bs,Bs1_5830,M2,13.6,41.0,38.5,7.60000031369004
Bs,Bs1_5830,M2,13.6,41.0,38.6,7.866306570036218
Bs,Bs1_5830,M2,13.733333333333334,41.0,38.4,7.290999137685289
Bs,Bs1_5830,M2,13.733333333333334,41.0,38.5,7.550975056002628
Bs,Bs1_5830,M2,13.733333333333334,41.0,38.6,7.81545832818512
Bs,Bs1_5830,M2,13.866666666666667,41.0,38.4,7.2448303980666635
Bs,Bs1_5830,M2,13.866666666666667,41.0,38.5,7.503066088830274
Bs,Bs1_5830,M2,13.866666666666667,41.0,38.6,7.765777328859316
Bs,Bs1_5830,M2,14.0,41.0,38.4,7.199690265702994
Bs,Bs1_5830,M2,14.0,41.0,38.5,7.456233535539183
Bs,Bs1_5830,M2,14.0,41.0,38.6,7.71722157327351
Ds,Ds1_2460,s0,3.75,7.5,26.0,29.11071664210951
Ds,Ds1_2536,s0,3.75,7.5,26.0,1.0649826731138294
Ds,Ds1_2460,s0,3.75,7.5,26.6,29.068445566796637
Ds,Ds1_2536,s0,3.75,7.5,26.6,1.4410948082447976
Ds,Ds1_2460,s0,3.75,7.5,27.200000000000003,29.01983482239285
Ds,Ds1_2536,s0,3.75,7.5,27.200000000000003,1.8736149353692264
Ds,Ds1_2460,s0,3.75,7.525,26.0,29.397217652105965
Ds,Ds1_2536,s0,3.75,7.525,26.0,1.0231459565649605
Ds,Ds1_2460,s0,3.75,7.525,26.6,29.355502090999764
Ds,Ds1_2536,s0,3.75,7.525,26.6,1.3943153351462672
Ds,Ds1_2460,s0,3.75,7.525,27.200000000000003,29.30738275150132
Ds,Ds1_2536,s0,3.75,7.525,27.200000000000003,1.8224631261806319
Ds,Ds1_2460,s0,3.75,7.55,26.0,29.683824643114857
Ds,Ds1_2536,s0,3.75,7.55,26.0,0.9821848104642271
Ds,Ds1_2460,s0,3.75,7.55,26.6,29.64267231830659
Ds,Ds1_2536,s0,3.75,7.55,26.6,1.3483427242309667
Ds,Ds1_2460,s0,3.75,7.55,27.200000000000003,29.595052100756032
Ds,Ds1_2536,s0,3.75,7.55,27.200000000000003,1.7720495158319292
Ds,Ds1_2460,s0,3.75,7.575,26.0,29.970519523214758
Ds,Ds1_2536,s0,3.75,7.575,26.0,0.9420985004943582
Ds,Ds1_2460,s0,3.75,7.575,26.6,29.92993806544469
Ds,Ds1_2536,s0,3.75,7.575,26.6,1.3031770539887402
Ds,Ds1_2460,s0,3.75,7.575,27.200000000000003,29.8828245995234
Ds,Ds1_2536,s0,3.75,7.575,27.200000000000003,1.7223749601201
Ds,Ds1_2460,s0,3.75,7.6,26.0,30.257284396037363
Ds,Ds1_2536,s0,3.75,7.6,26.0,0.9028861361461278
Ds,Ds1_2460,s0,3.75,7.6,26.6,30.2172813446786
Ds,Ds1_2536,s0,3.75,7.6,26.6,1.2588182468609752
Ds,Ds1_2460,s0,3.75,7.6,27.200000000000003,30.17068217264388
Ds,Ds1_2536,s0,3.75,7.6,27.200000000000003,1.673440159352965
Ds,Ds1_2460,s0,3.75,7.625,26.0,30.544101560876154
Ds,Ds1_2536,s0,3.75,7.625,26.0,0.8645466741524729
Ds,Ds1_2460,s0,3.75,7.625,26.6,30.504684363938377
Ds,Ds1_2536,s0,3.75,7.625,26.6,1.2152660724978952
Ds,Ds1_2460,s0,3.75,7.625,27.200000000000003,30.458606940580527
Ds,Ds1_2536,s0,3.75,7.625,27.200000000000003,1.6252456614291668
Ds,Ds1_2460,s0,3.75,7.65,26.0,30.83095351274029
Ds,Ds1_2536,s0,3.75,7.65,26.0,0.8270789218803984
Ds,Ds1_2460,s0,3.75,7.65,26.6,30.792129526892907
Ds,Ds1_2536,s0,3.75,7.65,26.6,1.1725201509778438
Ds,Ds1_2460,s0,3.75,7.65,27.200000000000003,30.746581219511793
Ds,Ds1_2536,s0,3.75,7.65,27.200000000000003,1.5777918648843159
Ds,Ds1_2460,s0,3.75,7.675,26.0,31.11782294235643
Ds,Ds1_2536,s0,3.75,7.675,26.0,0.790481540680394
Ds,Ds1_2460,s0,3.75,7.675,26.6,31.079599432970685
Ds,Ds1_2536,s0,3.75,7.675,26.6,1.1305799559883092
Ds,Ds1_2460,s0,3.75,7.675,27.200000000000003,31.034587521371193
Ds,Ds1_2536,s0,3.75,7.675,27.200000000000003,1.5310790219029153
Ds,Ds1_2460,s0,3.75,7.7,26.0,31.404692736119003
Ds,Ds1_2536,s0,3.75,7.7,26.0,0.7547530491938176
Ds,Ds1_2460,s0,3.75,7.7,26.6,31.367076877328454
Ds,Ds1_2536,s0,3.75,7.7,26.6,1.0894448179689664
Ds,Ds1_2460,s0,3.75,7.7,27.200000000000003,31.32260855383466
Ds,Ds1_2536,s0,3.75,7.7,27.200000000000003,1.4851072412963484
Ds,Ds1_2460,s0,3.75,7.725,26.0,31.691545975991033
Ds,Ds1_2536,s0,3.75,7.725,26.0,0.7198918266180869
Ds,Ds1_2460,s0,3.75,7.725,26.6,31.654544850770165
Ds,Ds1_2536,s0,3.75,7.725,26.6,1.049113927216653
Ds,Ds1_2460,s0,3.75,7.725,27.200000000000003,31.61062722025747
Ds,Ds1_2536,s0,3.75,7.725,27.200000000000003,1.439876491446763
Ds,Ds1_2460,s0,3.75,7.75,26.0,31.97836593935651
Ds,Ds1_2536,s0,3.75,7.75,26.0,0.6858961159299208
Ds,Ds1_2460,s0,3.75,7.75,26.6,31.941986539616806
Ds,Ds1_2536,s0,3.75,7.75,26.6,1.0095863369523015
Ds,Ds1_2460,s0,3.75,7.75,27.200000000000003,31.89862661956182
Ds,Ds1_2536,s0,3.75,7.75,27.200000000000003,1.3953866032168172
Ds,Ds1_2460,s0,3.75,7.775,26.0,32.265136098825856
Ds,Ds1_2536,s0,3.75,7.775,26.0,0.6527640270666636
Ds,Ds1_2460,s0,3.75,7.775,26.6,32.22938532552905
Ds,Ds1_2536,s0,3.75,7.775,26.6,0.970860966349953
Ds,Ds1_2460,s0,3.75,7.775,27.200000000000003,32.18659004607662
Ds,Ds1_2536,s0,3.75,7.775,27.200000000000003,1.3516372728253259
Ds,Ds1_2460,s0,3.75,7.8,26.0,32.55184012199572
Ds,Ds1_2536,s0,3.75,7.8,26.0,0.6204935400659269
Ds,Ds1_2460,s0,3.75,7.8,26.6,32.516724785283735
Ds,Ds1_2536,s0,3.75,7.8,26.6,0.9329366035279244
Ds,Ds1_2460,s0,3.75,7.8,27.200000000000003,32.474500989330934
Ds,Ds1_2536,s0,3.75,7.8,27.200000000000003,1.3086280646888835
Ds,Ds1_2460,s0,3.75,7.825,26.0,32.838461871165016
Ds,Ds1_2536,s0,3.75,7.825,26.0,0.5890825081636429
Ds,Ds1_2460,s0,3.75,7.825,26.6,32.80398869050609
Ds,Ds1_2536,s0,3.75,7.825,26.6,0.8958119085021877
Ds,Ds1_2460,s0,3.75,7.825,27.200000000000003,32.76234313380246
Ds,Ds1_2536,s0,3.75,7.825,27.200000000000003,1.2663584142293982
Ds,Ds1_2460,s0,3.75,7.85,26.0,33.124985403007265
Ds,Ds1_2536,s0,3.75,7.85,26.0,0.558528660850683
Ds,Ds1_2460,s0,3.75,7.85,26.6,33.09116100735802
Ds,Ds1_2536,s0,3.75,7.85,26.6,0.8594854161020781
Ds,Ds1_2460,s0,3.75,7.85,27.200000000000003,33.05010035862184
Ds,Ds1_2536,s0,3.75,7.85,27.200000000000003,1.224827630647637
Ds,Ds1_2460,s0,3.75,7.875,26.0,33.41139496820221
Ds,Ds1_2536,s0,3.75,7.875,26.0,0.5288296068882693
Ds,Ds1_2460,s0,3.75,7.875,26.6,33.37822589618507
Ds,Ds1_2536,s0,3.75,7.875,26.6,0.8239555388484678
Ds,Ds1_2460,s0,3.75,7.875,27.200000000000003,33.33775673723518
Ds,Ds1_2536,s0,3.75,7.875,27.200000000000003,1.1840348996628534
Ds,Ds1_2460,s0,3.75,7.9,26.0,33.69767501102609
Ds,Ds1_2536,s0,3.75,7.9,26.0,0.49998283728229514
Ds,Ds1_2460,s0,3.75,7.9,26.6,33.66516771112179
Ds,Ds1_2536,s0,3.75,7.9,26.6,0.7892205697944875
Ds,Ds1_2460,s0,3.75,7.9,27.200000000000003,33.625296537024646
Ds,Ds1_2536,s0,3.75,7.9,27.200000000000003,1.1439792862184812
Ds,Ds1_2460,s0,3.75,7.925,26.0,33.983810168903744
Ds,Ds1_2536,s0,3.75,7.925,26.0,0.47198572821684465
Ds,Ds1_2460,s0,3.75,7.925,26.6,33.9519709996583
Ds,Ds1_2536,s0,3.75,7.925,26.6,0.7552786853289937
Ds,Ds1_2460,s0,3.75,7.925,27.200000000000003,33.91270421888973
Ds,Ds1_2536,s0,3.75,7.925,27.200000000000003,1.104659737154148
Ds,Ds1_2460,s0,3.75,7.95,26.0,34.2697852719219
Ds,Ds1_2536,s0,3.75,7.95,26.0,0.4448355439470337
Ds,Ds1_2460,s0,3.75,7.95,26.6,34.23862050216802
Ds,Ds1_2536,s0,3.75,7.95,26.6,0.7221279479429042
Ds,Ds1_2460,s0,3.75,7.95,27.200000000000003,34.19996443678937
Ds,Ds1_2536,s0,3.75,7.95,27.200000000000003,1.0660750838439237
Ds,Ds1_2460,s0,3.75,7.975,26.0,34.55558534230636
Ds,Ds1_2536,s0,3.75,7.975,26.0,0.41852943965142253
Ds,Ds1_2460,s0,3.75,7.975,26.6,34.52510115139846
Ds,Ds1_2536,s0,3.75,7.975,26.6,0.6897663089585261
Ds,Ds1_2460,s0,3.75,7.975,27.200000000000003,34.48706203724695
Ds,Ds1_2536,s0,3.75,7.975,27.200000000000003,1.0282240448009805
Ds,Ds1_2460,s0,3.75,8.0,26.0,34.841195593863446
Ds,Ds1_2536,s0,3.75,8.0,26.0,0.39306446424421343
Ds,Ds1_2460,s0,3.75,8.0,26.6,34.81139807192631
Ds,Ds1_2536,s0,3.75,8.0,26.6,0.6581916112220542
Ds,Ds1_2460,s0,3.75,8.0,27.200000000000003,34.77398205881862
Ds,Ds1_2536,s0,3.75,8.0,27.200000000000003,0.9911052282487866
Ds,Ds1_2460,s0,3.75,8.025,26.0,35.126601431386554
Ds,Ds1_2536,s0,3.75,8.025,26.0,0.36843756314754805
Ds,Ds1_2460,s0,3.75,8.025,26.6,35.097496579576934
Ds,Ds1_2536,s0,3.75,8.025,26.6,0.6274015917595711
Ds,Ds1_2460,s0,3.75,8.025,27.200000000000003,35.06070973152652
Ds,Ds1_2536,s0,3.75,8.025,27.200000000000003,0.9547171346590169
Ds,Ds1_2460,s0,3.75,8.05,26.0,35.41178845003022
Ds,Ds1_2536,s0,3.75,8.05,26.0,0.3446455810239594
Ds,Ds1_2460,s0,3.75,8.05,26.6,35.38338218081123
Ds,Ds1_2536,s0,3.75,8.05,26.6,0.5973938843963977
Ds,Ds1_2460,s0,3.75,8.05,27.200000000000003,35.347230476258225
Ds,Ds1_2536,s0,3.75,8.05,27.200000000000003,0.9190581592560939
Ds,Ds1_2460,s0,3.75,8.075,26.0,35.69674243465086
Ds,Ds1_2536,s0,3.75,8.075,26.0,0.3216852644694543
Ds,Ds1_2460,s0,3.75,8.075,26.6,35.669040572078664
Ds,Ds1_2536,s0,3.75,8.075,26.6,0.5681660223403641
Ds,Ds1_2460,s0,3.75,8.075,27.200000000000003,35.633529904132416
Ds,Ds1_2536,s0,3.75,8.075,27.200000000000003,0.8841265944887922
Ds,Ds1_2460,s0,3.75,8.1,26.0,35.98144935911768
Ds,Ds1_2536,s0,3.75,8.1,26.0,0.2995532646673333
Ds,Ds1_2460,s0,3.75,8.1,26.6,35.95445763914015
Ds,Ds1_2536,s0,3.75,8.1,26.6,0.5397154407289791
Ds,Ds1_2460,s0,3.75,8.1,27.200000000000003,35.91959381583408
Ds,Ds1_2536,s0,3.75,8.1,27.200000000000003,0.8499206324688636
Ds,Ds1_2460,s0,3.75,8.125,26.0,36.265895385592266
Ds,Ds1_2536,s0,3.75,8.125,26.0,0.27824614000305087
Ds,Ds1_2460,s0,3.75,8.125,26.6,36.239619456359364
Ds,Ds1_2536,s0,3.75,8.125,26.6,0.5120394791407252
Ds,Ds1_2460,s0,3.75,8.125,27.200000000000003,36.20540820091741
Ds,Ds1_2536,s0,3.75,8.125,27.200000000000003,0.8164383673768772
Ds,Ds1_2460,s0,3.75,8.15,26.0,36.55006686377941
Ds,Ds1_2536,s0,3.75,8.15,26.0,0.2577603586404115
Ds,Ds1_2460,s0,3.75,8.15,26.6,36.52451228596476
Ds,Ds1_2536,s0,3.75,8.15,26.6,0.4851353840708022
Ds,Ds1_2460,s0,3.75,8.15,27.200000000000003,36.490959237079664
Ds,Ds1_2536,s0,3.75,8.15,27.200000000000003,0.783677797835475
Ds,Ds1_2460,s0,3.75,8.175,26.0,36.83395033015043
Ds,Ds1_2536,s0,3.75,8.175,26.0,0.23809230105934268
Ds,Ds1_2460,s0,3.75,8.175,26.6,36.80912257728394
Ds,Ds1_2536,s0,3.75,8.175,26.6,0.459000311371417
Ds,Ds1_2460,s0,3.75,8.175,27.200000000000003,36.77623328940642
Ds,Ds1_2536,s0,3.75,8.175,27.200000000000003,0.7516368292501866
Ds,Ds1_2460,s0,3.75,8.2,26.0,37.11753250713871
Ds,Ds1_2536,s0,3.75,8.2,26.0,0.21923826255555082
Ds,Ds1_2460,s0,3.75,8.2,26.6,37.093436965949714
Ds,Ds1_2536,s0,3.75,8.2,26.6,0.43363132865693466
Ds,Ds1_2460,s0,3.75,8.2,27.200000000000003,37.06121690958874
Ds,Ds1_2536,s0,3.75,8.2,27.200000000000003,0.7203132761179815
Ds,Ds1_2460,s0,3.75,8.225,26.0,37.40080030230937
Ds,Ds1_2536,s0,3.75,8.225,26.0,0.20119445570232683
Ds,Ds1_2460,s0,3.75,8.225,26.6,37.37744227308014
Ds,Ds1_2536,s0,3.75,8.225,26.6,0.40902541767407613
Ds,Ds1_2460,s0,3.75,8.225,27.200000000000003,37.34589683511355
Ds,Ds1_2536,s0,3.75,8.225,27.200000000000003,0.6897048643037534
Ds,Ds1_2460,s0,3.75,8.25,26.0,37.68374080750366
Ds,Ds1_2536,s0,3.75,8.25,26.0,0.18395701277486584
Ds,Ds1_2460,s0,3.75,8.25,26.6,37.661125504432874
Ds,Ds1_2536,s0,3.75,8.25,26.6,0.3851794766375112
Ds,Ds1_2460,s0,3.75,8.25,27.200000000000003,37.6302599884283
Ds,Ds1_2536,s0,3.75,8.25,27.200000000000003,0.6598092332850022
Ds,Ds1_2460,s0,3.75,8.275,26.0,37.9663412979591
Ds,Ds1_2536,s0,3.75,8.275,26.0,0.16752198813724226
Ds,Ds1_2460,s0,3.75,8.275,26.6,37.944473849534994
Ds,Ds1_2536,s0,3.75,8.275,26.6,0.3620903225308582
Ds,Ds1_2460,s0,3.75,8.275,27.200000000000003,37.914293476080694
Ds,Ds1_2536,s0,3.75,8.275,27.200000000000003,0.6306239383646746
Ds,Ds1_2460,s0,3.75,8.3,26.0,38.248589231406505
Ds,Ds1_2536,s0,3.75,8.3,26.0,0.15188536059254323
Ds,Ds1_2460,s0,3.75,8.3,26.6,38.227474680789285
Ds,Ds1_2536,s0,3.75,8.3,26.6,0.33975469337364744
Ds,Ds1_2460,s0,3.75,8.3,27.200000000000003,38.19798458783454
Ds,Ds1_2536,s0,3.75,8.3,27.200000000000003,0.602146452852706
Ds,Ds1_2460,s0,3.75,8.325,26.0,38.53047224714389
Ds,Ds1_2536,s0,3.75,8.325,26.0,0.13704303569628518
Ds,Ds1_2460,s0,3.75,8.325,26.6,38.5101155525573
Ds,Ds1_2536,s0,3.75,8.325,26.6,0.31816925045423744
Ds,Ds1_2460,s0,3.75,8.325,27.200000000000003,38.481320795762194
Ds,Ds1_2536,s0,3.75,8.325,27.200000000000003,0.5743741702161628
Ds,Ds1_2460,s0,3.75,8.35,26.0,38.811978165089535
Ds,Ds1_2536,s0,3.75,8.35,26.0,0.12299084803357024
Ds,Ds1_2460,s0,3.75,8.35,26.6,38.79238420022111
Ds,Ds1_2536,s0,3.75,8.35,26.6,0.2973305805291448
Ds,Ds1_2460,s0,3.75,8.35,27.200000000000003,38.764289753315175
Ds,Ds1_2536,s0,3.75,8.35,27.200000000000003,0.5473044061984319
Ds,Ds1_2460,s0,3.75,8.375,26.0,39.093094984813696
Ds,Ds1_2536,s0,3.75,8.375,26.0,0.10972456346016478
Ds,Ds1_2460,s0,3.75,8.375,26.6,39.07426853922344
Ds,Ds1_2536,s0,3.75,8.375,26.6,0.2772351979888828
Ds,Ds1_2460,s0,3.75,8.375,27.200000000000003,39.04687929437318
Ds,Ds1_2536,s0,3.75,8.375,27.200000000000003,0.520934400907468
Ds,Ds1_2460,s0,3.75,8.4,26.0,39.37381088455049
Ds,Ds1_2536,s0,3.75,8.4,26.0,0.09723988130794957
Ds,Ds1_2460,s0,3.75,8.4,26.6,39.35575666408789
Ds,Ds1_2536,s0,3.75,8.4,26.6,0.25787954699075416
Ds,Ds1_2460,s0,3.75,8.4,27.200000000000003,39.3290774322726
Ds,Ds1_2536,s0,3.75,8.4,27.200000000000003,0.4952613208735542
Ds,Ds1_2460,s0,3.75,8.425,26.0,39.6541142201909
Ds,Ds1_2536,s0,3.75,8.425,26.0,0.08553243655493048
Ds,Ds1_2460,s0,3.75,8.425,26.6,39.636836847419566
Ds,Ds1_2536,s0,3.75,8.425,26.6,0.23926000355869068
Ds,Ds1_2460,s0,3.75,8.425,27.200000000000003,39.61087235881541
Ds,Ds1_2536,s0,3.75,8.425,27.200000000000003,0.4702822610765512
Ds,Ds1_2460,s0,3.75,8.45,26.0,39.93399352425712
Ds,Ds1_2536,s0,3.75,8.45,26.0,0.07459780196023078
Ds,Ds1_2460,s0,3.75,8.45,26.6,39.917497538887226
Ds,Ds1_2536,s0,3.75,8.45,26.6,0.22137287765054667
Ds,Ds1_2460,s0,3.75,8.45,27.200000000000003,39.8922524432592
Ds,Ds1_2536,s0,3.75,8.45,27.200000000000003,0.4459942469430624
Ds,Ds1_2460,s0,3.75,8.475,26.0,40.213437504859456
Ds,Ds1_2536,s0,3.75,8.475,26.0,0.0644314901643568
Ds,Ds1_2460,s0,3.75,8.475,26.6,40.19772736418748
Ds,Ds1_2536,s0,3.75,8.475,26.6,0.2042144151930907
Ds,Ds1_2460,s0,3.75,8.475,27.200000000000003,40.173206231288844
Ds,Ds1_2536,s0,3.75,8.475,27.200000000000003,0.4223942363136793
Ds,Ds1_2460,s0,3.75,8.5,26.0,40.492435044636274
Ds,Ds1_2536,s0,3.75,8.5,26.0,0.05502895575503802
Ds,Ds1_2460,s0,3.75,8.5,26.6,40.47751512399177
Ds,Ds1_2536,s0,3.75,8.5,26.6,0.18778080008493225
Ds,Ds1_2460,s0,3.75,8.5,27.200000000000003,40.453722443970996
Ds,Ds1_2536,s0,3.75,8.5,27.200000000000003,0.39947912138050395
Bs,Bs1_5830,s0,12.0,38.0,38.4,8.206609592817191
Bs,Bs1_5830,s0,12.0,38.0,38.5,8.480911382912007
Bs,Bs1_5830,s0,12.0,38.0,38.6,8.759669813188756
Bs,Bs1_5830,s0,12.0,38.075,38.4,8.210822063013397
Bs,Bs1_5830,s0,12.0,38.075,38.5,8.485680159155452
Bs,Bs1_5830,s0,12.0,38.075,38.6,8.7650107386324
Bs,Bs1_5830,s0,12.0,38.15,38.4,8.214505204753445
Bs,Bs1_5830,s0,12.0,38.15,38.5,8.489908191955069
Bs,Bs1_5830,s0,12.0,38.15,38.6,8.76979944344077
Bs,Bs1_5830,s0,12.0,38.225,38.4,8.217663028931147
Bs,Bs1_5830,s0,12.0,38.225,38.5,8.493599528895976
Bs,Bs1_5830,s0,12.0,38.225,38.6,8.774040011776545
Bs,Bs1_5830,s0,12.0,38.3,38.4,8.22029959051491
Bs,Bs1_5830,s0,12.0,38.3,38.5,8.496758262523548
Bs,Bs1_5830,s0,12.0,38.3,38.6,8.77773657365357
Bs,Bs1_5830,s0,12.0,38.375,38.4,8.222418986810071
Bs,Bs1_5830,s0,12.0,38.375,38.5,8.499388528586463
Bs,Bs1_5830,s0,12.0,38.375,38.6,8.780893303160662
Bs,Bs1_5830,s0,12.0,38.45,38.4,8.224025355746104
Bs,Bs1_5830,s0,12.0,38.45,38.5,8.501494504305015
Bs,Bs1_5830,s0,12.0,38.45,38.6,8.783514416710947
Bs,Bs1_5830,s0,12.0,38.525,38.4,8.225122874188541
Bs,Bs1_5830,s0,12.0,38.525,38.5,8.503080406664179
Bs,Bs1_5830,s0,12.0,38.525,38.6,8.785604171315994
Bs,Bs1_5830,s0,12.0,38.6,38.4,8.225715756275529
Bs,Bs1_5830,s0,12.0,38.6,38.5,8.504150490731588
Bs,Bs1_5830,s0,12.0,38.6,38.6,8.787166862885169
Bs,Bs1_5830,s0,12.0,38.675,38.4,8.225808251779052
Bs,Bs1_5830,s0,12.0,38.675,38.5,8.504709048000363
Bs,Bs1_5830,s0,12.0,38.675,38.6,8.788206824550022
Bs,Bs1_5830,s0,12.0,38.75,38.4,8.225404644490933
Bs,Bs1_5830,s0,12.0,38.75,38.5,8.50476040475685
Bs,Bs1_5830,s0,12.0,38.75,38.6,8.788728425013721
Bs,Bs1_5830,s0,12.0,38.825,38.4,8.224509250633156
Bs,Bs1_5830,s0,12.0,38.825,38.5,8.504308920472903
Bs,Bs1_5830,s0,12.0,38.825,38.6,8.788736066925209
Bs,Bs1_5830,s0,12.0,38.9,38.4,8.223126417292704
Bs,Bs1_5830,s0,12.0,38.9,38.5,8.503358986222986
Bs,Bs1_5830,s0,12.0,38.9,38.6,8.78823418527849
Bs,Bs1_5830,s0,12.0,38.975,38.4,8.221260520881048
Bs,Bs1_5830,s0,12.0,38.975,38.5,8.501915023125838
Bs,Bs1_5830,s0,12.0,38.975,38.6,8.787227245836469
Bs,Bs1_5830,s0,12.0,39.05,38.4,8.218915965617587
Bs,Bs1_5830,s0,12.0,39.05,38.5,8.49998148081055
Bs,Bs1_5830,s0,12.0,39.05,38.6,8.785719743579685
Bs,Bs1_5830,s0,12.0,39.125,38.4,8.216097182037528
Bs,Bs1_5830,s0,12.0,39.125,38.5,8.497562835907273
Bs,Bs1_5830,s0,12.0,39.125,38.6,8.783716201179443
Bs,Bs1_5830,s0,12.0,39.2,38.4,8.212808625523968
Bs,Bs1_5830,s0,12.0,39.2,38.5,8.49466359056198
Bs,Bs1_5830,s0,12.0,39.2,38.6,8.781221167495728
Bs,Bs1_5830,s0,12.0,39.275,38.4,8.209054774863771
Bs,Bs1_5830,s0,12.0,39.275,38.5,8.491288270975609
Bs,Bs1_5830,s0,12.0,39.275,38.6,8.778239216099196
Bs,Bs1_5830,s0,12.0,39.35,38.4,8.204840130827462
Bs,Bs1_5830,s0,12.0,39.35,38.5,8.4874414259673
Bs,Bs1_5830,s0,12.0,39.35,38.6,8.774774943817715
Bs,Bs1_5830,s0,12.0,39.425,38.4,8.200169214773007
Bs,Bs1_5830,s0,12.0,39.425,38.5,8.483127625561528
Bs,Bs1_5830,s0,12.0,39.425,38.6,8.770832969306934
Bs,Bs1_5830,s0,12.0,39.5,38.4,8.195046567273153
Bs,Bs1_5830,s0,12.0,39.5,38.5,8.478351459599187
Bs,Bs1_5830,s0,12.0,39.5,38.6,8.76641793164499
Bs,Bs1_5830,s0,12.0,39.575,38.4,8.189476746766216
Bs,Bs1_5830,s0,12.0,39.575,38.5,8.473117536372248
Bs,Bs1_5830,s0,12.0,39.575,38.6,8.761534488951051
Bs,Bs1_5830,s0,12.0,39.65,38.4,8.183464328230627
Bs,Bs1_5830,s0,12.0,39.65,38.5,8.46743048128235
Bs,Bs1_5830,s0,12.0,39.65,38.6,8.75618731702775
Bs,Bs1_5830,s0,12.0,39.725,38.4,8.177013901882152
Bs,Bs1_5830,s0,12.0,39.725,38.5,8.461294935522295
Bs,Bs1_5830,s0,12.0,39.725,38.6,8.750381108026977
Bs,Bs1_5830,s0,12.0,39.8,38.4,8.170130071894844
Bs,Bs1_5830,s0,12.0,39.8,38.5,8.454715554781375
Bs,Bs1_5830,s0,12.0,39.8,38.6,8.744120569139612
Bs,Bs1_5830,s0,12.0,39.875,38.4,8.162817455144562
Bs,Bs1_5830,s0,12.0,39.875,38.5,8.447697007973545
Bs,Bs1_5830,s0,12.0,39.875,38.6,8.737410421308153
Bs,Bs1_5830,s0,12.0,39.95,38.4,8.155080679975443
Bs,Bs1_5830,s0,12.0,39.95,38.5,8.440243975988649
Bs,Bs1_5830,s0,12.0,39.95,38.6,8.73025539796284
Bs,Bs1_5830,s0,12.0,40.025,38.4,8.146924384988894
Bs,Bs1_5830,s0,12.0,40.025,38.5,8.432361150466543
Bs,Bs1_5830,s0,12.0,40.025,38.6,8.722660243780568
Bs,Bs1_5830,s0,12.0,40.1,38.4,8.138353217855359
Bs,Bs1_5830,s0,12.0,40.1,38.5,8.424053232593801
Bs,Bs1_5830,s0,12.0,40.1,38.6,8.714629713466826
Bs,Bs1_5830,s0,12.0,40.175,38.4,8.129371834148014
Bs,Bs1_5830,s0,12.0,40.175,38.5,8.415324931923037
Bs,Bs1_5830,s0,12.0,40.175,38.6,8.706168570560221
Bs,Bs1_5830,s0,12.0,40.25,38.4,8.119984896198963
Bs,Bs1_5830,s0,12.0,40.25,38.5,8.406180965214412
Bs,Bs1_5830,s0,12.0,40.25,38.6,8.69728158625964
Bs,Bs1_5830,s0,12.0,40.325,38.4,8.11019707197706
Bs,Bs1_5830,s0,12.0,40.325,38.5,8.396626055299349
Bs,Bs1_5830,s0,12.0,40.325,38.6,8.687973538273456
Bs,Bs1_5830,s0,12.0,40.4,38.4,8.100013033987906
Bs,Bs1_5830,s0,12.0,40.4,38.5,8.386664929966377
Bs,Bs1_5830,s0,12.0,40.4,38.6,8.678249209691371
Bs,Bs1_5830,s0,12.0,40.475,38.4,8.089437458195073
Bs,Bs1_5830,s0,12.0,40.475,38.5,8.376302320868398
Bs,Bs1_5830,s0,12.0,40.475,38.6,8.668113387877643
Bs,Bs1_5830,s0,12.0,40.55,38.4,8.078475022963117
Bs,Bs1_5830,s0,12.0,40.55,38.5,8.36554296245204
Bs,Bs1_5830,s0,12.0,40.55,38.6,8.657570863386754
Bs,Bs1_5830,s0,12.0,40.625,38.4,8.06713040802144
Bs,Bs1_5830,s0,12.0,40.625,38.5,8.354391590908003
Bs,Bs1_5830,s0,12.0,40.625,38.6,8.64662642889998
Bs,Bs1_5830,s0,12.0,40.7,38.4,8.055408293449544
Bs,Bs1_5830,s0,12.0,40.7,38.5,8.342852943142779
Bs,Bs1_5830,s0,12.0,40.7,38.6,8.635284878183942
Bs,Bs1_5830,s0,12.0,40.775,38.4,8.043313358683054
Bs,Bs1_5830,s0,12.0,40.775,38.5,8.330931755771687
Bs,Bs1_5830,s0,12.0,40.775,38.6,8.62355100507014
Bs,Bs1_5830,s0,12.0,40.85,38.4,8.030850281540099
Bs,Bs1_5830,s0,12.0,40.85,38.5,8.318632764132134
Bs,Bs1_5830,s0,12.0,40.85,38.6,8.611429602455397
Bs,Bs1_5830,s0,12.0,40.925,38.4,8.018023737268708
Bs,Bs1_5830,s0,12.0,40.925,38.5,8.305960701318138
Bs,Bs1_5830,s0,12.0,40.925,38.6,8.598925461323267
Bs,Bs1_5830,s0,12.0,41.0,38.4,8.004838397613964
Bs,Bs1_5830,s0,12.0,41.0,38.5,8.292920297234948
Bs,Bs1_5830,s0,12.0,41.0,38.6,8.586043369786134
