sector,state,scan,M2_GeV2,s0_GeV2,theta_deg,width_keV
Ds,Ds1_2460,M2,3.0,7.5,26.0,21.637888392277922
Ds,Ds1_2536,M2,3.0,7.5,26.0,0.8540963972326809
Ds,Ds1_2460,M2,3.0,7.5,26.6,21.666320744683954
Ds,Ds1_2536,M2,3.0,7.5,26.6,0.6110711856242989
Ds,Ds1_2460,M2,3.0,7.5,27.200000000000003,21.690016994137586
Ds,Ds1_2536,M2,3.0,7.5,27.200000000000003,0.4085277606009131
Ds,Ds1_2460,M2,3.05,7.5,26.0,21.632673615296675
Ds,Ds1_2536,M2,3.05,7.5,26.0,0.8551889251512104
Ds,Ds1_2460,M2,3.05,7.5,26.6,21.66112252931152
Ds,Ds1_2536,M2,3.05,7.5,26.6,0.6120221533783851
Ds,Ds1_2460,M2,3.05,7.5,27.200000000000003,21.68483650482897
Ds,Ds1_2536,M2,3.05,7.5,27.200000000000003,0.40932721502435027
Ds,Ds1_2460,M2,3.1,7.5,26.0,21.63456989822268
Ds,Ds1_2536,M2,3.1,7.5,26.0,0.8576895560343515
Ds,Ds1_2460,M2,3.1,7.5,26.6,21.66306500130374
Ds,Ds1_2536,M2,3.1,7.5,26.6,0.6141279837387038
Ds,Ds1_2460,M2,3.1,7.5,27.200000000000003,21.68682479390386
Ds,Ds1_2536,M2,3.1,7.5,27.200000000000003,0.4110414243871795
Ds,Ds1_2460,M2,3.15,7.5,26.0,21.64281756587183
Ds,Ds1_2536,M2,3.15,7.5,26.0,0.8614413550338816
Ds,Ds1_2460,M2,3.15,7.5,26.6,21.671385120913435
Ds,Ds1_2536,M2,3.15,7.5,26.6,0.6172605004224552
Ds,Ds1_2460,M2,3.15,7.5,27.200000000000003,21.69521562111034
Ds,Ds1_2536,M2,3.15,7.5,27.200000000000003,0.41356956868467554
Ds,Ds1_2460,M2,3.2,7.5,26.0,21.656741738914256
Ds,Ds1_2536,M2,3.2,7.5,26.0,0.8663075318176984
Ds,Ds1_2460,M2,3.2,7.5,26.6,21.68540504183448
Ds,Ds1_2536,M2,3.2,7.5,26.6,0.6213082732933424
Ds,Ds1_2460,M2,3.2,7.5,27.200000000000003,21.70932831896981
Ds,Ds1_2536,M2,3.2,7.5,27.200000000000003,0.4168243317203833
Ds,Ds1_2460,M2,3.25,7.5,26.0,21.67574156711057
Ds,Ds1_2536,M2,3.25,7.5,26.0,0.8721683230054458
Ds,Ds1_2460,M2,3.25,7.5,26.6,21.704521290939738
Ds,Ds1_2536,M2,3.25,7.5,26.6,0.6261739580746142
Ds,Ds1_2460,M2,3.25,7.5,27.200000000000003,21.728556921321292
Ds,Ds1_2536,M2,3.25,7.5,27.200000000000003,0.4207296783963109
Ds,Ds1_2460,M2,3.3,7.5,26.0,21.699281015591897
Ds,Ds1_2536,M2,3.3,7.5,26.0,0.8789184284610589
Ds,Ds1_2460,M2,3.3,7.5,26.6,21.72819550922922
Ds,Ds1_2536,M2,3.3,7.5,26.6,0.6317721201145086
Ds,Ds1_2460,M2,3.3,7.5,27.200000000000003,21.752360860912624
Ds,Ds1_2536,M2,3.3,7.5,27.200000000000003,0.42521904907146557
Ds,Ds1_2460,M2,3.35,7.5,26.0,21.72688095334631
Ds,Ds1_2536,M2,3.35,7.5,26.0,0.8864648929162543
Ds,Ds1_2460,M2,3.35,7.5,26.6,21.755946501760285
Ds,Ds1_2536,M2,3.35,7.5,26.6,0.6380274455695509
Ds,Ds1_2460,M2,3.35,7.5,27.200000000000003,21.7802569824719
Ds,Ds1_2536,M2,3.35,7.5,27.200000000000003,0.4302338857940612
Ds,Ds1_2460,M2,3.4,7.5,26.0,21.758112337767802
Ds,Ds1_2536,M2,3.4,7.5,26.0,0.8947253473117566
Ds,Ds1_2460,M2,3.4,7.5,26.6,21.78734338928466
Ds,Ds1_2536,M2,3.4,7.5,26.6,0.6448732640590771
Ds,Ds1_2460,M2,3.4,7.5,27.200000000000003,21.81181266289698
Ds,Ds1_2536,M2,3.4,7.5,27.200000000000003,0.43572242375533754
Ds,Ds1_2460,M2,3.45,7.5,26.0,21.792590325144484
Ds,Ds1_2536,M2,3.45,7.5,26.0,0.9036265420132334
Ds,Ds1_2460,M2,3.45,7.5,26.6,21.82199969054617
Ds,Ds1_2536,M2,3.45,7.5,26.6,0.6522503228405708
Ds,Ds1_2460,M2,3.45,7.5,27.200000000000003,21.846639866628696
Ds,Ds1_2536,M2,3.45,7.5,27.200000000000003,0.4416386955998026
Ds,Ds1_2460,M2,3.5,7.5,26.0,21.829969166123263
Ds,Ds1_2536,M2,3.5,7.5,26.0,0.9131031179011239
Ds,Ds1_2460,M2,3.5,7.5,26.6,21.859568193518477
Ds,Ds1_2536,M2,3.5,7.5,26.6,0.6601057649772583
Ds,Ds1_2460,M2,3.5,7.5,27.200000000000003,21.884389993760575
Ds,Ds1_2536,M2,3.5,7.5,27.200000000000003,0.4479417072802842
Ds,Ds1_2460,M2,3.55,7.5,26.0,21.86993776889769
Ds,Ds1_2536,M2,3.55,7.5,26.0,0.9230965721665
Ds,Ds1_2460,M2,3.55,7.5,26.6,21.89973649770678
Ds,Ds1_2536,M2,3.55,7.5,26.6,0.6683922736592895
Ds,Ds1_2460,M2,3.55,7.5,27.200000000000003,21.92474940240999
Ds,Ds1_2536,M2,3.55,7.5,27.200000000000003,0.4545947527356793
Ds,Ds1_2460,M2,3.6,7.5,26.0,21.912215832226437
Ds,Ds1_2536,M2,3.6,7.5,26.0,0.9335543841587801
Ds,Ds1_2460,M2,3.6,7.5,26.6,21.942223129104924
Ds,Ds1_2536,M2,3.6,7.5,26.6,0.6770673524299606
Ds,Ds1_2460,M2,3.6,7.5,27.200000000000003,21.9674355064475
Ds,Ds1_2536,M2,3.6,7.5,27.200000000000003,0.4615648413706091
Ds,Ds1_2460,M2,3.65,7.5,26.0,21.956550466257497
Ds,Ds1_2536,M2,3.65,7.5,26.0,0.9444292733504089
Ds,Ds1_2460,M2,3.65,7.5,26.6,21.98677414535573
Ds,Ds1_2536,M2,3.65,7.5,26.6,0.6860927170381881
Ds,Ds1_2460,M2,3.65,7.5,27.200000000000003,22.01219336572211
Ds,Ds1_2536,M2,3.65,7.5,27.200000000000003,0.46882221756507575
Ds,Ds1_2460,M2,3.7,7.5,26.0,22.002713232195283
Ds,Ds1_2536,M2,3.7,7.5,26.0,0.9556785668089408
Ds,Ds1_2460,M2,3.7,7.5,26.6,22.033160161794942
Ds,Ds1_2536,M2,3.7,7.5,26.6,0.6954337793530254
Ds,Ds1_2460,M2,3.7,7.5,27.200000000000003,22.058792699121287
Ds,Ds1_2536,M2,3.7,7.5,27.200000000000003,0.4763399555696337
Ds,Ds1_2460,M2,3.75,7.5,26.0,22.050497542634105
Ds,Ds1_2536,M2,3.75,7.5,26.0,0.9672636578046172
Ds,Ds1_2460,M2,3.75,7.5,26.6,22.08117373990498
Ds,Ds1_2536,M2,3.75,7.5,26.6,0.7050592075140403
Ds,Ds1_2460,M2,3.75,7.5,27.200000000000003,22.10702526170637
Ds,Ds1_2536,M2,3.75,7.5,27.200000000000003,0.4840936163993736
Ds,Ds1_2460,M2,3.8,7.5,26.0,22.09971637332565
Ds,Ds1_2536,M2,3.8,7.5,26.0,0.979149540566015
Ds,Ds1_2460,M2,3.8,7.5,26.6,22.13062708869587
Ds,Ds1_2536,M2,3.8,7.5,26.6,0.7149405494655066
Ds,Ds1_2460,M2,3.8,7.5,27.200000000000003,22.156702536201315
Ds,Ds1_2536,M2,3.8,7.5,27.200000000000003,0.4920609559202448
Ds,Ds1_2460,M2,3.85,7.5,26.0,22.150200244587307
Ds,Ds1_2536,M2,3.85,7.5,26.0,0.9913044089113059
Ds,Ds1_2460,M2,3.85,7.5,26.6,22.18135003701015
Ds,Ds1_2536,M2,3.85,7.5,26.6,0.7250519093991667
Ds,Ds1_2460,M2,3.85,7.5,27.200000000000003,22.207653696630715
Ds,Ds1_2536,M2,3.85,7.5,27.200000000000003,0.5002216753731508
Ds,Ds1_2460,M2,3.9,7.5,26.0,22.201795436768315
Ds,Ds1_2536,M2,3.9,7.5,26.0,1.003699308667057
Ds,Ds1_2460,M2,3.9,7.5,26.6,22.233188240991097
Ds,Ds1_2536,M2,3.9,7.5,26.6,0.7353696685349868
Ds,Ds1_2460,M2,3.9,7.5,27.200000000000003,22.259723808176
Ds,Ds1_2536,M2,3.9,7.5,27.200000000000003,0.5085572072175931
Ds,Ds1_2460,M2,3.95,7.5,26.0,22.254362409390023
Ds,Ds1_2536,M2,3.95,7.5,26.0,1.0163078355522899
Ds,Ds1_2460,M2,3.95,7.5,26.6,22.28600159618027
Ds,Ds1_2536,M2,3.95,7.5,26.6,0.7458722432027769
Ds,Ds1_2460,M2,3.95,7.5,27.200000000000003,22.312772232572375
Ds,Ds1_2536,M2,3.95,7.5,27.200000000000003,0.5170505304872415
Ds,Ds1_2460,M2,4.0,7.5,26.0,22.307774397945977
Ds,Ds1_2536,M2,4.0,7.5,26.0,1.0291058716361727
Ds,Ds1_2460,M2,4.0,7.5,26.6,22.339662828102348
Ds,Ds1_2536,M2,4.0,7.5,26.6,0.7565398744249895
Ds,Ds1_2460,M2,4.0,7.5,27.200000000000003,22.36667121278205
Ds,Ds1_2536,M2,4.0,7.5,27.200000000000003,0.5256860109018584
Ds,Ds1_2460,M2,4.05,7.5,26.0,22.361916166026525
Ds,Ds1_2536,M2,4.05,7.5,26.0,1.042071354642898
Ds,Ds1_2460,M2,4.05,7.5,26.6,22.39405623889301
Ds,Ds1_2536,M2,4.05,7.5,26.6,0.7673544442043844
Ds,Ds1_2460,M2,4.05,7.5,27.200000000000003,22.421304614395627
Ds,Ds1_2536,M2,4.05,7.5,27.200000000000003,0.5344492618284984
Ds,Ds1_2460,M2,4.1,7.5,26.0,22.41668289354378
Ds,Ds1_2536,M2,4.1,7.5,26.0,1.055184075327619
Ds,Ds1_2460,M2,4.1,7.5,26.6,22.449076590652844
Ds,Ds1_2536,M2,4.1,7.5,26.6,0.7782993145353404
Ds,Ds1_2460,M2,4.1,7.5,27.200000000000003,22.476566804355627
Ds,Ds1_2536,M2,4.1,7.5,27.200000000000003,0.5433270228702075
Ds,Ds1_2460,M2,4.15,7.5,26.0,22.47197918446781
Ds,Ds1_2536,M2,4.15,7.5,26.0,1.0684254989271813
Ds,Ds1_2460,M2,4.15,7.5,26.6,22.504628108858448
Ds,Ds1_2536,M2,4.15,7.5,26.6,0.7893591858233705
Ds,Ds1_2460,M2,4.15,7.5,27.200000000000003,22.532361650257606
Ds,Ds1_2536,M2,4.15,7.5,27.200000000000003,0.552307053417165
Ds,Ds1_2460,M2,4.2,7.5,26.0,22.52771817972499
Ds,Ds1_2536,M2,4.2,7.5,26.0,1.081778607329186
Ds,Ds1_2460,M2,4.2,7.5,26.6,22.5606235914132
Ds,Ds1_2536,M2,4.2,7.5,26.6,0.8005199719413428
Ds,Ds1_2460,M2,4.2,7.5,27.200000000000003,22.58860162574532
Ds,Ds1_2536,M2,4.2,7.5,27.200000000000003,0.5613780389473003
Ds,Ds1_2460,M2,4.25,7.5,26.0,22.583820762817336
Ds,Ds1_2536,M2,4.25,7.5,26.0,1.0952277591318573
Ds,Ds1_2460,M2,4.25,7.5,26.6,22.616983610837597
Ds,Ds1_2536,M2,4.25,7.5,26.6,0.8117686895985528
Ds,Ds1_2460,M2,4.25,7.5,27.200000000000003,22.645207009444395
Ds,Ds1_2536,M2,4.25,7.5,27.200000000000003,0.5705295082332336
Ds,Ds1_2460,M2,4.3,7.5,26.0,22.640214847351594
Ds,Ds1_2536,M2,4.3,7.5,26.0,1.1087585652038225
Ds,Ds1_2460,M2,4.3,7.5,26.6,22.67363579873705
Ds,Ds1_2536,M2,4.3,7.5,26.6,0.8230933600666313
Ds,Ds1_2460,M2,4.3,7.5,27.200000000000003,22.702105166523157
Ds,Ds1_2536,M2,4.3,7.5,27.200000000000003,0.5797517599145383
Ds,Ds1_2460,M2,4.35,7.5,26.0,22.696834737063448
Ds,Ds1_2536,M2,4.35,7.5,26.0,1.1223577777165636
Ds,Ds1_2460,M2,4.35,7.5,26.6,22.730514203088607
Ds,Ds1_2536,M2,4.35,7.5,26.6,0.8344829216112886
Ds,Ds1_2460,M2,4.35,7.5,27.200000000000003,22.75922990338054
Ds,Ds1_2536,M2,4.35,7.5,27.200000000000003,0.5890357971431522
Ds,Ds1_2460,M2,4.4,7.5,26.0,22.753620550119255
Ds,Ds1_2536,M2,4.4,7.5,26.0,1.136013190923667
Ds,Ds1_2460,M2,4.4,7.5,26.6,22.78755871009057
Ds,Ds1_2536,M2,4.4,7.5,26.6,0.8459271512305273
Ds,Ds1_2460,M2,4.4,7.5,27.200000000000003,22.816520887168405
Ds,Ds1_2536,M2,4.4,7.5,27.200000000000003,0.5983732692139022
Ds,Ds1_2460,M2,4.45,7.5,26.0,22.810517700509976
Ds,Ds1_2536,M2,4.45,7.5,26.0,1.1497135522144803
Ds,Ds1_2460,M2,4.45,7.5,26.6,22.84471452335666
Ds,Ds1_2536,M2,4.45,7.5,26.6,0.8574165945105743
Ds,Ds1_2460,M2,4.45,7.5,27.200000000000003,22.87392312289846
Ds,Ds1_2536,M2,4.45,7.5,27.200000000000003,0.607756419261793
Ds,Ds1_2460,M2,4.5,7.5,26.0,22.867476430240036
Ds,Ds1_2536,M2,4.5,7.5,26.0,1.1634484821807356
Ds,Ds1_2460,M2,4.5,7.5,26.6,22.9019316941286
Ds,Ds1_2536,M2,4.5,7.5,26.6,0.8689425025853541
Ds,Ds1_2460,M2,4.5,7.5,27.200000000000003,22.931386481779768
Ds,Ds1_2536,M2,4.5,7.5,27.200000000000003,0.6171780372474953
Ds,Ds1_2460,M2,3.0,8.0,26.0,25.73729481288752
Ds,Ds1_2536,M2,3.0,8.0,26.0,1.7106325868672498
Ds,Ds1_2460,M2,3.0,8.0,26.6,25.78202440820326
Ds,Ds1_2536,M2,3.0,8.0,26.6,1.3283068752439466
Ds,Ds1_2460,M2,3.0,8.0,27.200000000000003,25.821133661998406
Ds,Ds1_2536,M2,3.0,8.0,27.200000000000003,0.9940209693971042
Ds,Ds1_2460,M2,3.05,8.0,26.0,25.789041010328408
Ds,Ds1_2536,M2,3.05,8.0,26.0,1.7240572645610523
Ds,Ds1_2460,M2,3.05,8.0,26.6,25.83399918523139
Ds,Ds1_2536,M2,3.05,8.0,26.6,1.3397777714929964
Ds,Ds1_2460,M2,3.05,8.0,27.200000000000003,25.873325914013357
Ds,Ds1_2536,M2,3.05,8.0,27.200000000000003,1.003633000648518
Ds,Ds1_2460,M2,3.1,8.0,26.0,25.847637687560404
Ds,Ds1_2536,M2,3.1,8.0,26.0,1.7393229306845601
Ds,Ds1_2460,M2,3.1,8.0,26.6,25.892855102426793
Ds,Ds1_2536,M2,3.1,8.0,26.6,1.3528275869523079
Ds,Ds1_2460,M2,3.1,8.0,27.200000000000003,25.932428497936783
Ds,Ds1_2536,M2,3.1,8.0,27.200000000000003,1.0145744350310582
Ds,Ds1_2460,M2,3.15,8.0,26.0,25.912295861552735
Ds,Ds1_2536,M2,3.15,8.0,26.0,1.756225624877392
Ds,Ds1_2460,M2,3.15,8.0,26.6,25.95779954014227
Ds,Ds1_2536,M2,3.15,8.0,26.6,1.367283445199225
Ds,Ds1_2460,M2,3.15,8.0,27.200000000000003,25.99764532690398
Ds,Ds1_2536,M2,3.15,8.0,27.200000000000003,1.0267020321252804
Ds,Ds1_2460,M2,3.2,8.0,26.0,25.982314677668487
Ds,Ds1_2536,M2,3.2,8.0,26.0,1.7745857991396023
Ds,Ds1_2460,M2,3.2,8.0,26.6,26.02812843106545
Ds,Ds1_2536,M2,3.2,8.0,26.6,1.382993258541012
Ds,Ds1_2460,M2,3.2,8.0,27.200000000000003,26.06826927143833
Ds,Ds1_2536,M2,3.2,8.0,27.200000000000003,1.0398898780525279
Ds,Ds1_2460,M2,3.25,8.0,26.0,26.057070309774193
Ds,Ds1_2536,M2,3.25,8.0,26.0,1.794244771358853
Ds,Ds1_2460,M2,3.25,8.0,26.6,26.10321510420517
Ds,Ds1_2536,M2,3.25,8.0,26.6,1.3998226612546538
Ds,Ds1_2460,M2,3.25,8.0,27.200000000000003,26.14367094968258
Ds,Ds1_2536,M2,3.25,8.0,27.200000000000003,1.0540267781868238
Ds,Ds1_2460,M2,3.3,8.0,26.0,26.136006449680956
Ds,Ds1_2536,M2,3.3,8.0,26.0,1.8150617819325012
Ds,Ds1_2460,M2,3.3,8.0,26.6,26.182500726670302
Ds,Ds1_2536,M2,3.3,8.0,26.6,1.4176524736013278
Ds,Ds1_2460,M2,3.3,8.0,27.200000000000003,26.223289123546735
Ds,Ds1_2536,M2,3.3,8.0,27.200000000000003,1.0690141112000395
Ds,Ds1_2460,M2,3.35,8.0,26.0,26.218626130608534
Ds,Ds1_2536,M2,3.35,8.0,26.0,1.8369115385529426
Ds,Ds1_2460,M2,3.35,8.0,26.6,26.26548608650388
Ds,Ds1_2536,M2,3.35,8.0,26.6,1.4363765938956552
Ds,Ds1_2460,M2,3.35,8.0,27.200000000000003,26.306622442660146
Ds,Ds1_2536,M2,3.35,8.0,27.200000000000003,1.0847640534733671
Ds,Ds1_2460,M2,3.4,8.0,26.0,26.3044846746804
Ds,Ds1_2536,M2,3.4,8.0,26.0,1.8596821580680203
Ds,Ds1_2460,M2,3.4,8.0,26.6,26.351724505417696
Ds,Ds1_2536,M2,3.4,8.0,26.6,1.4559002374824508
Ds,Ds1_2460,M2,3.4,8.0,27.200000000000003,26.39322232385472
Ds,Ds1_2536,M2,3.4,8.0,27.200000000000003,1.101198102290846
Ds,Ds1_2460,M2,3.45,8.0,26.0,26.393183591002845
Ds,Ds1_2536,M2,3.45,8.0,26.0,1.883273432878547
Ds,Ds1_2460,M2,3.45,8.0,26.6,26.44081570702875
Ds,Ds1_2536,M2,3.45,8.0,26.6,1.4761384582117107
Ds,Ds1_2460,M2,3.45,8.0,27.200000000000003,26.48268679086588
Ds,Ds1_2536,M2,3.45,8.0,27.200000000000003,1.118245841221451
Ds,Ds1_2460,M2,3.5,8.0,26.0,26.48436528048793
Ds,Ds1_2536,M2,3.5,8.0,26.0,1.9075953638364789
Ds,Ds1_2460,M2,3.5,8.0,26.6,26.532400495977264
Ds,Ds1_2536,M2,3.5,8.0,26.6,1.4970149010510785
Ds,Ds1_2460,M2,3.5,8.0,27.200000000000003,26.574655128880266
Ds,Ds1_2536,M2,3.5,8.0,27.200000000000003,1.1358439027447995
Ds,Ds1_2460,M2,3.55,8.0,26.0,26.577708427669894
Ds,Ds1_2536,M2,3.55,8.0,26.0,1.9325669129973881
Ds,Ds1_2460,M2,3.55,8.0,26.6,26.6261561275311
Ds,Ds1_2536,M2,3.55,8.0,26.6,1.518460744694252
Ds,Ds1_2460,M2,3.55,8.0,27.200000000000003,26.66880323291679
Ds,Ds1_2536,M2,3.55,8.0,27.200000000000003,1.1539350922673324
Ds,Ds1_2460,M2,3.6,8.0,26.0,26.67292397944506
Ds,Ds1_2536,M2,3.6,8.0,26.0,1.9581149385664123
Ds,Ds1_2460,M2,3.6,8.0,26.6,26.72179226707377
Ds,Ds1_2536,M2,3.6,8.0,26.6,1.5404138010628121
Ds,Ds1_2460,M2,3.6,8.0,27.200000000000003,26.764839548925682
Ds,Ds1_2536,M2,3.6,8.0,27.200000000000003,1.1724676448030524
Ds,Ds1_2460,M2,3.65,8.0,26.0,26.76975162681398
Ds,Ds1_2536,M2,3.65,8.0,26.0,1.9841732814985253
Ds,Ds1_2460,M2,3.65,8.0,26.6,26.819047455111303
Ds,Ds1_2536,M2,3.65,8.0,26.6,1.562817744950608
Ds,Ds1_2460,M2,3.65,8.0,27.200000000000003,26.8625015228156
Ds,Ds1_2536,M2,3.65,8.0,27.200000000000003,1.1913945912043207
Ds,Ds1_2460,M2,3.7,8.0,26.0,26.867956718999828
Ds,Ds1_2536,M2,3.7,8.0,26.0,2.010681978881461
Ds,Ds1_2460,M2,3.7,8.0,26.6,26.917686006802384
Ds,Ds1_2536,M2,3.7,8.0,26.6,1.5856214520998493
Ds,Ds1_2460,M2,3.7,8.0,27.200000000000003,26.961552486058533
Ds,Ds1_2536,M2,3.7,8.0,27.200000000000003,1.2106732152641213
Ds,Ds1_2460,M2,3.75,8.0,26.0,26.967327550310163
Ds,Ds1_2536,M2,3.75,8.0,26.0,2.037586583760565
Ds,Ds1_2460,M2,3.75,8.0,26.6,27.0174952860692
Ds,Ds1_2536,M2,3.75,8.0,26.6,1.6087784280145665
Ds,Ds1_2460,M2,3.75,8.0,27.200000000000003,27.061778917632918
Ds,Ds1_2536,M2,3.75,8.0,27.200000000000003,1.2302645865334163
Ds,Ds1_2460,M2,3.8,8.0,26.0,27.067672969228028
Ds,Ds1_2536,M2,3.8,8.0,26.0,2.0648375746996406
Ds,Ds1_2460,M2,3.8,8.0,26.6,27.118283303514698
Ds,Ds1_2536,M2,3.8,8.0,26.6,1.6322463130291025
Ds,Ds1_2460,M2,3.8,8.0,27.200000000000003,27.162988031281174
Ds,Ds1_2536,M2,3.8,8.0,27.200000000000003,1.2501331565028608
Ds,Ds1_2460,M2,3.85,8.0,26.0,27.168820266810545
Ds,Ds1_2536,M2,3.85,8.0,26.0,2.0923898413040147
Ds,Ds1_2460,M2,3.85,8.0,26.6,27.21987659500537
Ds,Ds1_2536,M2,3.85,8.0,26.6,1.6559864517322358
Ds,Ds1_2460,M2,3.85,8.0,27.200000000000003,27.265005644730856
Ds,Ds1_2536,M2,3.85,8.0,27.200000000000003,1.2702464080456524
Ds,Ds1_2460,M2,3.9,8.0,26.0,27.27061330781466
Ds,Ds1_2536,M2,3.9,8.0,26.0,2.120202234300371
Ds,Ds1_2460,M2,3.9,8.0,26.6,27.32211834415348
Ds,Ds1_2536,M2,3.9,8.0,26.6,1.679963516927131
Ds,Ds1_2460,M2,3.9,8.0,27.200000000000003,27.367674293935536
Ds,Ds1_2536,M2,3.9,8.0,27.200000000000003,1.2905745498204004
Ds,Ds1_2460,M2,3.95,8.0,26.0,27.37291087328535
Ds,Ds1_2536,M2,3.95,8.0,26.0,2.148237170695775
Ds,Ds1_2460,M2,3.95,8.0,26.6,27.424866717276814
Ds,Ds1_2536,M2,3.95,8.0,26.6,1.7041451799944303
Ds,Ds1_2460,M2,3.95,8.0,27.200000000000003,27.47085156076279
Ds,Ds1_2536,M2,3.95,8.0,27.200000000000003,1.3110902487893012
Ds,Ds1_2460,M2,4.0,8.0,26.0,27.47558518780912
Ds,Ds1_2536,M2,4.0,8.0,26.0,2.176460286106909
Ds,Ds1_2460,M2,4.0,8.0,26.6,27.527993383904917
Ds,Ds1_2536,M2,4.0,8.0,26.6,1.7285018208942584
Ds,Ds1_2460,M2,4.0,8.0,27.200000000000003,27.57440858707014
Ds,Ds1_2536,M2,4.0,8.0,27.200000000000003,1.331768395183115
Ds,Ds1_2460,M2,4.05,8.0,26.0,27.578520608403604
Ds,Ds1_2536,M2,4.05,8.0,26.0,2.2048401276360536
Ds,Ds1_2460,M2,4.05,8.0,26.6,27.631382199688034
Ds,Ds1_2536,M2,4.05,8.0,26.6,1.7530062721607524
Ds,Ds1_2460,M2,4.05,8.0,27.200000000000003,27.678228751915796
Ds,Ds1_2536,M2,4.05,8.0,27.200000000000003,1.3525858952012346
Ds,Ds1_2460,M2,4.1,8.0,26.0,27.681612455200547
Ds,Ds1_2536,M2,4.1,8.0,26.0,2.233347881726295
Ds,Ds1_2460,M2,4.1,8.0,26.6,27.734928031768636
Ds,Ds1_2536,M2,4.1,8.0,26.6,1.7776335921575885
Ds,Ds1_2460,M2,4.1,8.0,27.200000000000003,27.782206491870344
Ds,Ds1_2536,M2,4.1,8.0,27.200000000000003,1.3735214875154258
Ds,Ds1_2460,M2,4.15,8.0,26.0,27.784765966783205
Ds,Ds1_2536,M2,4.15,8.0,26.0,2.261957132297816
Ds,Ds1_2460,M2,4.15,8.0,26.6,27.838535709392325
Ds,Ds1_2536,M2,4.15,8.0,26.6,1.802360863614266
Ds,Ds1_2460,M2,4.15,8.0,27.200000000000003,27.88624624712619
Ds,Ds1_2536,M2,4.15,8.0,27.200000000000003,1.394555580283012
Ds,Ds1_2460,M2,4.2,8.0,26.0,27.887895365336185
Ds,Ds1_2536,M2,4.2,8.0,26.0,2.290643645188061
Ds,Ds1_2460,M2,4.2,8.0,26.6,27.942119084843792
Ds,Ds1_2536,M2,4.2,8.0,26.6,1.8271670140833656
Ds,Ds1_2460,M2,4.2,8.0,27.200000000000003,27.99026151842108
Ds,Ds1_2536,M2,4.2,8.0,27.200000000000003,1.4156701059002592
Ds,Ds1_2460,M2,4.25,8.0,26.0,27.99092301872703
Ds,Ds1_2536,M2,4.25,8.0,26.0,2.3193851755162167
Ds,Ds1_2460,M2,4.25,8.0,26.6,28.04560019176519
Ds,Ds1_2536,M2,4.25,8.0,26.6,1.8520326554721191
Ds,Ds1_2460,M2,4.25,8.0,27.200000000000003,28.09417402177355
Ds,Ds1_2536,M2,4.25,8.0,27.200000000000003,1.4368483911583991
Ds,Ds1_2460,M2,4.3,8.0,26.0,28.093778688314817
Ds,Ds1_2536,M2,4.3,8.0,26.0,2.3481612950898403
Ds,Ds1_2460,M2,4.3,8.0,26.6,28.148908489597744
Ds,Ds1_2536,M2,4.3,8.0,26.6,1.8769399402269413
Ds,Ds1_2460,M2,4.3,8.0,27.200000000000003,28.197912929719852
Ds,Ds1_2536,M2,4.3,8.0,27.200000000000003,1.4580750408212653
Ds,Ds1_2460,M2,4.35,8.0,26.0,28.19639885271683
Ds,Ds1_2536,M2,4.35,8.0,26.0,2.3769532373893982
Ds,Ds1_2460,M2,4.35,8.0,26.6,28.251980184331607
Ds,Ds1_2536,M2,4.35,8.0,26.6,1.9018724321062126
Ds,Ds1_2460,M2,4.35,8.0,27.200000000000003,28.30141418919226
Ds,Ds1_2536,M2,4.35,8.0,27.200000000000003,1.4793358329412836
Ds,Ds1_2460,M2,4.4,8.0,26.0,28.298726098999083
Ds,Ds1_2536,M2,4.4,8.0,26.0,2.4057437580140553
Ds,Ds1_2460,M2,4.4,8.0,26.6,28.354757616988227
Ds,Ds1_2536,M2,4.4,8.0,26.6,1.926814989771854
Ds,Ds1_2460,M2,4.4,8.0,27.200000000000003,28.40461990742477
Ds,Ds1_2536,M2,4.4,8.0,27.200000000000003,1.5006176244760268
Ds,Ds1_2460,M2,4.45,8.0,26.0,28.400708573818882
Ds,Ds1_2536,M2,4.45,8.0,26.0,2.434517008767727
Ds,Ds1_2460,M2,4.45,8.0,26.6,28.457188712328986
Ds,Ds1_2536,M2,4.45,8.0,26.6,1.9517536616809854
Ds,Ds1_2460,M2,4.45,8.0,27.200000000000003,28.507477798345796
Ds,Ds1_2536,M2,4.45,8.0,27.200000000000003,1.521908265975103
Ds,Ds1_2460,M2,4.5,8.0,26.0,28.502299487965892
Ds,Ds1_2536,M2,4.5,8.0,26.0,2.4632584238108968
Ds,Ds1_2460,M2,4.5,8.0,26.6,28.559226481204895
Ds,Ds1_2536,M2,4.5,8.0,26.6,1.9766755909673022
Ds,Ds1_2460,M2,4.5,8.0,27.200000000000003,28.60994068284331
Ds,Ds1_2536,M2,4.5,8.0,27.200000000000003,1.5431965242790295
Ds,Ds1_2460,M2,3.0,8.5,26.0,29.632182554919478
Ds,Ds1_2536,M2,3.0,8.5,26.0,2.764180518425053
Ds,Ds1_2460,M2,3.0,8.5,26.6,29.693798095317835
Ds,Ds1_2536,M2,3.0,8.5,26.6,2.2375223816014103
Ds,Ds1_2460,M2,3.0,8.5,27.200000000000003,29.748958706773028
Ds,Ds1_2536,M2,3.0,8.5,27.200000000000003,1.7660376771387158
Ds,Ds1_2460,M2,3.05,8.5,26.0,29.753375779181418
Ds,Ds1_2536,M2,3.05,8.5,26.0,2.7988591133286436
Ds,Ds1_2460,M2,3.05,8.5,26.6,29.81551713954299
Ds,Ds1_2536,M2,3.05,8.5,26.6,2.2677065362982116
Ds,Ds1_2460,M2,3.05,8.5,27.200000000000003,29.871177650446473
Ds,Ds1_2536,M2,3.05,8.5,27.200000000000003,1.7919489469377226
Ds,Ds1_2460,M2,3.1,8.5,26.0,29.881156655359433
Ds,Ds1_2536,M2,3.1,8.5,26.0,2.835755581560241
Ds,Ds1_2460,M2,3.1,8.5,26.6,29.943855068016234
Ds,Ds1_2536,M2,3.1,8.5,26.6,2.299841606317223
Ds,Ds1_2460,M2,3.1,8.5,27.200000000000003,30.000045309127067
Ds,Ds1_2536,M2,3.1,8.5,27.200000000000003,1.8195561539821472
Ds,Ds1_2460,M2,3.15,8.5,26.0,30.014705653400014
Ds,Ds1_2536,M2,3.15,8.5,26.0,2.87462318812224
Ds,Ds1_2460,M2,3.15,8.5,26.6,30.07798846116942
Ds,Ds1_2536,M2,3.15,8.5,26.6,2.333714102243563
Ds,Ds1_2460,M2,3.15,8.5,27.200000000000003,30.134734548843703
Ds,Ds1_2536,M2,3.15,8.5,27.200000000000003,1.848677557674744
Ds,Ds1_2460,M2,3.2,8.5,26.0,30.153294349249794
Ds,Ds1_2536,M2,3.2,8.5,26.0,2.9152430933261484
Ds,Ds1_2460,M2,3.2,8.5,26.6,30.217185451401416
Ds,Ds1_2536,M2,3.2,8.5,26.6,2.36913461807408
Ds,Ds1_2460,M2,3.2,8.5,27.200000000000003,30.274510214098285
Ds,Ds1_2536,M2,3.2,8.5,27.200000000000003,1.8791518552744968
Ds,Ds1_2460,M2,3.25,8.5,26.0,30.29627406925983
Ds,Ds1_2536,M2,3.25,8.5,26.0,2.9574204962344974
Ds,Ds1_2460,M2,3.25,8.5,26.6,30.360794309434766
Ds,Ds1_2536,M2,3.25,8.5,26.6,2.405934470821865
Ds,Ds1_2460,M2,3.25,8.5,27.200000000000003,30.418717658591625
Ds,Ds1_2536,M2,3.25,8.5,27.200000000000003,1.9108352970047222
Ds,Ds1_2460,M2,3.3,8.5,26.0,30.443066147990532
Ds,Ds1_2536,M2,3.3,8.5,26.0,3.0009814131452415
Ds,Ds1_2460,M2,3.3,8.5,26.6,30.508233652724478
Ds,Ds1_2536,M2,3.3,8.5,26.6,2.443962901212544
Ds,Ds1_2460,M2,3.3,8.5,27.200000000000003,30.566772906311886
Ds,Ds1_2536,M2,3.3,8.5,27.200000000000003,1.943599291219794
Ds,Ds1_2460,M2,3.35,8.5,26.0,30.593153541493482
Ds,Ds1_2536,M2,3.35,8.5,26.0,3.0457699723785088
Ds,Ds1_2460,M2,3.35,8.5,26.6,30.65898401654501
Ds,Ds1_2536,M2,3.35,8.5,26.6,2.483084729131409
Ds,Ds1_2460,M2,3.35,8.5,27.200000000000003,30.718154182215056
Ds,Ds1_2536,M2,3.35,8.5,27.200000000000003,1.9773284052259499
Ds,Ds1_2460,M2,3.4,8.5,26.0,30.746073583790565
Ds,Ds1_2536,M2,3.4,8.5,26.0,3.091646130984972
Ds,Ds1_2460,M2,3.4,8.5,26.6,30.812580574293573
Ds,Ds1_2536,M2,3.4,8.5,26.6,2.5231783795443543
Ds,Ds1_2460,M2,3.4,8.5,27.200000000000003,30.872394597898367
Ds,Ds1_2536,M2,3.4,8.5,27.200000000000003,2.011918687201205
Ds,Ds1_2460,M2,3.45,8.5,26.0,30.90141171110327
Ds,Ds1_2536,M2,3.45,8.5,26.0,3.138483737984287
Ds,Ds1_2460,M2,3.45,8.5,26.6,30.968606830594997
Ds,Ds1_2536,M2,3.45,8.5,26.6,2.5641342117713624
Ds,Ds1_2460,M2,3.45,8.5,27.200000000000003,31.029075814921146
Ds,Ds1_2536,M2,3.45,8.5,27.200000000000003,2.047276250047345
Ds,Ds1_2460,M2,3.5,8.5,26.0,31.05879600823105
Ds,Ds1_2536,M2,3.5,8.5,26.0,3.1861688836165993
Ds,Ds1_2460,M2,3.5,8.5,26.6,31.1266891408119
Ds,Ds1_2536,M2,3.5,8.5,26.6,2.6058530983947334
Ds,Ds1_2460,M2,3.5,8.5,27.200000000000003,31.18782253861209
Ds,Ds1_2536,M2,3.5,8.5,27.200000000000003,2.0833160699928093
Ds,Ds1_2460,M2,3.55,8.5,26.0,31.217892455778188
Ds,Ds1_2536,M2,3.55,8.5,26.0,3.234598485799079
Ds,Ds1_2460,M2,3.55,8.5,26.6,31.286491935002417
Ds,Ds1_2536,M2,3.55,8.5,26.6,2.648245210607174
Ds,Ds1_2460,M2,3.55,8.5,27.200000000000003,31.34829771977437
Ds,Ds1_2536,M2,3.55,8.5,27.200000000000003,2.1199609621455036
Ds,Ds1_2460,M2,3.6,8.5,26.0,31.37840077678987
Ds,Ds1_2536,M2,3.6,8.5,26.0,3.283679074237973
Ds,Ds1_2460,M2,3.6,8.5,26.6,31.447713544342317
Ds,Ds1_2536,M2,3.6,8.5,26.6,2.6912289751031775
Ds,Ds1_2460,M2,3.6,8.5,27.200000000000003,31.51019836178221
Ds,Ds1_2536,M2,3.6,8.5,27.200000000000003,2.1571407025685176
Ds,Ds1_2460,M2,3.65,8.5,26.0,31.540050797661102
Ds,Ds1_2536,M2,3.65,8.5,26.0,3.333325740002621
Ds,Ds1_2460,M2,3.65,8.5,26.6,31.61008254442177
Ds,Ds1_2536,M2,3.65,8.5,26.6,2.73473017419222
Ds,Ds1_2460,M2,3.65,8.5,27.200000000000003,31.673251847044508
Ds,Ds1_2536,M2,3.65,8.5,27.200000000000003,2.1947912722749146
Ds,Ds1_2460,M2,3.7,8.5,26.0,31.702599251615638
Ds,Ds1_2536,M2,3.7,8.5,26.0,3.383461224237314
Ds,Ds1_2460,M2,3.7,8.5,26.6,31.773354543335785
Ds,Ds1_2536,M2,3.7,8.5,26.6,2.7786811660438273
Ds,Ds1_2460,M2,3.7,8.5,27.200000000000003,31.83721271039113
Ds,Ds1_2536,M2,3.7,8.5,27.200000000000003,2.232854203156017
Ds,Ds1_2460,M2,3.75,8.5,26.0,31.86582696416198
Ds,Ds1_2536,M2,3.75,8.5,26.0,3.4340151243916033
Ds,Ds1_2460,M2,3.75,8.5,26.6,31.937309353658044
Ds,Ds1_2536,M2,3.75,8.5,26.6,2.8230202061568277
Ds,Ds1_2460,M2,3.75,8.5,27.200000000000003,32.00185979816733
Ds,Ds1_2536,M2,3.75,8.5,27.200000000000003,2.271276009536952
Ds,Ds1_2460,M2,3.8,8.5,26.0,32.02953636915556
Ds,Ds1_2536,M2,3.8,8.5,26.0,3.484923200136076
Ds,Ds1_2460,M2,3.8,8.5,26.6,32.1017484966602
Ds,Ds1_2536,M2,3.8,8.5,26.6,2.8676908545009163
Ds,Ds1_2460,M2,3.8,8.5,27.200000000000003,32.16699376114257
Ds,Ds1_2536,M2,3.8,8.5,27.200000000000003,2.3100076919954327
Ds,Ds1_2460,M2,3.85,8.5,26.0,32.19354931178054
Ds,Ds1_2536,M2,3.85,8.5,26.0,3.536126764192228
Ds,Ds1_2460,M2,3.85,8.5,26.6,32.266492994865224
Ds,Ds1_2536,M2,3.85,8.5,26.6,2.91264145548497
Ds,Ds1_2460,M2,3.85,8.5,27.200000000000003,32.33243483710591
Ds,Ds1_2536,M2,3.85,8.5,27.200000000000003,2.3490043024444764
Ds,Ds1_2460,M2,3.9,8.5,26.0,32.35770510118442
Ds,Ds1_2536,M2,3.9,8.5,26.0,3.5875721457888994
Ds,Ds1_2460,M2,3.9,8.5,26.6,32.43138141547669
Ds,Ds1_2536,M2,3.9,8.5,26.6,2.9578246800955617
Ds,Ds1_2460,M2,3.9,8.5,27.200000000000003,32.49802088550742
Ds,Ds1_2536,M2,3.9,8.5,27.200000000000003,2.388224561385604
Ds,Ds1_2460,M2,3.95,8.5,26.0,32.521858780884685
Ds,Ds1_2536,M2,3.95,8.5,26.0,3.639210216482862
Ds,Ds1_2460,M2,3.95,8.5,26.6,32.59626813264121
Ds,Ds1_2536,M2,3.95,8.5,26.6,3.0031971213290674
Ds,Ds1_2460,M2,3.95,8.5,27.200000000000003,32.663605641947264
Ds,Ds1_2536,M2,3.95,8.5,27.200000000000003,2.427630519783654
Ds,Ds1_2460,M2,4.0,8.5,26.0,32.68587958959653
Ds,Ds1_2536,M2,4.0,8.5,26.0,3.690995969738134
Ds,Ds1_2460,M2,4.0,8.5,26.6,32.76102178105522
Ds,Ds1_2536,M2,4.0,8.5,26.6,3.048718935492941
Ds,Ds1_2460,M2,4.0,8.5,27.200000000000003,32.82905716489144
Ds,Ds1_2536,M2,4.0,8.5,27.200000000000003,2.46718725926976
Ds,Ds1_2460,M2,4.05,8.5,26.0,32.84964958895344
Ds,Ds1_2536,M2,4.05,8.5,26.0,3.7428881470188533
Ds,Ds1_2460,M2,4.05,8.5,26.6,32.92552387726944
Ds,Ds1_2536,M2,4.05,8.5,26.6,3.094353523140437
Ds,Ds1_2460,M2,4.05,8.5,27.200000000000003,32.99425645085411
Ds,Ds1_2536,M2,4.05,8.5,27.200000000000003,2.506862625403428
Ds,Ds1_2460,M2,4.1,8.5,26.0,33.01306243782805
Ds,Ds1_2536,M2,4.1,8.5,26.0,3.7948489042732776
Ds,Ds1_2460,M2,4.1,8.5,26.6,33.089667588297154
Ds,Ds1_2536,M2,4.1,8.5,26.6,3.140067244381872
Ds,Ds1_2460,M2,4.1,8.5,27.200000000000003,33.15909619755631
Ds,Ds1_2536,M2,4.1,8.5,27.200000000000003,2.5466269895651092
Ds,Ds1_2460,M2,4.15,8.5,26.0,33.176022295705415
Ds,Ds1_2536,M2,4.15,8.5,26.0,3.846843513615071
Ds,Ds1_2460,M2,4.15,8.5,26.6,33.25335662989175
Ds,Ds1_2536,M2,4.15,8.5,26.6,3.1858291641223273
Ds,Ds1_2460,M2,4.15,8.5,27.200000000000003,33.32347969734276
Ds,Ds1_2536,M2,4.15,8.5,27.200000000000003,2.5864530357409126
Ds,Ds1_2460,M2,4.2,8.5,26.0,33.33844283990008
Ds,Ds1_2536,M2,4.2,8.5,26.0,3.898840095779743
Ds,Ds1_2460,M2,4.2,8.5,26.6,33.41650427920958
Ds,Ds1_2536,M2,4.2,8.5,26.6,3.231610823444982
Ds,Ds1_2460,M2,4.2,8.5,27.200000000000003,33.487319845501155
Ds,Ds1_2536,M2,4.2,8.5,27.200000000000003,2.626315569032059
Ds,Ds1_2460,M2,4.25,8.5,26.0,33.50024638340098
Ds,Ds1_2536,M2,4.25,8.5,26.0,3.9508093795776
Ds,Ds1_2460,M2,4.25,8.5,26.6,33.579032488577504
Ds,Ds1_2536,M2,4.25,8.5,26.6,3.2773860339153953
Ds,Ds1_2460,M2,4.25,8.5,27.200000000000003,33.650538250141395
Ds,Ds1_2536,M2,4.25,8.5,27.200000000000003,2.666191343194331
Ds,Ds1_2460,M2,4.3,8.5,26.0,33.661363081835844
Ds,Ds1_2536,M2,4.3,8.5,26.0,4.00272448510285
Ds,Ds1_2460,M2,4.3,8.5,26.6,33.74087108880043
Ds,Ds1_2536,M2,4.3,8.5,26.6,3.3231306920465546
Ds,Ds1_2460,M2,4.3,8.5,27.200000000000003,33.8130644320165
Ds,Ds1_2536,M2,4.3,8.5,27.200000000000003,2.70605890490622
Ds,Ds1_2460,M2,4.35,8.5,26.0,33.82173021951102
Ds,Ds1_2536,M2,4.35,8.5,26.0,4.054560727910832
Ds,Ds1_2460,M2,4.35,8.5,26.6,33.90195707191654
Ds,Ds1_2536,M2,4.35,8.5,26.6,3.368822611553474
Ds,Ds1_2460,M2,4.35,8.5,27.200000000000003,33.97483510414577
Ds,Ds1_2536,M2,4.35,8.5,27.200000000000003,2.7458984527931514
Ds,Ds1_2460,M2,4.4,8.5,26.0,33.981291565740804
Ds,Ds1_2536,M2,4.4,8.5,26.0,4.106295441756688
Ds,Ds1_2460,M2,4.4,8.5,26.6,34.06223394457085
Ds,Ds1_2536,M2,4.4,8.5,26.6,3.4144413713535156
Ds,Ds1_2460,M2,4.4,8.5,27.200000000000003,34.135793522370975
Ds,Ds1_2536,M2,4.4,8.5,27.200000000000003,2.7856917095106484
Ds,Ds1_2460,M2,4.45,8.5,26.0,34.13999679376593
Ds,Ds1_2536,M2,4.45,8.5,26.0,4.1579078178100435
Ds,Ds1_2460,M2,4.45,8.5,26.6,34.22165114427081
Ds,Ds1_2536,M2,4.45,8.5,26.6,3.4599681775438573
Ds,Ds1_2460,M2,4.45,8.5,27.200000000000003,34.29588889907323
Ds,Ds1_2536,M2,4.45,8.5,27.200000000000003,2.825421805420521
Ds,Ds1_2460,M2,4.5,8.5,26.0,34.297800955498715
Ds,Ds1_2536,M2,4.5,8.5,26.0,4.2093787585348625
Ds,Ds1_2460,M2,4.5,8.5,26.6,34.38016351172832
Ds,Ds1_2536,M2,4.5,8.5,26.6,3.50538573782186
Ds,Ds1_2460,M2,4.5,8.5,27.200000000000003,34.45507587322447
Ds,Ds1_2536,M2,4.5,8.5,27.200000000000003,2.8650731725901695
Bs,Bs1_5830,M2,10.0,38.0,38.4,1.6468056370385322
Bs,Bs1_5830,M2,10.0,38.0,38.5,1.7043821588743524
Bs,Bs1_5830,M2,10.0,38.0,38.6,1.7629374113274248
Bs,Bs1_5830,M2,10.133333333333333,38.0,38.4,1.635547278850615
Bs,Bs1_5830,M2,10.133333333333333,38.0,38.5,1.6923892794164235
Bs,Bs1_5830,M2,10.133333333333333,38.0,38.6,1.7501917413539332
Bs,Bs1_5830,M2,10.266666666666667,38.0,38.4,1.6245797962166928
Bs,Bs1_5830,M2,10.266666666666667,38.0,38.5,1.6807179735541111
Bs,Bs1_5830,M2,10.266666666666667,38.0,38.6,1.7377992754905953
Bs,Bs1_5830,M2,10.4,38.0,38.4,1.6138957451801565
Bs,Bs1_5830,M2,10.4,38.0,38.5,1.6693590317329785
Bs,Bs1_5830,M2,10.4,38.0,38.6,1.7257489733205564
Bs,Bs1_5830,M2,10.533333333333333,38.0,38.4,1.6034875676480551
Bs,Bs1_5830,M2,10.533333333333333,38.0,38.5,1.658303256120182
Bs,Bs1_5830,M2,10.533333333333333,38.0,38.6,1.7140299377041521
Bs,Bs1_5830,M2,10.666666666666666,38.0,38.4,1.593347657279229
Bs,Bs1_5830,M2,10.666666666666666,38.0,38.5,1.6475415160191378
Bs,Bs1_5830,M2,10.666666666666666,38.0,38.6,1.7026314591309737
Bs,Bs1_5830,M2,10.8,38.0,38.4,1.5834684132215546
Bs,Bs1_5830,M2,10.8,38.0,38.5,1.6370647921086003
Bs,Bs1_5830,M2,10.8,38.0,38.6,1.691543049941433
Bs,Bs1_5830,M2,10.933333333333334,38.0,38.4,1.5738422836898391
Bs,Bs1_5830,M2,10.933333333333334,38.0,38.5,1.6268642113996723
Bs,Bs1_5830,M2,10.933333333333334,38.0,38.6,1.680754470204166
Bs,Bs1_5830,M2,11.066666666666666,38.0,38.4,1.5644618010502693
Bs,Bs1_5830,M2,11.066666666666666,38.0,38.5,1.6169310744890049
Bs,Bs1_5830,M2,11.066666666666666,38.0,38.6,1.6702557467318286
Bs,Bs1_5830,M2,11.2,38.0,38.4,1.5553196098071422
Bs,Bs1_5830,M2,11.2,38.0,38.5,1.6072568764252149
Bs,Bs1_5830,M2,11.2,38.0,38.6,1.6600371864669776
Bs,Bs1_5830,M2,11.333333333333334,38.0,38.4,1.5464084886618015
Bs,Bs1_5830,M2,11.333333333333334,38.0,38.5,1.5978333222881047
Bs,Bs1_5830,M2,11.333333333333334,38.0,38.6,1.6500893852613119
Bs,Bs1_5830,M2,11.466666666666667,38.0,38.4,1.537721367625728
Bs,Bs1_5830,M2,11.466666666666667,38.0,38.5,1.5886523383995093
Bs,Bs1_5830,M2,11.466666666666667,38.0,38.6,1.6404032328991607
Bs,Bs1_5830,M2,11.6,38.0,38.4,1.529251341012137
Bs,Bs1_5830,M2,11.6,38.0,38.5,1.5797060799336982
Bs,Bs1_5830,M2,11.6,38.0,38.6,1.6309699150722259
Bs,Bs1_5830,M2,11.733333333333334,38.0,38.4,1.5209916769989682
Bs,Bs1_5830,M2,11.733333333333334,38.0,38.5,1.5709869355696051
Bs,Bs1_5830,M2,11.733333333333334,38.0,38.6,1.621780912893657
Bs,Bs1_5830,M2,11.866666666666667,38.0,38.4,1.5129358243457045
Bs,Bs1_5830,M2,11.866666666666667,38.0,38.5,1.5624875297219878
Bs,Bs1_5830,M2,11.866666666666667,38.0,38.6,1.6128280004399087
Bs,Bs1_5830,M2,12.0,38.0,38.4,1.505077416753887
Bs,Bs1_5830,M2,12.0,38.0,38.5,1.5542007228007315
Bs,Bs1_5830,M2,12.0,38.0,38.6,1.6041032407261917
Bs,Bs1_5830,M2,12.133333333333333,38.0,38.4,1.497410275283341
Bs,Bs1_5830,M2,12.133333333333333,38.0,38.5,1.5461196098738292
Bs,Bs1_5830,M2,12.133333333333333,38.0,38.6,1.5955989804521102
Bs,Bs1_5830,M2,12.266666666666666,38.0,38.4,1.489928409170837
Bs,Bs1_5830,M2,12.266666666666666,38.0,38.5,1.5382375180480492
Bs,Bs1_5830,M2,12.266666666666666,38.0,38.6,1.5873078437966903
Bs,Bs1_5830,M2,12.4,38.0,38.4,1.4826260153427788
Bs,Bs1_5830,M2,12.4,38.0,38.5,1.5305480028294718
Bs,Bs1_5830,M2,12.4,38.0,38.6,1.57922272549365
Bs,Bs1_5830,M2,12.533333333333333,38.0,38.4,1.4754974768670974
Bs,Bs1_5830,M2,12.533333333333333,38.0,38.5,1.5230448436826292
Bs,Bs1_5830,M2,12.533333333333333,38.0,38.6,1.5713367833776766
Bs,Bs1_5830,M2,12.666666666666666,38.0,38.4,1.4685373605505274
Bs,Bs1_5830,M2,12.666666666666666,38.0,38.5,1.515722038970689
Bs,Bs1_5830,M2,12.666666666666666,38.0,38.6,1.5636434305588764
Bs,Bs1_5830,M2,12.8,38.0,38.4,1.4617404138543155
Bs,Bs1_5830,M2,12.8,38.0,38.5,1.5085738004282436
Bs,Bs1_5830,M2,12.8,38.0,38.6,1.5561363273543891
Bs,Bs1_5830,M2,12.933333333333334,38.0,38.4,1.4551015612736706
Bs,Bs1_5830,M2,12.933333333333334,38.0,38.5,1.501594547292866
Bs,Bs1_5830,M2,12.933333333333334,38.0,38.6,1.5488093730828483
Bs,Bs1_5830,M2,13.066666666666666,38.0,38.4,1.4486159003025534
Bs,Bs1_5830,M2,13.066666666666666,38.0,38.5,1.4947789001995087
Bs,Bs1_5830,M2,13.066666666666666,38.0,38.6,1.541656697807493
Bs,Bs1_5830,M2,13.2,38.0,38.4,1.442278697085732
Bs,Bs1_5830,M2,13.2,38.0,38.5,1.4881216749240411
Bs,Bs1_5830,M2,13.2,38.0,38.6,1.5346726540976565
Bs,Bs1_5830,M2,13.333333333333334,38.0,38.4,1.4360853818430313
Bs,Bs1_5830,M2,13.333333333333334,38.0,38.5,1.4816178760467167
Bs,Bs1_5830,M2,13.333333333333334,38.0,38.6,1.5278518088644484
Bs,Bs1_5830,M2,13.466666666666667,38.0,38.4,1.4300315441365055
Bs,Bs1_5830,M2,13.466666666666667,38.0,38.5,1.4752626905934036
Bs,Bs1_5830,M2,13.466666666666667,38.0,38.6,1.5211889353150445
Bs,Bs1_5830,M2,13.6,38.0,38.4,1.4241129280393892
Bs,Bs1_5830,M2,13.6,38.0,38.5,1.4690514817018863
Bs,Bs1_5830,M2,13.6,38.0,38.6,1.514679005060658
Bs,Bs1_5830,M2,13.733333333333334,38.0,38.4,1.4183254272552586
Bs,Bs1_5830,M2,13.733333333333334,38.0,38.5,1.4629797823512063
Bs,Bs1_5830,M2,13.733333333333334,38.0,38.6,1.508317180405171
Bs,Bs1_5830,M2,13.866666666666667,38.0,38.4,1.412665080227472
Bs,Bs1_5830,M2,13.866666666666667,38.0,38.5,1.4570432891845042
Bs,Bs1_5830,M2,13.866666666666667,38.0,38.6,1.5020988068348713
Bs,Bs1_5830,M2,14.0,38.0,38.4,1.4071280652715652
Bs,Bs1_5830,M2,14.0,38.0,38.5,1.4512378564495256
Bs,Bs1_5830,M2,14.0,38.0,38.6,1.4960194057244243
Bs,Bs1_5830,M2,10.0,39.5,38.4,1.6388599165521454
Bs,Bs1_5830,M2,10.0,39.5,38.5,1.6978061896176033
Bs,Bs1_5830,M2,10.0,39.5,38.6,1.7577833769410849
Bs,Bs1_5830,M2,10.133333333333333,39.5,38.4,1.6276018367303504
Bs,Bs1_5830,M2,10.133333333333333,39.5,38.5,1.6858231443047051
Bs,Bs1_5830,M2,10.133333333333333,39.5,38.6,1.7450571075690682
Bs,Bs1_5830,M2,10.266666666666667,39.5,38.4,1.6166346051611902
Bs,Bs1_5830,M2,10.266666666666667,39.5,38.5,1.6741614030386425
Bs,Bs1_5830,M2,10.266666666666667,39.5,38.6,1.7326835342520432
Bs,Bs1_5830,M2,10.4,39.5,38.4,1.6059507677729368
Bs,Bs1_5830,M2,10.4,39.5,38.5,1.6628117564514275
Bs,Bs1_5830,M2,10.4,39.5,38.6,1.720651626778266
Bs,Bs1_5830,M2,10.533333333333333,39.5,38.4,1.5955427580847612
Bs,Bs1_5830,M2,10.533333333333333,39.5,38.5,1.6517650079911819
Bs,Bs1_5830,M2,10.533333333333333,39.5,38.6,1.7089504986962025
Bs,Bs1_5830,M2,10.666666666666666,39.5,38.4,1.585402962864904
Bs,Bs1_5830,M2,10.666666666666666,39.5,38.5,1.6410120291572996
Bs,Bs1_5830,M2,10.666666666666666,39.5,38.6,1.6975694515357307
Bs,Bs1_5830,M2,10.8,39.5,38.4,1.5755237756680902
Bs,Bs1_5830,M2,10.8,39.5,38.5,1.6305438035852668
Bs,Bs1_5830,M2,10.8,39.5,38.6,1.6864980089194228
Bs,Bs1_5830,M2,10.933333333333334,39.5,38.4,1.565897640239453
Bs,Bs1_5830,M2,10.933333333333334,39.5,38.5,1.6203514618709547
Bs,Bs1_5830,M2,10.933333333333334,39.5,38.6,1.675725942347054
Bs,Bs1_5830,M2,11.066666666666666,39.5,38.4,1.5565170854476114
Bs,Bs1_5830,M2,11.066666666666666,39.5,38.5,1.6104263087098896
Bs,Bs1_5830,M2,11.066666666666666,39.5,38.6,1.6652432901335488
Bs,Bs1_5830,M2,11.2,39.5,38.4,1.5473747531394126
Bs,Bs1_5830,M2,11.2,39.5,38.5,1.6007598436656874
Bs,Bs1_5830,M2,11.2,39.5,38.6,1.6550403707296881
Bs,Bs1_5830,M2,11.333333333333334,39.5,38.4,1.5384634200838632
Bs,Bs1_5830,M2,11.333333333333334,39.5,38.5,1.5913437766651628
Bs,Bs1_5830,M2,11.333333333333334,39.5,38.6,1.6451077914470866
Bs,Bs1_5830,M2,11.466666666666667,39.5,38.4,1.529776014984817
Bs,Bs1_5830,M2,11.466666666666667,39.5,38.5,1.5821700391370026
Bs,Bs1_5830,M2,11.466666666666667,39.5,38.6,1.635436453436664
Bs,Bs1_5830,M2,11.6,39.5,38.4,1.5213056313850084
Bs,Bs1_5830,M2,11.6,39.5,38.5,1.5732307915603025
Bs,Bs1_5830,M2,11.6,39.5,38.6,1.6260175536263737
Bs,Bs1_5830,M2,11.733333333333334,39.5,38.4,1.5130455371525826
Bs,Bs1_5830,M2,11.733333333333334,39.5,38.5,1.5645184280638418
Bs,Bs1_5830,M2,11.733333333333334,39.5,38.6,1.6168425842049787
Bs,Bs1_5830,M2,11.866666666666667,39.5,38.4,1.5049891811311336
Bs,Bs1_5830,M2,11.866666666666667,39.5,38.5,1.5560255786120027
Bs,Bs1_5830,M2,11.866666666666667,39.5,38.6,1.6079033301394414
Bs,Bs1_5830,M2,12.0,39.5,38.4,1.4971301974418874
Bs,Bs1_5830,M2,12.0,39.5,38.5,1.5477451092254466
Bs,Bs1_5830,M2,12.0,39.5,38.6,1.599191865130763
Bs,Bs1_5830,M2,12.133333333333333,39.5,38.4,1.4894624078490275
Bs,Bs1_5830,M2,12.133333333333333,39.5,38.5,1.5396701206113144
Bs,Bs1_5830,M2,12.133333333333333,39.5,38.6,1.5907005463443376
Bs,Bs1_5830,M2,12.266666666666666,39.5,38.4,1.4819798225338523
Bs,Bs1_5830,M2,12.266666666666666,39.5,38.5,1.5317939455160088
Bs,Bs1_5830,M2,12.266666666666666,39.5,38.6,1.5824220081931093
Bs,Bs1_5830,M2,12.4,39.5,38.4,1.4746766395686197
Bs,Bs1_5830,M2,12.4,39.5,38.5,1.5241101450622259
Bs,Bs1_5830,M2,12.4,39.5,38.6,1.5743491554041606
Bs,Bs1_5830,M2,12.533333333333333,39.5,38.4,1.4675472433345849
Bs,Bs1_5830,M2,12.533333333333333,39.5,38.5,1.5166125042883292
Bs,Bs1_5830,M2,12.533333333333333,39.5,38.6,1.566475155558804
Bs,Bs1_5830,M2,12.666666666666666,39.5,38.4,1.4605862020896667
Bs,Bs1_5830,M2,12.666666666666666,39.5,38.5,1.5092950270719372
Bs,Bs1_5830,M2,12.666666666666666,39.5,38.6,1.5587934312630325
Bs,Bs1_5830,M2,12.8,39.5,38.4,1.4537882648584228
Bs,Bs1_5830,M2,12.8,39.5,38.5,1.502151930589032
Bs,Bs1_5830,M2,12.8,39.5,38.6,1.5512976520770354
Bs,Bs1_5830,M2,12.933333333333334,39.5,38.4,1.447148357789023
Bs,Bs1_5830,M2,12.933333333333334,39.5,38.5,1.4951776394341236
Bs,Bs1_5830,M2,12.933333333333334,39.5,38.6,1.5439817263090208
Bs,Bs1_5830,M2,13.066666666666666,39.5,38.4,1.4406615800985105
Bs,Bs1_5830,M2,13.066666666666666,39.5,38.5,1.4883667795054418
Bs,Bs1_5830,M2,13.066666666666666,39.5,38.6,1.5368397927590733
Bs,Bs1_5830,M2,13.2,39.5,38.4,1.4343231997079176
Bs,Bs1_5830,M2,13.2,39.5,38.5,1.4817141717410758
Bs,Bs1_5830,M2,13.2,39.5,38.6,1.5298662124824334
Bs,Bs1_5830,M2,13.333333333333334,39.5,38.4,1.4281286486517408
Bs,Bs1_5830,M2,13.333333333333334,39.5,38.5,1.475214825776511
Bs,Bs1_5830,M2,13.333333333333334,39.5,38.6,1.5230555606278269
Bs,Bs1_5830,M2,13.466666666666667,39.5,38.4,1.4220735183324313
Bs,Bs1_5830,M2,13.466666666666667,39.5,38.5,1.468863933581407
Bs,Bs1_5830,M2,13.466666666666667,39.5,38.6,1.5164026183952455
Bs,Bs1_5830,M2,13.6,39.5,38.4,1.4161535546782593
Bs,Bs1_5830,M2,13.6,39.5,38.5,1.4626568631224868
Bs,Bs1_5830,M2,13.6,39.5,38.6,1.5099023651479109
Bs,Bs1_5830,M2,13.733333333333334,39.5,38.4,1.4103646532530456
Bs,Bs1_5830,M2,13.733333333333334,39.5,38.5,1.4565891520905325
Bs,Bs1_5830,M2,13.733333333333334,39.5,38.6,1.5035499707054287
Bs,Bs1_5830,M2,13.866666666666667,39.5,38.4,1.4047028543574152
Bs,Bs1_5830,M2,13.866666666666667,39.5,38.5,1.4506565017217137
Bs,Bs1_5830,M2,13.866666666666667,39.5,38.6,1.497340787838428
Bs,Bs1_5830,M2,14.0,39.5,38.4,1.399164338154224
Bs,Bs1_5830,M2,14.0,39.5,38.5,1.444854770737287
Bs,Bs1_5830,M2,14.0,39.5,38.6,1.491270344979725
Bs,Bs1_5830,M2,10.0,41.0,38.4,1.603296560678323
Bs,Bs1_5830,M2,10.0,41.0,38.5,1.662894589764126
Bs,Bs1_5830,M2,10.0,41.0,38.6,1.7235698775690065
Bs,Bs1_5830,M2,10.133333333333333,41.0,38.4,1.5917912209121163
Bs,Bs1_5830,M2,10.133333333333333,41.0,38.5,1.650673124867851
Bs,Bs1_5830,M2,10.133333333333333,41.0,38.6,1.7106141522433487
Bs,Bs1_5830,M2,10.266666666666667,41.0,38.4,1.5805819947543283
Bs,Bs1_5830,M2,10.266666666666667,41.0,38.5,1.6387779905293811
Bs,Bs1_5830,M2,10.266666666666667,41.0,38.6,1.6980159116365054
Bs,Bs1_5830,M2,10.4,41.0,38.4,1.5696612373857866
Bs,Bs1_5830,M2,10.4,41.0,38.5,1.627199796755177
Bs,Bs1_5830,M2,10.4,41.0,38.6,1.6857639548773018
Bs,Bs1_5830,M2,10.533333333333333,41.0,38.4,1.559021202080809
Bs,Bs1_5830,M2,10.533333333333333,41.0,38.5,1.615929176276393
Bs,Bs1_5830,M2,10.533333333333333,41.0,38.6,1.6738472341819313
Bs,Bs1_5830,M2,10.666666666666666,41.0,38.4,1.5486541050748237
Bs,Bs1_5830,M2,10.666666666666666,41.0,38.5,1.6049568390380768
Bs,Bs1_5830,M2,10.666666666666666,41.0,38.6,1.6622548983727121
Bs,Bs1_5830,M2,10.8,41.0,38.4,1.5385521783854805
Bs,Bs1_5830,M2,10.8,41.0,38.5,1.594273615608151
Bs,Bs1_5830,M2,10.8,41.0,38.6,1.6509763263531168
Bs,Bs1_5830,M2,10.933333333333334,41.0,38.4,1.5287077125662616
Bs,Bs1_5830,M2,10.933333333333334,41.0,38.5,1.5838704913883617
Bs,Bs1_5830,M2,10.933333333333334,41.0,38.6,1.6400011523149376
Bs,Bs1_5830,M2,11.066666666666666,41.0,38.4,1.519113091048112
Bs,Bs1_5830,M2,11.066666666666666,41.0,38.5,1.5737386331957306
Bs,Bs1_5830,M2,11.066666666666666,41.0,38.6,1.6293192841513588
Bs,Bs1_5830,M2,11.2,41.0,38.4,1.5097608174554673
Bs,Bs1_5830,M2,11.2,41.0,38.5,1.5638694095230345
Bs,Bs1_5830,M2,11.2,41.0,38.6,1.6189209162996911
Bs,Bs1_5830,M2,11.333333333333334,41.0,38.4,1.50064353705843
Bs,Bs1_5830,M2,11.333333333333334,41.0,38.5,1.5542544055703211
Bs,Bs1_5830,M2,11.333333333333334,41.0,38.6,1.6087965380303066
Bs,Bs1_5830,M2,11.466666666666667,41.0,38.4,1.4917540533360951
Bs,Bs1_5830,M2,11.466666666666667,41.0,38.5,1.5448854339599976
Bs,Bs1_5830,M2,11.466666666666667,41.0,38.6,1.5989369380266836
Bs,Bs1_5830,M2,11.6,41.0,38.4,1.4830853404690783
Bs,Bs1_5830,M2,11.6,41.0,38.5,1.5357545418975278
Bs,Bs1_5830,M2,11.6,41.0,38.6,1.5893332059584162
Bs,Bs1_5830,M2,11.733333333333334,41.0,38.4,1.4746305524487766
Bs,Bs1_5830,M2,11.733333333333334,41.0,38.5,1.5268540154151884
Bs,Bs1_5830,M2,11.733333333333334,41.0,38.6,1.579976731630735
Bs,Bs1_5830,M2,11.866666666666667,41.0,38.4,1.4663830293808777
Bs,Bs1_5830,M2,11.866666666666667,41.0,38.5,1.518176381231434
Bs,Bs1_5830,M2,11.866666666666667,41.0,38.6,1.5708592021948589
Bs,Bs1_5830,M2,12.0,41.0,38.4,1.4583363014688766
Bs,Bs1_5830,M2,12.0,41.0,38.5,1.5097144066713564
Bs,Bs1_5830,M2,12.0,41.0,38.6,1.5619725978216454
Bs,Bs1_5830,M2,12.133333333333333,41.0,38.4,1.4504840910857881
Bs,Bs1_5830,M2,12.133333333333333,41.0,38.5,1.501461098020245
Bs,Bs1_5830,M2,12.133333333333333,41.0,38.6,1.5533091861718928
Bs,Bs1_5830,M2,12.266666666666666,41.0,38.4,1.442820313277595
Bs,Bs1_5830,M2,12.266666666666666,41.0,38.5,1.4934096976213596
Bs,Bs1_5830,M2,12.266666666666666,41.0,38.6,1.5448615159398449
Bs,Bs1_5830,M2,12.4,41.0,38.4,1.435339074986953
Bs,Bs1_5830,M2,12.4,41.0,38.5,1.4855536799773232
Bs,Bs1_5830,M2,12.4,41.0,38.6,1.5366224096983023
Bs,Bs1_5830,M2,12.533333333333333,41.0,38.4,1.4280346732398979
Bs,Bs1_5830,M2,12.533333333333333,41.0,38.5,1.4778867470715815
Bs,Bs1_5830,M2,12.533333333333333,41.0,38.6,1.528584956233937
Bs,Bs1_5830,M2,12.666666666666666,41.0,38.4,1.4209015924992594
Bs,Bs1_5830,M2,12.666666666666666,41.0,38.5,1.4704028230901927
Bs,Bs1_5830,M2,12.666666666666666,41.0,38.6,1.5207425025280994
Bs,Bs1_5830,M2,12.8,41.0,38.4,1.4139345013559548
Bs,Bs1_5830,M2,12.8,41.0,38.5,1.4630960486937759
Bs,Bs1_5830,M2,12.8,41.0,38.6,1.513088645510468
Bs,Bs1_5830,M2,12.933333333333334,41.0,38.4,1.4071282487014671
Bs,Bs1_5830,M2,12.933333333333334,41.0,38.5,1.4559607749638999
Bs,Bs1_5830,M2,12.933333333333334,41.0,38.6,1.5056172236895746
Bs,Bs1_5830,M2,13.066666666666666,41.0,38.4,1.4004778595016465
Bs,Bs1_5830,M2,13.066666666666666,41.0,38.5,1.4489915571267684
Bs,Bs1_5830,M2,13.066666666666666,41.0,38.6,1.498322308744888
Bs,Bs1_5830,M2,13.2,41.0,38.4,1.3939785302721617
Bs,Bs1_5830,M2,13.2,41.0,38.5,1.4421831481389782
Bs,Bs1_5830,M2,13.2,41.0,38.6,1.4911981971487744
Bs,Bs1_5830,M2,13.333333333333334,41.0,38.4,1.3876256243392535
Bs,Bs1_5830,M2,13.333333333333334,41.0,38.5,1.4355304922049257
Bs,Bs1_5830,M2,13.333333333333334,41.0,38.6,1.4842394018731735
Bs,Bs1_5830,M2,13.466666666666667,41.0,38.4,1.381414666955449
Bs,Bs1_5830,M2,13.466666666666667,41.0,38.5,1.4290287182828902
Bs,Bs1_5830,M2,13.466666666666667,41.0,38.6,1.477440644224527
Bs,Bs1_5830,M2,13.6,41.0,38.4,1.375341340327875
Bs,Bs1_5830,M2,13.6,41.0,38.5,1.4226731336258471
Bs,Bs1_5830,M2,13.6,41.0,38.6,1.470796845841013
Bs,Bs1_5830,M2,13.733333333333334,41.0,38.4,1.3694014786067894
Bs,Bs1_5830,M2,13.733333333333334,41.0,38.5,1.4164592173943011
Bs,Bs1_5830,M2,13.733333333333334,41.0,38.6,1.4643031208784119
Bs,Bs1_5830,M2,13.866666666666667,41.0,38.4,1.3635910628734929
Bs,Bs1_5830,M2,13.866666666666667,41.0,38.5,1.4103826143708058
Bs,Bs1_5830,M2,13.866666666666667,41.0,38.6,1.4579547684043714
Bs,Bs1_5830,M2,14.0,41.0,38.4,1.357906216159486
Bs,Bs1_5830,M2,14.0,41.0,38.5,1.4044391287995195
Bs,Bs1_5830,M2,14.0,41.0,38.6,1.4517472650154142
Ds,Ds1_2460,s0,3.75,7.5,26.0,22.050497542634105
Ds,Ds1_2536,s0,3.75,7.5,26.0,0.9672636578046172
Ds,Ds1_2460,s0,3.75,7.5,26.6,22.08117373990498
Ds,Ds1_2536,s0,3.75,7.5,26.6,0.7050592075140403
Ds,Ds1_2460,s0,3.75,7.5,27.200000000000003,22.10702526170637
Ds,Ds1_2536,s0,3.75,7.5,27.200000000000003,0.4840936163993736
Ds,Ds1_2460,s0,3.75,7.525,26.0,22.29491297441287
Ds,Ds1_2536,s0,3.75,7.525,26.0,1.012160309563571
Ds,Ds1_2460,s0,3.75,7.525,26.6,22.32650903742054
Ds,Ds1_2536,s0,3.75,7.525,26.6,0.7420933172593007
Ds,Ds1_2460,s0,3.75,7.525,27.200000000000003,22.353227569116918
Ds,Ds1_2536,s0,3.75,7.525,27.200000000000003,0.5137169688431017
Ds,Ds1_2460,s0,3.75,7.55,26.0,22.539578952580506
Ds,Ds1_2536,s0,3.75,7.55,26.0,1.0580033426787616
Ds,Ds1_2460,s0,3.75,7.55,26.6,22.57210121393858
Ds,Ds1_2536,s0,3.75,7.55,26.6,0.7800196804176959
Ds,Ds1_2460,s0,3.75,7.55,27.200000000000003,22.599693054699653
Ds,Ds1_2536,s0,3.75,7.55,27.200000000000003,0.5441787326177396
Ds,Ds1_2460,s0,3.75,7.575,26.0,22.784477992088807
Ds,Ds1_2536,s0,3.75,7.575,26.0,1.10478658277484
Ds,Ds1_2460,s0,3.75,7.575,26.6,22.817932687822584
Ds,Ds1_2536,s0,3.75,7.575,26.6,0.8188329482009055
Ds,Ds1_2460,s0,3.75,7.575,27.200000000000003,22.846404043948546
Ds,Ds1_2536,s0,3.75,7.575,27.200000000000003,0.5754743527364466
Ds,Ds1_2460,s0,3.75,7.6,26.0,23.029592782564478
Ds,Ds1_2536,s0,3.75,7.6,26.0,1.1525037671270202
Ds,Ds1_2460,s0,3.75,7.6,26.6,23.063986052294705
Ds,Ds1_2536,s0,3.75,7.6,26.6,0.8585276819010829
Ds,Ds1_2460,s0,3.75,7.6,27.200000000000003,23.093343037359173
Ds,Ds1_2536,s0,3.75,7.6,27.200000000000003,0.607599183070268
Ds,Ds1_2460,s0,3.75,7.625,26.0,23.27490618871672
Ds,Ds1_2536,s0,3.75,7.625,26.0,1.2011485476278156
Ds,Ds1_2460,s0,3.75,7.625,26.6,23.31024407586035
Ds,Ds1_2536,s0,3.75,7.625,26.6,0.899098355711581
Ds,Ds1_2460,s0,3.75,7.625,27.200000000000003,23.34049271087058
Ds,Ds1_2536,s0,3.75,7.625,27.200000000000003,0.6405484890230387
Ds,Ds1_2460,s0,3.75,7.65,26.0,23.520401250687097
Ds,Ds1_2536,s0,3.75,7.65,26.0,1.2507144937088226
Ds,Ds1_2460,s0,3.75,7.65,26.6,23.556689702674703
Ds,Ds1_2536,s0,3.75,7.65,26.6,0.9405393595065998
Ds,Ds1_2460,s0,3.75,7.65,27.200000000000003,23.5878359162482
Ds,Ds1_2536,s0,3.75,7.65,27.200000000000003,0.6743174501689798
Ds,Ds1_2460,s0,3.75,7.675,26.0,23.76606118434435
Ds,Ds1_2536,s0,3.75,7.675,26.0,1.3011950952176508
Ds,Ds1_2460,s0,3.75,7.675,26.6,23.803306052853674
Ds,Ds1_2536,s0,3.75,7.675,26.6,0.9828450015798244
Ds,Ds1_2460,s0,3.75,7.675,27.200000000000003,23.835355681411126
Ds,Ds1_2536,s0,3.75,7.675,27.200000000000003,0.7089011628530096
Ds,Ds1_2460,s0,3.75,7.7,26.0,24.011869381524424
Ds,Ds1_2536,s0,3.75,7.7,26.0,1.352583765250533
Ds,Ds1_2460,s0,3.75,7.7,26.6,24.050076422729745
Ds,Ds1_2536,s0,3.75,7.7,26.6,1.0260095113424605
Ds,Ds1_2460,s0,3.75,7.7,27.200000000000003,24.0830352107037
Ds,Ds1_2536,s0,3.75,7.7,27.200000000000003,0.7442946427541054
Ds,Ds1_2460,s0,3.75,7.725,26.0,24.2578094102182
Ds,Ds1_2536,s0,3.75,7.725,26.0,1.404873842940705
Ds,Ds1_2460,s0,3.75,7.725,26.6,24.296984285054922
Ds,Ds1_2536,s0,3.75,7.725,26.6,1.0700270419807463
Ds,Ds1_2460,s0,3.75,7.725,27.200000000000003,24.330857885113762
Ds,Ds1_2536,s0,3.75,7.725,27.200000000000003,0.7804928274117474
Ds,Ds1_2460,s0,3.75,7.75,26.0,24.503865014707692
Ds,Ds1_2536,s0,3.75,7.75,26.0,1.458058596202869
Ds,Ds1_2460,s0,3.75,7.75,26.6,24.54401328915191
Ds,Ds1_2536,s0,3.75,7.75,26.6,1.114891673073207
Ds,Ds1_2460,s0,3.75,7.75,27.200000000000003,24.578807262438705
Ds,Ds1_2536,s0,3.75,7.75,27.200000000000003,0.8174905787156566
Ds,Ds1_2460,s0,3.75,7.775,26.0,24.750020115652443
Ds,Ds1_2536,s0,3.75,7.775,26.0,1.5121312244341194
Ds,Ds1_2460,s0,3.75,7.775,26.6,24.791147261014903
Ds,Ds1_2536,s0,3.75,7.775,26.6,1.160597413167916
Ds,Ds1_2460,s0,3.75,7.775,27.200000000000003,24.826867077400895
Ds,Ds1_2536,s0,3.75,7.775,27.200000000000003,0.8552826853590175
Ds,Ds1_2460,s0,3.75,7.8,26.0,24.99625881012721
Ds,Ds1_2536,s0,3.75,7.8,26.0,1.5670848611717154
Ds,Ds1_2460,s0,3.75,7.8,26.6,25.038370203361332
Ds,Ds1_2536,s0,3.75,7.8,26.6,1.2071382023201005
Ds,Ds1_2460,s0,3.75,7.8,27.200000000000003,25.075021241713447
Ds,Ds1_2536,s0,3.75,7.8,27.200000000000003,0.8938638652554873
Ds,Ds1_2460,s0,3.75,7.825,26.0,25.242565371612837
Ds,Ds1_2536,s0,3.75,7.825,26.0,1.622912576707716
Ds,Ds1_2460,s0,3.75,7.825,26.6,25.285666295636457
Ds,Ds1_2536,s0,3.75,7.825,26.6,1.2545079145901195
Ds,Ds1_2460,s0,3.75,7.825,27.200000000000003,25.323253844098552
Ds,Ds1_2536,s0,3.75,7.825,27.200000000000003,0.9332287679199465
Ds,Ds1_2460,s0,3.75,7.85,26.0,25.48892424994102
Ds,Ds1_2536,s0,3.75,7.85,26.0,1.6796073806611131
Ds,Ds1_2460,s0,3.75,7.85,26.6,25.533019893971307
Ds,Ds1_2536,s0,3.75,7.85,26.6,1.302700360502298
Ds,Ds1_2460,s0,3.75,7.85,27.200000000000003,25.571549150258694
Ds,Ds1_2536,s0,3.75,7.85,27.200000000000003,0.9733719768134221
Ds,Ds1_2460,s0,3.75,7.875,26.0,25.73532007119449
Ds,Ds1_2536,s0,3.75,7.875,26.0,1.7371622245077394
Ds,Ds1_2460,s0,3.75,7.875,26.6,25.78041553109574
Ds,Ds1_2536,s0,3.75,7.875,26.6,1.3517092894648775
Ds,Ds1_2460,s0,3.75,7.875,27.200000000000003,25.819891602802752
Ds,Ds1_2536,s0,3.75,7.875,27.200000000000003,1.0142880116523891
Ds,Ds1_2460,s0,3.75,7.9,26.0,25.981737637564045
Ds,Ds1_2536,s0,3.75,7.9,26.0,1.7955700040680636
Ds,Ds1_2460,s0,3.75,7.9,26.6,26.027837916208043
Ds,Ds1_2536,s0,3.75,7.9,26.6,1.4015283921511605
Ds,Ds1_2460,s0,3.75,7.9,27.200000000000003,26.068265821128087
Ds,Ds1_2536,s0,3.75,7.9,27.200000000000003,1.0559713306825143
Ds,Ds1_2460,s0,3.75,7.925,26.0,26.22816192716358
Ds,Ds1_2536,s0,3.75,7.925,26.0,1.8548235619535591
Ds,Ds1_2460,s0,3.75,7.925,26.6,26.275271934801943
Ds,Ds1_2536,s0,3.75,7.925,26.6,1.452151302842434
Ds,Ds1_2460,s0,3.75,7.925,27.200000000000003,26.316656601259762
Ds,Ds1_2536,s0,3.75,7.925,27.200000000000003,1.0984163329172454
Ds,Ds1_2460,s0,3.75,7.95,26.0,26.474578093804382
Ds,Ds1_2536,s0,3.75,7.95,26.0,1.9149156899717366
Ds,Ds1_2460,s0,3.75,7.95,26.6,26.52270264845264
Ds,Ds1_2536,s0,3.75,7.95,26.6,1.5035716017327179
Ds,Ds1_2460,s0,3.75,7.95,27.200000000000003,26.565048915648507
Ds,Ds1_2536,s0,3.75,7.95,27.200000000000003,1.1416173603414561
Ds,Ds1_2460,s0,3.75,7.975,26.0,26.720971466729452
Ds,Ds1_2536,s0,3.75,7.975,26.0,1.9758391314902342
Ds,Ds1_2460,s0,3.75,7.975,26.6,26.77011529456263
Ds,Ds1_2536,s0,3.75,7.975,26.6,1.5557828171957493
Ds,Ds1_2460,s0,3.75,7.975,27.200000000000003,26.81342791292785
Ds,Ds1_2536,s0,3.75,7.975,27.200000000000003,1.1855687000802442
Ds,Ds1_2460,s0,3.75,8.0,26.0,26.967327550310163
Ds,Ds1_2536,s0,3.75,8.0,26.0,2.037586583760565
Ds,Ds1_2460,s0,3.75,8.0,26.6,27.0174952860692
Ds,Ds1_2536,s0,3.75,8.0,26.6,1.6087784280145665
Ds,Ds1_2460,s0,3.75,8.0,27.200000000000003,27.061778917632918
Ds,Ds1_2536,s0,3.75,8.0,27.200000000000003,1.2302645865334163
Ds,Ds1_2460,s0,3.75,8.025,26.0,27.21363202370466
Ds,Ds1_2536,s0,3.75,8.025,26.0,2.1001507002013624
Ds,Ds1_2460,s0,3.75,8.025,26.6,27.26482821111362
Ds,Ds1_2536,s0,3.75,8.025,26.6,1.6625518655737603
Ds,Ds1_2460,s0,3.75,8.025,27.200000000000003,27.31008742988026
Ds,Ds1_2536,s0,3.75,8.025,27.200000000000003,1.2756992034755572
Ds,Ds1_2460,s0,3.75,8.05,26.0,27.45987074048133
Ds,Ds1_2536,s0,3.75,8.05,26.0,2.163524092642243
Ds,Ds1_2460,s0,3.75,8.05,26.6,27.51209983267481
Ds,Ds1_2536,s0,3.75,8.05,26.6,1.7170965160151141
Ds,Ds1_2460,s0,3.75,8.05,27.200000000000003,27.55833912501211
Ds,Ds1_2536,s0,3.75,8.05,27.200000000000003,1.3218666861223685
Ds,Ds1_2460,s0,3.75,8.075,26.0,27.706029728206115
Ds,Ds1_2536,s0,3.75,8.075,26.0,2.22769933352791
Ds,Ds1_2460,s0,3.75,8.075,26.6,27.759296088166746
Ds,Ds1_2536,s0,3.75,8.075,26.6,1.772405722356545
Ds,Ds1_2460,s0,3.75,8.075,27.200000000000003,27.806519853203767
Ds,Ds1_2536,s0,3.75,8.075,27.200000000000003,1.3687611231631465
Ds,Ds1_2460,s0,3.75,8.1,26.0,27.95209518799701
Ds,Ds1_2536,s0,3.75,8.1,26.0,2.2926689580832784
Ds,Ds1_2460,s0,3.75,8.1,26.6,28.006403089002482
Ds,Ds1_2536,s0,3.75,8.1,26.6,1.8284727865748052
Ds,Ds1_2460,s0,3.75,8.1,27.200000000000003,28.054615639037493
Ds,Ds1_2536,s0,3.75,8.1,27.200000000000003,1.4163765587598585
Ds,Ds1_2460,s0,3.75,8.125,26.0,28.198053494044544
Ds,Ds1_2536,s0,3.75,8.125,26.0,2.358425466440042
Ds,Ds1_2460,s0,3.75,8.125,26.6,28.25340712012401
Ds,Ds1_2536,s0,3.75,8.125,26.6,1.8852909716524902
Ds,Ds1_2460,s0,3.75,8.125,27.200000000000003,28.302612681041825
Ds,Ds1_2536,s0,3.75,8.125,27.200000000000003,1.4647069945131994
Ds,Ds1_2460,s0,3.75,8.15,26.0,28.4438911931017
Ds,Ds1_2536,s0,3.75,8.15,26.0,2.4249613257247975
Ds,Ds1_2460,s0,3.75,8.15,26.6,28.50029463950114
Ds,Ds1_2536,s0,3.75,8.15,26.6,1.9428535035892758
Ds,Ds1_2460,s0,3.75,8.15,27.200000000000003,28.550497351199596
Ds,Ds1_2536,s0,3.75,8.15,27.200000000000003,1.5137463913956464
Ds,Ds1_2460,s0,3.75,8.175,26.0,28.689595003941992
Ds,Ds1_2536,s0,3.75,8.175,26.0,2.4922689721093336
Ds,Ds1_2460,s0,3.75,8.175,26.6,28.74705227759828
Ds,Ds1_2536,s0,3.75,8.175,26.6,2.0011535733781245
Ds,Ds1_2460,s0,3.75,8.175,27.200000000000003,28.798256194423526
Ds,Ds1_2536,s0,3.75,8.175,27.200000000000003,1.5634886716520175
Ds,Ds1_2460,s0,3.75,8.2,26.0,28.935151816788586
Ds,Ds1_2536,s0,3.75,8.2,26.0,2.5603408128233887
Ds,Ds1_2460,s0,3.75,8.2,26.6,28.993666836811883
Ds,Ds1_2536,s0,3.75,8.2,26.6,2.06018433894647
Ds,Ds1_2460,s0,3.75,8.2,27.200000000000003,29.04587592800229
Ds,Ds1_2536,s0,3.75,8.2,27.200000000000003,1.6139277206677383
Ds,Ds1_2460,s0,3.75,8.225,26.0,29.180548692714137
Ds,Ds1_2536,s0,3.75,8.225,26.0,2.629169228130222
Ds,Ds1_2460,s0,3.75,8.225,26.6,29.240125290878414
Ds,Ds1_2536,s0,3.75,8.225,26.6,2.119938927062915
Ds,Ds1_2460,s0,3.75,8.225,27.200000000000003,29.293343441016642
Ds,Ds1_2536,s0,3.75,8.225,27.200000000000003,1.665057388805068
Ds,Ds1_2460,s0,3.75,8.25,26.0,29.425772863012835
Ds,Ds1_2536,s0,3.75,8.25,26.0,2.698746573265465
Ds,Ds1_2460,s0,3.75,8.25,26.6,29.486414784254055
Ds,Ds1_2536,s0,3.75,8.25,26.6,2.180410435209713
Ds,Ds1_2460,s0,3.75,8.25,27.200000000000003,29.54064579372712
Ds,Ds1_2536,s0,3.75,8.25,27.200000000000003,1.7168714932076379
Ds,Ds1_2460,s0,3.75,8.275,26.0,29.670811728545917
Ds,Ds1_2536,s0,3.75,8.275,26.0,2.7690651803396573
Ds,Ds1_2460,s0,3.75,8.275,26.6,29.732522631467802
Ds,Ds1_2536,s0,3.75,8.275,26.6,2.2415919334214296
Ds,Ds1_2460,s0,3.75,8.275,27.200000000000003,29.787770216934774
Ds,Ds1_2536,s0,3.75,8.275,27.200000000000003,1.76936381957364
Ds,Ds1_2460,s0,3.75,8.3,26.0,29.915652859060998
Ds,Ds1_2536,s0,3.75,8.3,26.0,2.8401173602047134
Ds,Ds1_2460,s0,3.75,8.3,26.6,29.978436316447908
Ds,Ds1_2536,s0,3.75,8.3,26.6,2.3034764660899816
Ds,Ds1_2460,s0,3.75,8.3,27.200000000000003,30.03470411131501
Ds,Ds1_2536,s0,3.75,8.3,27.200000000000003,1.8225281238977835
Ds,Ds1_2460,s0,3.75,8.325,26.0,30.160283992486328
Ds,Ds1_2536,s0,3.75,8.325,26.0,2.911895404284841
Ds,Ds1_2460,s0,3.75,8.325,26.6,30.224143491823085
Ds,Ds1_2536,s0,3.75,8.325,26.6,2.36605705373657
Ds,Ds1_2460,s0,3.75,8.325,27.200000000000003,30.28143504672587
Ds,Ds1_2536,s0,3.75,8.325,27.200000000000003,1.8763581341825157
Ds,Ds1_2460,s0,3.75,8.35,26.0,30.40469303420076
Ds,Ds1_2536,s0,3.75,8.35,26.0,2.9843915863723915
Ds,Ds1_2460,s0,3.75,8.35,26.6,30.469631978199036
Ds,Ds1_2536,s0,3.75,8.35,26.6,2.4293266947508254
Ds,Ds1_2460,s0,3.75,8.35,27.200000000000003,30.527950761491436
Ds,Ds1_2536,s0,3.75,8.35,27.200000000000003,1.9308475521187733
Ds,Ds1_2460,s0,3.75,8.375,26.0,30.648868056280993
Ds,Ds1_2536,s0,3.75,8.375,26.0,3.057598164388757
Ds,Ds1_2460,s0,3.75,8.375,26.6,30.71488976341213
Ds,Ds1_2536,s0,3.75,8.375,26.6,2.4932783670973984
Ds,Ds1_2460,s0,3.75,8.375,27.200000000000003,30.774239161662038
Ds,Ds1_2536,s0,3.75,8.375,27.200000000000003,1.9859900547364273
Ds,Ds1_2460,s0,3.75,8.4,26.0,30.892797296725387
Ds,Ds1_2536,s0,3.75,8.4,26.0,3.1315073821109536
Ds,Ds1_2460,s0,3.75,8.4,26.6,30.959905001759303
Ds,Ds1_2536,s0,3.75,8.4,26.6,2.557905029990423
Ds,Ds1_2460,s0,3.75,8.4,27.200000000000003,31.020288320250486
Ds,Ds1_2536,s0,3.75,8.4,27.200000000000003,2.0417792960248806
Ds,Ds1_2460,s0,3.75,8.425,26.0,31.136469158657224
Ds,Ds1_2536,s0,3.75,8.425,26.0,3.2061114708642084
Ds,Ds1_2460,s0,3.75,8.425,26.6,31.204666013207138
Ds,Ds1_2536,s0,3.75,8.425,26.6,2.6231996255362677
Ds,Ds1_2460,s0,3.75,8.425,27.200000000000003,31.26608647644716
Ds,Ds1_2536,s0,3.75,8.425,27.200000000000003,2.098208908524092
Ds,Ds1_2460,s0,3.75,8.45,26.0,31.379872209506406
Ds,Ds1_2536,s0,3.75,8.45,26.0,3.281402651180895
Ds,Ds1_2460,s0,3.75,8.45,26.6,31.449161282579084
Ds,Ds1_2536,s0,3.75,8.45,26.6,2.689155080344747
Ds,Ds1_2460,s0,3.75,8.45,27.200000000000003,31.511622034813065
Ds,Ds1_2536,s0,3.75,8.45,27.200000000000003,2.1552725048862262
Ds,Ds1_2460,s0,3.75,8.475,26.0,31.6229951801714
Ds,Ds1_2536,s0,3.75,8.475,26.0,3.357373134426315
Ds,Ds1_2460,s0,3.75,8.475,26.6,31.69337945872281
Ds,Ds1_2536,s0,3.75,8.475,26.6,2.7557643071093834
Ds,Ds1_2460,s0,3.75,8.475,27.200000000000003,31.756883564452743
Ds,Ds1_2536,s0,3.75,8.475,27.200000000000003,2.212963679408452
Ds,Ds1_2460,s0,3.75,8.5,26.0,31.86582696416198
Ds,Ds1_2536,s0,3.75,8.5,26.0,3.4340151243916033
Ds,Ds1_2460,s0,3.75,8.5,26.6,31.937309353658044
Ds,Ds1_2536,s0,3.75,8.5,26.6,2.8230202061568277
Ds,Ds1_2460,s0,3.75,8.5,27.200000000000003,32.00185979816733
Ds,Ds1_2536,s0,3.75,8.5,27.200000000000003,2.271276009536952
Bs,Bs1_5830,s0,12.0,38.0,38.4,1.505077416753887
Bs,Bs1_5830,s0,12.0,38.0,38.5,1.5542007228007315
Bs,Bs1_5830,s0,12.0,38.0,38.6,1.6041032407261917
Bs,Bs1_5830,s0,12.0,38.075,38.4,1.5055108387428107
Bs,Bs1_5830,s0,12.0,38.075,38.5,1.5547270510177627
Bs,Bs1_5830,s0,12.0,38.075,38.6,1.6047252101426464
Bs,Bs1_5830,s0,12.0,38.15,38.4,1.5058522741255491
Bs,Bs1_5830,s0,12.0,38.15,38.5,1.5551594203261108
Bs,Bs1_5830,s0,12.0,38.15,38.6,1.6052512375585175
Bs,Bs1_5830,s0,12.0,38.225,38.4,1.5061024533995646
Bs,Bs1_5830,s0,12.0,38.225,38.5,1.5554985678469866
Bs,Bs1_5830,s0,12.0,38.225,38.6,1.6056820666999485
Bs,Bs1_5830,s0,12.0,38.3,38.4,1.506262113950123
Bs,Bs1_5830,s0,12.0,38.3,38.5,1.5557452377373615
Bs,Bs1_5830,s0,12.0,38.3,38.6,1.6060184484776887
Bs,Bs1_5830,s0,12.0,38.375,38.4,1.5063319997597489
Bs,Bs1_5830,s0,12.0,38.375,38.5,1.5559001808961328
Bs,Bs1_5830,s0,12.0,38.375,38.6,1.6062611406900114
Bs,Bs1_5830,s0,12.0,38.45,38.4,1.5063128611218115
Bs,Bs1_5830,s0,12.0,38.45,38.5,1.5559641546745195
Bs,Bs1_5830,s0,12.0,38.45,38.6,1.6064109077298494
Bs,Bs1_5830,s0,12.0,38.525,38.4,1.5062054543583674
Bs,Bs1_5830,s0,12.0,38.525,38.5,1.555937922590692
Bs,Bs1_5830,s0,12.0,38.525,38.6,1.6064685202962625
Bs,Bs1_5830,s0,12.0,38.6,38.4,1.5060105415422043
Bs,Bs1_5830,s0,12.0,38.6,38.5,1.555822254048674
Bs,Bs1_5830,s0,12.0,38.6,38.6,1.6064347551101317
Bs,Bs1_5830,s0,12.0,38.675,38.4,1.5057288902230608
Bs,Bs1_5830,s0,12.0,38.675,38.5,1.5556179240614265
Bs,Bs1_5830,s0,12.0,38.675,38.6,1.6063103946341477
Bs,Bs1_5830,s0,12.0,38.75,38.4,1.5053612731580508
Bs,Bs1_5830,s0,12.0,38.75,38.5,1.5553257129781926
Bs,Bs1_5830,s0,12.0,38.75,38.6,1.6060962267970145
Bs,Bs1_5830,s0,12.0,38.825,38.4,1.5049084680462936
Bs,Bs1_5830,s0,12.0,38.825,38.5,1.5549464062160505
Bs,Bs1_5830,s0,12.0,38.825,38.6,1.6057930447219702
Bs,Bs1_5830,s0,12.0,38.9,38.4,1.5043712572676067
Bs,Bs1_5830,s0,12.0,38.9,38.5,1.554480793995598
Bs,Bs1_5830,s0,12.0,38.9,38.6,1.6054016464594085
Bs,Bs1_5830,s0,12.0,38.975,38.4,1.5037504276254992
Bs,Bs1_5830,s0,12.0,38.975,38.5,1.5539296710809354
Bs,Bs1_5830,s0,12.0,38.975,38.6,1.6049228347238749
Bs,Bs1_5830,s0,12.0,39.05,38.4,1.5030467700941295
Bs,Bs1_5830,s0,12.0,39.05,38.5,1.5532938365236715
Bs,Bs1_5830,s0,12.0,39.05,38.6,1.6043574166350874
Bs,Bs1_5830,s0,12.0,39.125,38.4,1.5022610795695241
Bs,Bs1_5830,s0,12.0,39.125,38.5,1.5525740934112062
Bs,Bs1_5830,s0,12.0,39.125,38.6,1.6037062034632803
Bs,Bs1_5830,s0,12.0,39.2,38.4,1.5013941546248122
Bs,Bs1_5830,s0,12.0,39.2,38.5,1.5517712486190733
Bs,Bs1_5830,s0,12.0,39.2,38.6,1.6029700103786646
Bs,Bs1_5830,s0,12.0,39.275,38.4,1.5004467972695426
Bs,Bs1_5830,s0,12.0,39.275,38.5,1.5508861125673923
Bs,Bs1_5830,s0,12.0,39.275,38.6,1.602149656204964
Bs,Bs1_5830,s0,12.0,39.35,38.4,1.4994198127131009
Bs,Bs1_5830,s0,12.0,39.35,38.5,1.549919498981447
Bs,Bs1_5830,s0,12.0,39.35,38.6,1.601245963177197
Bs,Bs1_5830,s0,12.0,39.425,38.4,1.498314009132102
Bs,Bs1_5830,s0,12.0,39.425,38.5,1.5488722246562847
Bs,Bs1_5830,s0,12.0,39.425,38.6,1.6002597567034373
Bs,Bs1_5830,s0,12.0,39.5,38.4,1.4971301974418874
Bs,Bs1_5830,s0,12.0,39.5,38.5,1.5477451092254466
Bs,Bs1_5830,s0,12.0,39.5,38.6,1.599191865130763
Bs,Bs1_5830,s0,12.0,39.575,38.4,1.4958691910719133
Bs,Bs1_5830,s0,12.0,39.575,38.5,1.5465389749336136
Bs,Bs1_5830,s0,12.0,39.575,38.6,1.5980431195151958
Bs,Bs1_5830,s0,12.0,39.65,38.4,1.4945318057451775
Bs,Bs1_5830,s0,12.0,39.65,38.5,1.5452546464133432
Bs,Bs1_5830,s0,12.0,39.65,38.6,1.5968143533956813
Bs,Bs1_5830,s0,12.0,39.725,38.4,1.4931188592615496
Bs,Bs1_5830,s0,12.0,39.725,38.5,1.5438929504657106
Bs,Bs1_5830,s0,12.0,39.725,38.6,1.5955064025720753
Bs,Bs1_5830,s0,12.0,39.8,38.4,1.491631171285059
Bs,Bs1_5830,s0,12.0,39.8,38.5,1.542454715844977
Bs,Bs1_5830,s0,12.0,39.8,38.6,1.5941201048871627
Bs,Bs1_5830,s0,12.0,39.875,38.4,1.4900695631350338
Bs,Bs1_5830,s0,12.0,39.875,38.5,1.5409407730471039
Bs,Bs1_5830,s0,12.0,39.875,38.6,1.5926563000125455
Bs,Bs1_5830,s0,12.0,39.95,38.4,1.4884348575811077
Bs,Bs1_5830,s0,12.0,39.95,38.5,1.5393519541021978
Bs,Bs1_5830,s0,12.0,39.95,38.6,1.5911158292385175
Bs,Bs1_5830,s0,12.0,40.025,38.4,1.4867278786420932
Bs,Bs1_5830,s0,12.0,40.025,38.5,1.5376890923708406
Bs,Bs1_5830,s0,12.0,40.025,38.6,1.5894995352678263
Bs,Bs1_5830,s0,12.0,40.1,38.4,1.4849494513886496
Bs,Bs1_5830,s0,12.0,40.1,38.5,1.5359530223442333
Bs,Bs1_5830,s0,12.0,40.1,38.6,1.5878082620133096
Bs,Bs1_5830,s0,12.0,40.175,38.4,1.483100401749683
Bs,Bs1_5830,s0,12.0,40.175,38.5,1.5341445794481228
Bs,Bs1_5830,s0,12.0,40.175,38.6,1.5860428543993281
Bs,Bs1_5830,s0,12.0,40.25,38.4,1.4811815563225719
Bs,Bs1_5830,s0,12.0,40.25,38.5,1.5322645998505873
Bs,Bs1_5830,s0,12.0,40.25,38.6,1.5842041581670954
Bs,Bs1_5830,s0,12.0,40.325,38.4,1.4791937421870573
Bs,Bs1_5830,s0,12.0,40.325,38.5,1.5303139202734934
Bs,Bs1_5830,s0,12.0,40.325,38.6,1.5822930196836997
Bs,Bs1_5830,s0,12.0,40.4,38.4,1.4771377867228082
Bs,Bs1_5830,s0,12.0,40.4,38.5,1.5282933778076917
Bs,Bs1_5830,s0,12.0,40.4,38.6,1.5803102857549178
Bs,Bs1_5830,s0,12.0,40.475,38.4,1.475014517430735
Bs,Bs1_5830,s0,12.0,40.475,38.5,1.5262038097319544
Bs,Bs1_5830,s0,12.0,40.475,38.6,1.5782568034417819
Bs,Bs1_5830,s0,12.0,40.55,38.4,1.4728247617577646
Bs,Bs1_5830,s0,12.0,40.55,38.5,1.5240460533354379
Bs,Bs1_5830,s0,12.0,40.55,38.6,1.5761334198807053
Bs,Bs1_5830,s0,12.0,40.625,38.4,1.4705693469253631
Bs,Bs1_5830,s0,12.0,40.625,38.5,1.5218209457439207
Bs,Bs1_5830,s0,12.0,40.625,38.6,1.5739409821074202
Bs,Bs1_5830,s0,12.0,40.7,38.4,1.468249099761551
Bs,Bs1_5830,s0,12.0,40.7,38.5,1.5195293237495322
Bs,Bs1_5830,s0,12.0,40.7,38.6,1.5716803368844465
Bs,Bs1_5830,s0,12.0,40.775,38.4,1.4658648465364055
Bs,Bs1_5830,s0,12.0,40.775,38.5,1.5171720236440411
Bs,Bs1_5830,s0,12.0,40.775,38.6,1.569352330532122
Bs,Bs1_5830,s0,12.0,40.85,38.4,1.4634174128011301
Bs,Bs1_5830,s0,12.0,40.85,38.5,1.5147498810557154
Bs,Bs1_5830,s0,12.0,40.85,38.6,1.5669578087632494
Bs,Bs1_5830,s0,12.0,40.925,38.4,1.4609076232305178
Bs,Bs1_5830,s0,12.0,40.925,38.5,1.512263730789615
Bs,Bs1_5830,s0,12.0,40.925,38.6,1.5644976165212243
Bs,Bs1_5830,s0,12.0,41.0,38.4,1.4583363014688766
Bs,Bs1_5830,s0,12.0,41.0,38.5,1.5097144066713564
Bs,Bs1_5830,s0,12.0,41.0,38.6,1.5619725978216454
