M2,s0_root,GA,GB,GB_em,G2460,G2536,Gamma2460_keV,Gamma2536_keV,plot_M2
3.5,2.5,-0.343773125665435,-0.25756018972565303,-0.011735733355088039,-0.40885647426720384,-0.13173305094428145,35.13795708683418,5.385049058228656,3.5
3.5,2.5033333333333334,-0.34577630522912683,-0.2586786244485549,-0.011755933795805447,-0.41092682347050347,-0.13272162505388665,35.49471812494988,5.466175167173908,3.5
3.5,2.506666666666667,-0.3477780739655478,-0.2597951090151539,-0.011776064932958819,-0.41299476582064265,-0.13371017464701127,35.85286326306196,5.54790576652674,3.5
3.5,2.51,-0.34977839484331175,-0.26090962713545224,-0.011796126841413252,-0.415060266623873,-0.13469867891424864,36.212380170066815,5.63023907154778,3.5
3.5,2.513333333333333,-0.3517772310705169,-0.26202216267998435,-0.01181611959699274,-0.4171232914558505,-0.1356871171488792,36.57325644904696,5.71317325508236,3.5
3.5,2.5166666666666666,-0.3537745460948407,-0.2631326996794925,-0.011836043276473677,-0.4191838061614251,-0.13667546874713601,36.93547963875954,5.79670644790519,3.5
3.5,2.52,-0.35577030360362527,-0.26424122232459835,-0.011855897957578371,-0.4212417768544229,-0.13766371320846366,37.29903721512297,5.880836739068001,3.5
3.5,2.5233333333333334,-0.3577644675239511,-0.26534771496546805,-0.01187568371896855,-0.4232971699174145,-0.1386518301357723,37.663916592700765,5.9655621762502875,3.5
3.5,2.526666666666667,-0.35975700202269584,-0.2664521621114734,-0.011895400640238887,-0.42534995200147296,-0.1396397992356817,38.030105126182654,6.050880766112579,3.5
3.5,2.5300000000000002,-0.36174787150658283,-0.2675545484308451,-0.011915048801910492,-0.42740009002591894,-0.14062760031876037,38.397590111862584,6.136790474652667,3.5
3.5,2.533333333333333,-0.363737040622214,-0.26865485875032236,-0.011934628285424442,-0.4294475511780531,-0.14161521329975568,38.76635878911326,6.223289227564278,3.5
3.5,2.5366666666666666,-0.36572447425609583,-0.2697530780547979,-0.0119541391731353,-0.43149230291288215,-0.14260261819781986,39.13639834185827,6.310374910598613,3.5
3.5,2.54,-0.3677101375346469,-0.2708491914869548,-0.011973581548304621,-0.4335343129528262,-0.14358979513672618,39.50769590003936,6.398045369928138,3.5
3.5,2.5433333333333334,-0.3696939958241979,-0.2719431843469008,-0.011992955495094482,-0.43557354928742087,-0.14457672434507995,39.88023854108109,6.4862984125129595,3.5
3.5,2.546666666666667,-0.3716760147309785,-0.2730350420917971,-0.012012261098561003,-0.43760998017300634,-0.1455633861565227,40.25401329135122,6.575131806469596,3.5
3.5,2.55,-0.37365616010109126,-0.27412475033548,-0.01203149844464788,-0.43964357413240357,-0.14654976100992917,40.62900712761683,6.664543281442007,3.5
3.5,2.5533333333333332,-0.3756343980204755,-0.2752122948480802,-0.012050667620179914,-0.44167429995458274,-0.1475358294495982,41.00520697849676,6.754530528974895,3.5
3.5,2.5566666666666666,-0.37761069481485743,-0.27629766155563523,-0.012069768712856532,-0.4437021266943182,-0.1485215721254355,41.38259972590915,6.845091202889083,3.5
3.5,2.56,-0.37958501704969105,-0.27738083653969775,-0.012088801811245347,-0.4457270236718346,-0.1495069697931323,41.76117220651495,6.936222919659166,3.5
3.5,2.5633333333333335,-0.381557331530086,-0.27846180603693815,-0.012107767004775675,-0.4477489604724407,-0.15049200331433563,42.140911213156286,7.027923258793073,3.5
3.5,2.566666666666667,-0.3835276053007238,-0.2795405564387436,-0.012126664383732107,-0.44976790694615415,-0.15147665365681204,42.52180349629038,7.120189763213544,3.5
3.5,2.5700000000000003,-0.38549580564576436,-0.2806170742908108,-0.012145494039248028,-0.4517838332073145,-0.15246090189460645,42.90383576541818,7.213019939641677,3.5
3.5,2.5733333333333333,-0.3874619000887395,-0.2816913462927352,-0.012164256063299198,-0.45379670963418683,-0.1534447292081924,43.28699469050807,7.306411258982081,3.5
3.5,2.5766666666666667,-0.389425856392438,-0.28276335929759533,-0.012182950548697297,-0.4558065068685562,-0.15442811688461894,43.67126690341444,7.400361156710063,3.5
3.5,2.58,-0.39138764255877595,-0.28383310031153086,-0.012201577589083499,-0.457813195815308,-0.15541104631764818,44.056638999290136,7.49486703326025,3.5
3.5,2.5833333333333335,-0.39334722682865875,-0.2849005564933189,-0.01222013727892202,-0.4598167476420024,-0.1563934990078878,44.4430975379941,7.5899262544169055,3.5
3.5,2.586666666666667,-0.3953045776818319,-0.2859657151539435,-0.012238629713493723,-0.46181713377843725,-0.15737545656291785,44.83062904549296,7.685536151705896,3.5
3.5,2.59,-0.39725966383672134,-0.287028563756161,-0.012257054988889666,-0.4638143259162006,-0.15835690069741168,45.21922001525671,7.7816940227881535,3.5
3.5,2.5933333333333333,-0.3992124542502628,-0.2880890899140625,-0.012275413202004728,-0.4658082960082153,-0.1593378132332495,45.60885690964867,7.87839713185446,3.5
3.5,2.5966666666666667,-0.40116291811771926,-0.28914728139263,-0.012293704450531148,-0.4677990162682709,-0.16031817609962598,45.999526161308914,7.975642710021599,3.5
3.5,2.6,-0.4031110248724905,-0.29020312610728904,-0.012311928832952176,-0.4697864591705492,-0.1612979713331531,46.39121417453176,8.073427955729931,3.5
4.5,2.5,-0.3272289617258234,-0.24802538905897326,-0.003184929394582813,-0.39151459375764985,-0.12374049411893359,32.22038012871238,4.751424748871461,4.5
4.5,2.5033333333333334,-0.32935102776155734,-0.24922439418028614,-0.0031914663601192764,-0.3937193989460461,-0.12477953772830291,32.58429857008401,4.831554785236233,4.5
4.5,2.506666666666667,-0.3314739920570134,-0.25042260359814505,-0.003197987805204477,-0.39592407379717204,-0.12581977424450475,32.95023896091258,4.912448007085982,4.5
4.5,2.51,-0.3335978166372732,-0.2516199981847251,-0.003204493723039907,-0.3981285807559947,-0.12686118372794022,33.31819465305097,4.994105154923701,4.5
4.5,2.513333333333333,-0.335722463658414,-0.2528165589206949,-0.0032109841070818673,-0.4003328824317236,-0.12790374628322698,33.68815888680424,5.076526923803319,4.5
4.5,2.5166666666666666,-0.33784789540811466,-0.25401226689531153,-0.003217458951040646,-0.40253694159823816,-0.12894744205963912,34.06012479179222,5.159713963364202,4.5
4.5,2.52,-0.3399740743062597,-0.255207103306511,-0.003223918248879701,-0.40474072119451093,-0.1299922512515479,34.43408538781963,5.2436668778703375,4.5
4.5,2.5233333333333334,-0.3421009629055314,-0.25640104946099446,-0.003230361994814842,-0.40694418432502005,-0.13103815409885478,34.810033585752116,5.328386226253534,4.5
4.5,2.526666666666667,-0.3442285238919929,-0.2575940867743101,-0.0032367901833133977,-0.40914729426015284,-0.1320851308874206,35.18796218839862,5.4138725221608786,4.5
4.5,2.5300000000000002,-0.34635672008566437,-0.25878619677092946,-0.0032432028090933914,-0.41135001443660124,-0.1331331619494911,35.567863891399845,5.500126234006455,4.5
4.5,2.533333333333333,-0.34848551444108644,-0.25997736108432,-0.003249599867122709,-0.4135523084577465,-0.13418222766411525,35.9497312841224,5.587147785026997,4.5
4.5,2.5366666666666666,-0.35061487004787995,-0.2611675614570128,-0.003255981352618263,-0.41575414009403794,-0.13523230845756276,36.33355685055922,5.674937553341937,4.5
4.5,2.54,-0.3527447501312924,-0.26235677974066557,-0.0032623472610451526,-0.41795547328336,-0.13628338480373373,36.719332970235065,5.763495872017293,4.5
4.5,2.5433333333333334,-0.3548751180527383,-0.2635449978961212,-0.0032686975881158283,-0.4201562721313926,-0.13733543722456573,37.107051919117986,5.852823029133719,4.5
4.5,2.546666666666667,-0.3570059373103301,-0.26473219799346265,-0.003275032329789242,-0.4223565009119624,-0.1383884462904355,37.49670587053597,5.9429192678585325,4.5
4.5,2.55,-0.35913717153940083,-0.2659183622120616,-0.0032813514822700035,-0.42455612406738474,-0.1394423926205573,37.88828689609883,6.033784786521774,4.5
4.5,2.5533333333333332,-0.36126878451301736,-0.2671034728406249,-0.0032876550420075316,-0.42675510620879786,-0.1404972568833751,38.28178696662521,6.125419738696101,4.5
4.5,2.5566666666666666,-0.3634007401424856,-0.26828751227723446,-0.003293943005695198,-0.4289534121164878,-0.14155301979695153,38.67719795307452,6.217824233280657,4.5
4.5,2.56,-0.3655330024778485,-0.26947046302938416,-0.0033002153702694765,-0.431151006740206,-0.1426096621293534,39.07451162748384,6.310998334588928,4.5
4.5,2.5633333333333335,-0.3676655357083717,-0.2706523077140114,-0.0033064721329090804,-0.4333478551994757,-0.1436671646990295,39.47371966390898,6.404942062440128,4.5
4.5,2.566666666666667,-0.36979830416302717,-0.2718330290575256,-0.0033127132910341062,-0.4355439227838949,-0.144725508375189,39.87481363937114,6.499655392254833,4.5
4.5,2.5700000000000003,-0.371931272310961,-0.27301260989583076,-0.003318938842305166,-0.43773917495342474,-0.14578467407817017,40.27778503480666,6.595138255153911,4.5
4.5,2.5733333333333333,-0.3740644047619587,-0.27419103317434457,-0.003325148784622525,-0.4399335773386742,-0.14684464277980896,40.68262523602208,6.691390538061562,4.5
4.5,2.5766666666666667,-0.37619766626690143,-0.27536828194801394,-0.003331343116125231,-0.4421270957411766,-0.14790539550380272,41.089325534653106,6.788412083811999,4.5
4.5,2.58,-0.37833102171820876,-0.2765443393813244,-0.003337521835190243,-0.4443196961336525,-0.14896691332606574,41.497877129126955,6.886202691259465,4.5
4.5,2.5833333333333335,-0.3804644361502807,-0.27771918874830653,-0.003343684940431557,-0.4465113446602711,-0.15002917737508636,41.90827112562942,6.984762115392369,4.5
4.5,2.586666666666667,-0.3825978747399267,-0.2788928134325384,-0.0033498324306993313,-0.4487020076368996,-0.151092168832276,42.32049853907532,7.084090067450703,4.5
4.5,2.59,-0.38473130280678763,-0.28006519692714277,-0.003355964305079004,-0.45089165155134514,-0.15215586893231475,42.73455029408239,7.184186215047061,4.5
4.5,2.5933333333333333,-0.38686468581375094,-0.28123632283478117,-0.003362080562890419,-0.4530802430635895,-0.15322025896349384,43.15041722594899,7.285050182291301,4.5
4.5,2.5966666666666667,-0.3889979893673566,-0.2824061748676429,-0.003368181203686934,-0.4552677490060152,-0.15428532026805328,43.56809008163496,7.38668154991862,4.5
4.5,2.6,-0.39113117921819407,-0.2835747368474302,-0.0033742662272545384,-0.457454136383622,-0.1553510342425145,43.9875595207455,7.489079855421001,4.5
5.5,2.5,-0.32083942030330864,-0.24389909994801573,6.0017841909602355e-05,-0.3844547288793446,-0.12091015680382247,31.068848978156094,4.53655031948914,5.5
5.5,2.5033333333333334,-0.323047347955066,-0.24515556525281165,6.015513459031785e-05,-0.3867560452728752,-0.1219860715004494,31.441913688253848,4.617646196466092,5.5
5.5,2.506666666666667,-0.3252577792828162,-0.2464120557029547,6.0292193690138436e-05,-0.38905882895673033,-0.12306401501073688,31.817444862388292,4.699615458665405,5.5
5.5,2.51,-0.32747067860457935,-0.2476685517124028,6.042901881135782e-05,-0.3913630433269006,-0.1241439695312237,32.195440739537396,4.782460806212962,5.5
5.5,2.513333333333333,-0.3296860103031722,-0.24892503376779415,6.056560956030814e-05,-0.393668651876137,-0.12522591726933247,32.57589943548629,4.866184899923948,5.5
5.5,2.5166666666666666,-0.33190373882691854,-0.2501814824286914,6.070196554735387e-05,-0.39597561819456073,-0.1263098404438089,32.958818943180745,4.950790361152676,5.5
5.5,2.52,-0.33412382869035934,-0.25143787832782666,6.0838086386886e-05,-0.39828390597027336,-0.12739572128515944,33.34419713309049,5.036279771646224,5.5
5.5,2.5233333333333334,-0.336346244474955,-0.252694202171339,6.097397169731595e-05,-0.40059347898995656,-0.12848354203608703,33.73203175358095,5.122655673401863,5.5
5.5,2.526666666666667,-0.33857095082977956,-0.2539504347390123,6.110962110106945e-05,-0.4029043011394675,-0.12957328495192066,34.122320431293915,5.209920568527934,5.5
5.5,2.5300000000000002,-0.34079791247221175,-0.25520655688450683,6.124503422458045e-05,-0.4052163364044268,-0.1306649323010453,34.515060671536794,5.298076919108663,5.5
5.5,2.533333333333333,-0.34302709418861616,-0.2564625495355879,6.138021069828479e-05,-0.40752954887079906,-0.13175846636532546,34.910249858680274,5.3871271470723965,5.5
5.5,2.5366666666666666,-0.3452584608350232,-0.25771839369435384,6.151515015661405e-05,-0.40984390272547194,-0.13285386944052896,35.30788525656524,5.47707363406377,5.5
5.5,2.54,-0.34749197733779713,-0.2589740704374553,6.164985223798914e-05,-0.41215936225682076,-0.13395112383674496,35.70796400891686,5.567918721319283,5.5
5.5,2.5433333333333334,-0.3497276086943027,-0.260229560916316,6.178431658481386e-05,-0.4144758918552743,-0.13505021187880045,36.11048313976817,5.659664709546688,5.5
5.5,2.546666666666667,-0.35196531997356384,-0.26148484635734803,6.191854284346849e-05,-0.4167934560138709,-0.13615111590667386,36.51543955389133,5.752313858807987,5.5
5.5,2.55,-0.35420507631691645,-0.26273990806216374,6.205253066430321e-05,-0.4191120193288087,-0.13725381827590494,36.92283003723717,5.845868388406027,5.5
5.5,2.5533333333333332,-0.3564468429386546,-0.2639947274077842,6.218627970163161e-05,-0.42143154649998915,-0.13835830135800173,37.332651257382665,5.940330476774704,5.5
5.5,2.5566666666666666,-0.35869058512667207,-0.26524928584684426,6.231978961372396e-05,-0.42375200233155524,-0.13946454754084597,37.744899763986545,6.035702261372914,5.5
5.5,2.56,-0.36093626824309616,-0.2665035649077961,6.245306006280054e-05,-0.42607335173242344,-0.14057253922909246,38.15957198925284,6.131985838581828,5.5
5.5,2.5633333333333335,-0.36318385772491785,-0.26775754619510556,6.258609071502481e-05,-0.42839555971680865,-0.1416822588445699,38.57666424840202,6.229183263606142,5.5
5.5,2.566666666666667,-0.3654333190846137,-0.26901121138944906,6.271888124049673e-05,-0.4307185914047439,-0.1427936888266749,38.996172740150016,6.327296550378588,5.5
5.5,2.5700000000000003,-0.36768461791076334,-0.27026454224790425,6.285143131324574e-05,-0.4330424120225928,-0.14390681163276547,39.41809354719481,6.426327671468189,5.5
5.5,2.5733333333333333,-0.3699377198686598,-0.2715175206041393,6.298374061122385e-05,-0.4353669869035569,-0.14502160973855005,39.84242263671046,6.526278557991978,5.5
5.5,2.5766666666666667,-0.37219259070091676,-0.27277012836859843,6.311580881629879e-05,-0.43769228148817796,-0.14613806563847562,40.26915586084908,6.627151099530425,5.5
5.5,2.58,-0.37444919622806555,-0.274022347528683,6.324763561424671e-05,-0.44001826132483046,-0.14725616184611046,40.69828895724928,6.7289471440461615,5.5
5.5,2.5833333333333335,-0.3767075023491493,-0.2752741601489293,6.337922069474525e-05,-0.44234489207021044,-0.14837588089452616,41.12981754955239,6.83166849780646,5.5
5.5,2.586666666666667,-0.3789674750423124,-0.27652554837118615,6.35105637513663e-05,-0.44467213948982065,-0.14949720533667638,41.563737147926325,6.935316925309157,5.5
5.5,2.59,-0.38122908036538045,-0.2777764944147842,6.364166448156883e-05,-0.4469999694584442,-0.15062011774577214,42.00004314959549,7.039894149212053,5.5
5.5,2.5933333333333333,-0.3834922844564381,-0.2790269805767072,6.377252258669157e-05,-0.4493283479606183,-0.1517446007156542,42.438730839378785,7.145401850265771,5.5
5.5,2.5966666666666667,-0.3857570535343982,-0.28027698923175487,6.390313777194567e-05,-0.4516572410910955,-0.15287063686116395,42.87979539023342,7.25184166725022,5.5
5.5,2.6,-0.38802335389956766,-0.2815265028327062,6.403350974640734e-05,-0.4539866150553046,-0.15399820881851056,43.32323186380648,7.359215196914464,5.5
