M2_GeV2,theta_deg,theta_matrix_median_deg,theta_matrix_min_deg,theta_matrix_max_deg,Pi12_normalized_at_s0mix45,s01_GeV2,s02_GeV2,sqrt_s01_minus_m1_GeV,sqrt_s02_minus_m2_GeV,m_eff1_GeV,m_eff2_GeV,Pi1_GeV4,Pi2_GeV4,f1_GeV,f2_GeV,pole_fraction1,pole_fraction2,d5_fraction1,d5_fraction2
6.5,38.5,39.60554908295438,39.38566863875349,39.875154925541736,0.11595314734738749,45.425,43.85,0.9898071189018456,0.7932332524573216,5.750264435625443,5.8285928686287045,0.060656085579485396,0.0015025816970358284,0.5448753213283782,0.09074387046649118,0.8567128728266467,0.6334507165351831,0.004305215201012429,0.041663580664291044
6.55,38.5,39.59404595838299,39.37141808889258,39.86637284536588,0.11463644245130697,45.275,43.75,0.9786700023110066,0.7856782776614759,5.74973182151431,5.828503320176401,0.06286125177897942,0.0015564831835410589,0.5440263694743831,0.09053292990000493,0.8511150968381584,0.6250964490848292,0.00414205809037328,0.040873974250268515
6.6,38.5,39.58268450495524,39.357330638824116,39.857705815385984,0.11333745477627956,45.175,43.65,0.9712350055625931,0.7781146636635716,5.750208928537673,5.8282688635732915,0.06517197655107998,0.001611184095833254,0.5434444088399101,0.09031800178616325,0.846255842686044,0.6167545494703814,0.003982430055671955,0.04011757748053883
6.6499999999999995,38.5,39.57146236799132,39.34340405897443,39.849151582496106,0.11205591752684894,45.05,43.575,0.961929677819934,0.7724362658257551,5.7500148356225225,5.828899365971404,0.06748784418217939,0.0016686921314544186,0.5426984299641648,0.09015411094240149,0.8409040610504839,0.6091616901528383,0.0038324353839776664,0.0393447381312153
6.699999999999999,38.5,39.56037725459791,39.3296361615954,39.840707968203205,0.11079156627587594,44.925,43.475,0.9526114313750877,0.7648574616439037,5.749711203743391,5.8283966207930265,0.06984102925690419,0.0017250082353510647,0.5419313621602049,0.08993197647090817,0.8354725043974415,0.6008599269144845,0.0036894715298082087,0.03865018486671088
6.749999999999999,38.5,39.54942693005632,39.31602479819288,39.832372864088015,0.10954413907429479,44.825,43.4,0.9451474965081985,0.7591676368002407,5.74990062323978,5.828785065744076,0.07227300776034237,0.0017842927666651054,0.5413019304727695,0.08976259205783431,0.8304122123380463,0.5933217836232517,0.0035510563765474372,0.03793636432450776
6.799999999999999,38.5,39.53860921456091,39.302567857265174,39.82414422766324,0.10831337655304914,44.725,43.325,0.9376752313490826,0.7534728935056085,5.750002359283743,5.829061752462783,0.07474533096130581,0.0018444835842827633,0.540658226535017,0.08959080631495701,0.8252942517526539,0.5858166890342404,0.003418962980679708,0.03725011150230604
6.849999999999999,38.5,39.527921980266406,39.28926326231143,39.81602007858826,0.10709902201684723,44.625,43.225,0.9301946079436938,0.7458722294305957,5.750017326473414,5.828187044972216,0.07725718001756418,0.001903057866884213,0.5399998603245106,0.0893579266648509,0.8201203601391296,0.5776000043924387,0.0032928468876681394,0.036638240227740794
6.899999999999999,38.5,39.51736314861156,39.27610897007979,39.8079984952054,0.10590082152967001,44.525,43.15,0.9227055981812953,0.7401659599659967,5.749946454217998,5.828240447691931,0.07980769303172044,0.001964863453972973,0.5393264627679933,0.08918033095263651,0.8148922870385142,0.5701652105477337,0.003172385084793395,0.03600346273770062
6.949999999999998,38.5,39.50693068789188,39.263102969023805,39.800077611365936,0.10471852399266278,44.425,43.075,0.9152081737932232,0.7344547292441614,5.749790684619746,5.828190812312485,0.0823959659416682,0.0020274956294547126,0.5386376849820418,0.08900019373650156,0.8096117917289385,0.5627703415959588,0.0030572745025814934,0.03539277884272306
6.999999999999998,38.5,39.49662261105002,39.25024327794317,39.79225561351645,0.10355188121379298,44.35,43.025,0.9095795663089721,0.7306444794430478,5.750198125844703,5.829108787638235,0.08507718340522996,0.0020938087165339554,0.5381107369832371,0.08887865445939037,0.8047713263456795,0.5561714370714113,0.002945286187048758,0.03475725239085053
7.049999999999998,38.5,39.486436973664944,39.23752794478611,39.78453073802127,0.10240064797015891,44.25,42.95,0.9020673478250352,0.7249249511243772,5.749884526670098,5.828869224695976,0.08774117347082418,0.002158147117142969,0.5373940239080313,0.08869415894585476,0.7993995526965417,0.5488641496443094,0.0028400686152274977,0.034191733017848475
7.099999999999998,38.5,39.47637187211546,39.224955045592154,39.7769012686976,0.1012645820627773,44.175,42.875,0.8964276118829426,0.719200426854397,5.75015326052396,5.828534253635574,0.09050234581089078,0.0022232319919777708,0.5368457131036249,0.08850701412509673,0.7944866487378617,0.5416022147386175,0.0027375144678830855,0.03364734986852757
7.149999999999998,38.5,39.466425441901656,39.21252268355794,39.769365534542565,0.10014344436434815,44.075,42.825,0.8889005113798776,0.7153812953385597,5.749685431281122,5.829197593653706,0.09323841302963146,0.002292330541188957,0.5360999505638082,0.08838077091539943,0.7890303223245142,0.5351456817565116,0.0026411830015183,0.03307558301426621
7.1999999999999975,38.5,39.456595856105885,39.20022898821267,39.76192190763439,0.09903699886013122,44.0,42.75,0.8832495807107996,0.7096484153110101,5.749818803707544,5.828686864327878,0.09607620128309902,0.002358965791867074,0.5355292708140886,0.08818907193813069,0.7840513141862511,0.5279806120998937,0.002547114628625489,0.032570889229155985
7.249999999999997,38.5,39.4468813239798,39.18807211468558,39.754568801191496,0.09794501268246267,43.925,42.7,0.8775938318517982,0.7058237010818162,5.74988973577051,5.829193616411377,0.0989526576664847,0.002429852703573831,0.534948758422473,0.08805976877995704,0.7790450216879556,0.5216254235325626,0.0024569837394627573,0.032037378540328426
7.299999999999997,38.5,39.43728008964417,39.17605024305646,39.74730466777387,0.09686725613904305,43.85,42.625,0.871933252457322,0.7000824286002976,5.749899001328022,5.828515731231211,0.10186696326692776,0.002497929694341264,0.5343582100127641,0.08786341686828325,0.7740128967278936,0.5145623786493553,0.002370592314337003,0.031569173937309444
