input_set,s0_window_label,M2,s0,theta_deg,gA_star,width_A_keV,g1_2460_axial_only,Gamma2460_axial_only_keV,g2_2536_axial_only,Gamma2536_axial_only_keV,qcd_side,pert,heavy_local,twist2_chi_phi,twist4_2p,twist3_2p_f3g,twist4_3p_F2,twist3_3p_F3,F2_integral,F3_integral
project_inputs_positive_chi,rounded_final,3.0,7.5,35.3,-0.24797384473243517,1.958996792748545,-0.0934523327128234,0.2782289179209309,-0.12014689870617239,0.7766562551053326,-0.011413494972169142,0.01198677400921224,-0.005462175903188852,-0.033317398026402975,-0.0016315795387013901,0.008719093287177888,-0.00042730208744382877,0.008719093287177777,-0.1562500000000002,-4.453125000000227
project_inputs_positive_chi,rounded_final,3.25,7.5,35.3,-0.22389856548988807,1.5970723684694028,-0.08437923466751832,0.22682615845287743,-0.10848207921846303,0.6331691044207154,-0.011791944614690898,0.013305353874922392,-0.005692765210761265,-0.03661568103039648,-0.0015080020554787644,0.009582247041758066,-0.00044534427649281066,0.009582247041757967,-0.1562500000000002,-4.453125000000227
project_inputs_positive_chi,rounded_final,3.5,7.5,35.3,-0.20520283033742664,1.3414937912813287,-0.07733349134058055,0.19052729811883876,-0.09942372631022023,0.5318434149766096,-0.012130497642289326,0.014566963967351538,-0.00589823187422472,-0.03975274438379357,-0.0013914911151011857,0.010403209951418049,-0.0004614141393573967,0.010403209951417965,-0.1562500000000002,-4.453125000000227
project_inputs_positive_chi,rounded_final,3.75,7.5,35.3,-0.1903227543042785,1.1539936042805672,-0.07172573130547562,0.1638973545006053,-0.09221411519246772,0.4575078195296937,-0.012435377771556068,0.015770311020510127,-0.006082358426591934,-0.04273016224145149,-0.0012821464051622007,0.011182393969187238,-0.0004758096572349714,0.011182393969187169,-0.1562500000000002,-4.453125000000227
project_inputs_positive_chi,rounded_final,4.0,7.5,35.3,-0.178234187967667,1.0120547262807196,-0.06716998985407774,0.14373831157465922,-0.08635703072166453,0.40123528358207405,-0.012711539581307146,0.0169157531971626,-0.00624823012167493,-0.045552502408854466,-0.0011797755278833172,0.011920994480194538,-0.0004887736804460593,0.011920994480194486,-0.1562500000000002,-4.453125000000227
project_inputs_positive_chi,rounded_final,4.25,7.5,35.3,-0.16824187165992596,0.9017583158754977,-0.06340424887776483,0.12807332884921435,-0.0815156095767789,0.35750759736330645,-0.012962982809027501,0.018004709628444568,-0.006398381263508861,-0.048226121219899346,-0.0010840342558814872,0.012620674923708754,-0.0005005055455998397,0.012620674923708714,-0.1562500000000002,-4.453125000000227
project_inputs_positive_chi,rounded_final,4.5,7.5,35.3,-0.15985916194164393,0.8141361468509871,-0.06024511014491506,0.11562868301629813,-0.0774540660035347,0.3227692527622911,-0.013192976722028911,0.019039254296896103,-0.006534908578693237,-0.050758354642473746,-0.0009945079491838938,0.013283355107162404,-0.0005111700628989166,0.01328335510716238,-0.1562500000000002,-4.453125000000227
project_inputs_positive_chi,rounded_final,4.75,7.5,35.3,-0.15273636199777452,0.7432019794740672,-0.057560785631095485,0.10555417104876581,-0.07400296685925277,0.29464696843905946,-0.01340422324790325,0.020021838609215203,-0.006659559051807978,-0.053156980874119394,-0.0009107585981003286,0.013911070568562363,-0.0005209044702154618,0.013911070568562355,-0.1562500000000002,-4.453125000000227
project_inputs_positive_chi,rounded_final,5.0,7.5,35.3,-0.14661638150717216,0.6848366079835455,-0.055254387334852315,0.09726475770517523,-0.07103774818112348,0.2715076600862058,-0.013598977612998912,0.020955103420076254,-0.006773798208949616,-0.05542986836239908,-0.0008323515568072016,0.01450588046415699,-0.0005298238332332555,0.014505880464156995,-0.1562500000000002,-4.453125000000227
project_inputs_positive_chi,rounded_final,5.25,7.5,35.3,-0.14130639575915344,0.6361296112395565,-0.05325324662842163,0.09034708685986215,-0.06846498362005936,0.2521974734495348,-0.01377913896427849,0.021841753085733422,-0.006878863480894348,-0.057584750142037844,-0.0007588701914424366,0.015069808512938591,-0.0005380252615144836,0.015069808512938612,-0.1562500000000002,-4.453125000000227
project_inputs_positive_chi,rounded_final,5.5,7.5,35.3,-0.13665920613102878,0.5949764290006493,-0.0515018896989209,0.0845022557678882,-0.06621335332364191,0.23588204275477953,-0.013946319425851757,0.022684472460156275,-0.006975806165083423,-0.059629083965205346,-0.0006899233208611963,0.015604806393031275,-0.000545591220920655,0.015604806393031313,-0.1562500000000002,-4.453125000000227
project_inputs_positive_chi,rounded_final,5.75,7.5,35.3,-0.13256066780141093,0.5598237772903849,-0.049957299510270226,0.07950965737078931,-0.06422755248217295,0.22194555907324617,-0.014101897415922372,0.023485873563461865,-0.007065524641686506,-0.061569970448217014,-0.0006251483775828616,0.01611273232085403,-0.0005525921536059628,0.016112732320854077,-0.1562500000000002,-4.453125000000227
project_inputs_positive_chi,rounded_final,6.0,7.5,35.3,-0.12892101730140287,0.529504214740743,-0.048585647472321816,0.0752034843789555,-0.06246408940233815,0.209925183137256,-0.014247059307113123,0.02424846269410475,-0.007148790845009814,-0.06341411018734772,-0.0005642120611516513,0.016595339828418983,-0.0005590885645467183,0.016595339828419046,-0.1562500000000002,-4.453125000000227
project_inputs_positive_chi,rounded_final,3.0,8.0,35.3,-0.24877669368699987,1.9717023631336055,-0.09375489731475177,0.28003344211050013,-0.12053589058603989,0.7816934561618964,-0.01145044771013319,0.012348397118622234,-0.005462175903188852,-0.034153680746787034,-0.0016315795387013901,0.008937946723682897,-0.00042730208744382877,0.008937946723682783,-0.1562500000000002,-4.453125000000227
project_inputs_positive_chi,rounded_final,3.25,8.0,35.3,-0.22475438912859722,1.6093049123918621,-0.08470176350322856,0.22856350047996205,-0.10889673809565746,0.6380187712442631,-0.011837017815251698,0.013746395382128311,-0.005692765210761265,-0.03763563578407313,-0.0015080020554787644,0.009849167064713034,-0.00044534427649281066,0.009849167064712932,-0.1562500000000002,-4.453125000000227
project_inputs_positive_chi,rounded_final,3.5,8.0,35.3,-0.2061068441796145,1.3533396344588597,-0.07767418131313913,0.1922097184991812,-0.09986173403496038,0.5365397719256775,-0.01218393812243877,0.015089829324496738,-0.00589823187422472,-0.04096193610115742,-0.0013914911151011857,0.010719652891452653,-0.0004614141393573967,0.010719652891452568,-0.1562500000000002,-4.453125000000227
project_inputs_positive_chi,rounded_final,3.75,8.0,35.3,-0.19127073021224755,1.1655180547236832,-0.0720829889834007,0.16553412868435619,-0.09267342317115211,0.4620767583643204,-0.012497316968353746,0.016376278174576993,-0.006082358426591934,-0.04413154805984155,-0.0012821464051622007,0.011549133702949996,-0.0004758096572349714,0.011549133702949924,-0.1562500000000002,-4.453125000000227
project_inputs_positive_chi,rounded_final,4.0,8.0,35.3,-0.17922238700862678,1.0233082800820847,-0.06754240616944322,0.14533661133120238,-0.08683582738751387,0.4056968237869112,-0.012782017256587092,0.017605204487746134,-0.00624823012167493,-0.047146967971828116,-0.0011797755278833172,0.012338262778749623,-0.0004887736804460593,0.012338262778749567,-0.1562500000000002,-4.453125000000227
project_inputs_positive_chi,rounded_final,4.25,8.0,35.3,-0.16926698160401432,0.9127807519683413,-0.06379057557147536,0.12963880383024368,-0.08201229010672742,0.36187750953962755,-0.01304196720483499,0.018777328891126103,-0.006398381263508861,-0.05001293652469594,-0.0010840342558814872,0.013088280746862538,-0.0005005055455998397,0.013088280746862496,-0.1562500000000002,-4.453125000000227
project_inputs_positive_chi,rounded_final,4.5,8.0,35.3,-0.1609182414035949,0.8249593120498764,-0.060644238715730076,0.11716585630464306,-0.07796720525406377,0.32706016277443156,-0.01328038122558435,0.01989418978443245,-0.006534908578693237,-0.05273555084357062,-0.0009945079491838938,0.01380078321216495,-0.0005111700628989166,0.013800783212164925,-0.1562500000000002,-4.453125000000227
project_inputs_positive_chi,rounded_final,4.75,8.0,35.3,-0.15382679158590262,0.7538517329810619,-0.05797172892545627,0.10706671532925872,-0.07453129569737037,0.2988691283257699,-0.01349991992055021,0.02095783522068371,-0.006659559051807978,-0.055321656109526635,-0.0009107585981003286,0.014477561544208248,-0.0005209044702154618,0.01447756154420824,-0.1562500000000002,-4.453125000000227
project_inputs_positive_chi,rounded_final,5.0,8.0,35.3,-0.14773582159835602,0.6953342104119535,-0.05567626363380741,0.09875569254245088,-0.07158013302573568,0.27566949874761215,-0.013702808034829084,0.021970608669877042,-0.006773798208949616,-0.05777843284933845,-0.0008323515568072016,0.015120494871811194,-0.0005298238332332555,0.015120494871811201,-0.1562500000000002,-4.453125000000227
project_inputs_positive_chi,rounded_final,5.25,8.0,35.3,-0.14245275022219006,0.6464927369929467,-0.05368526597627713,0.09181892248272651,-0.06902040886541312,0.2563059980109872,-0.013890922846130697,0.022935001238386835,-0.006878863480894348,-0.06011312077614847,-0.0007588701914424366,0.015731477812741097,-0.0005380252615144836,0.015731477812741118,-0.1562500000000002,-4.453125000000227
project_inputs_positive_chi,rounded_final,5.5,8.0,35.3,-0.13783059124400654,0.6052199174164268,-0.05194334218932756,0.08595709975140418,-0.0667809062793446,0.23994313636231437,-0.014065861397584065,0.0238535508344645,-0.006975806165083423,-0.06233283768141507,-0.0006899233208611963,0.016312373078115873,-0.000545591220920655,0.01631237307811591,-0.1562500000000002,-4.453125000000227
project_inputs_positive_chi,rounded_final,5.75,8.0,35.3,-0.1337553856346744,0.5699601989070345,-0.050407545255229946,0.08094929506107561,-0.06480641047685559,0.22596420539369796,-0.014228992342381962,0.02472877444516343,-0.007065524641686506,-0.06444446429653236,-0.0006251483775828616,0.016864981340931125,-0.0005525921536059628,0.016864981340931173,-0.1562500000000002,-4.453125000000227
project_inputs_positive_chi,rounded_final,6.0,8.0,35.3,-0.13013753290687258,0.5395443043473765,-0.049044108005671064,0.07662944039757844,-0.0630535087315523,0.21390563804339668,-0.01438149642483021,0.02556312372359376,-0.007148790845009814,-0.06645457475295832,-0.0005642120611516513,0.017391023037621238,-0.0005590885645467183,0.017391023037621304,-0.1562500000000002,-4.453125000000227
project_inputs_positive_chi,rounded_final,3.0,8.5,35.3,-0.24952120413016665,1.983521392796924,-0.09403547625128465,0.2817120542686584,-0.12089661661703467,0.7863791827293264,-0.011484715300769536,0.012651516698770807,-0.005462175903188852,-0.03486157878643394,-0.0016315795387013901,0.009123202158113894,-0.00042730208744382877,0.009123202158113778,-0.1562500000000002,-4.453125000000227
project_inputs_positive_chi,rounded_final,3.25,8.5,35.3,-0.22555825939943283,1.6208373758477201,-0.08500471300215308,0.23020141272165806,-0.10928622481796564,0.6425908868867799,-0.0118793548158946,0.014120855037086124,-0.005692765210761265,-0.03851014898724181,-0.0015080020554787644,0.010078025338497016,-0.00044534427649281066,0.010078025338496912,-0.1562500000000002,-4.453125000000227
project_inputs_positive_chi,rounded_final,3.5,8.5,35.3,-0.20696535652399936,1.3646374501705252,-0.07799772342433271,0.1938143046077253,-0.10027769562877323,0.5410188600354547,-0.012234688796551364,0.01553866544423187,-0.00589823187422472,-0.04201015767750109,-0.0013914911151011857,0.010993970282700624,-0.0004614141393573967,0.010993970282700535,-0.1562500000000002,-4.453125000000227
project_inputs_positive_chi,rounded_final,3.75,8.5,35.3,-0.19217960187978766,1.1766208838801655,-0.0724255096938404,0.16711102158867533,-0.09311378458223027,0.466478542862216,-0.012556701157979628,0.016901427802847077,-0.006082358426591934,-0.04535800353778168,-0.0012821464051622007,0.011870094532972077,-0.0004758096572349714,0.011870094532972003,-0.1562500000000002,-4.453125000000227
project_inputs_positive_chi,rounded_final,4.0,8.5,35.3,-0.18017774637830056,1.0342470118995213,-0.06790244640582946,0.1468901981100365,-0.08729871275971932,0.4100335508915084,-0.012850152829119249,0.01820770387377281,-0.00624823012167493,-0.04855407889243015,-0.0011797755278833172,0.012706500759771228,-0.0004887736804460593,0.012706500759771172,-0.1562500000000002,-4.453125000000227
project_inputs_positive_chi,rounded_final,4.25,8.5,35.3,-0.17026533504790123,0.9235798481892354,-0.06416681871237509,0.13117255869252084,-0.08249600672702284,0.3661588772582924,-0.013118890020794855,0.01945749004381569,-0.006398381263508861,-0.05160143277963122,-0.0010840342558814872,0.013503986890005454,-0.0005005055455998397,0.01350398689000541,-0.1562500000000002,-4.453125000000227
project_inputs_positive_chi,rounded_final,4.5,8.5,35.3,-0.16195643737423618,0.8356384279472776,-0.06103549705740787,0.11868257081458228,-0.07847022615232174,0.33129396356033003,-0.013366062240718,0.020651751643134257,-0.006534908578693237,-0.05450482374136815,-0.0009945079491838938,0.014263798224145984,-0.0005111700628989166,0.014263798224145958,-0.1562500000000002,-4.453125000000227
project_inputs_positive_chi,rounded_final,4.75,8.5,35.3,-0.15490198529673077,0.7644268650889842,-0.05837693037121142,0.10856866141418825,-0.07505224253353275,0.3030617041026091,-0.013594279484613232,0.021792090015740593,-0.006659559051807978,-0.057270053503771415,-0.0009107585981003286,0.014987453061770684,-0.0005209044702154618,0.014987453061770673,-0.1562500000000002,-4.453125000000227
project_inputs_positive_chi,rounded_final,5.0,8.5,35.3,-0.14884544194038846,0.7058185262281161,-0.05609443922607773,0.10024474033235539,-0.0721177600604753,0.2798260698503641,-0.01380572765428163,0.022880505849458575,-0.006773798208949616,-0.05990350187579159,-0.0008323515568072016,0.015676620985520723,-0.0005298238332332555,0.01567662098552073,-0.1562500000000002,-4.453125000000227
project_inputs_positive_chi,rounded_final,5.25,8.5,35.3,-0.14359446961059716,0.6568971858795486,-0.05411553853290595,0.09329662707417781,-0.06957358835036176,0.2604309053812364,-0.014002254750299328,0.023919231972261833,-0.006878863480894348,-0.06241180522813044,-0.0007588701914424366,0.016333038719710265,-0.0005380252615144836,0.01633303871971029,-0.1562500000000002,-4.453125000000227
project_inputs_positive_chi,rounded_final,5.5,8.5,35.3,-0.13900229857505428,0.6155536877972962,-0.052384916112017975,0.08742476614154598,-0.06734861535434229,0.2440400228068623,-0.014185436252253839,0.02491061614078021,-0.006975806165083423,-0.06480163713633698,-0.0006899233208611963,0.016958452725084082,-0.000545591220920655,0.016958452725084124,-0.1562500000000002,-4.453125000000227
project_inputs_positive_chi,rounded_final,5.75,8.5,35.3,-0.13495516226624651,0.5802310654692371,-0.05085969747747632,0.0824080274593571,-0.06538771953216772,0.2300361532347636,-0.014356625427376656,0.02585703974171394,-0.007065524641686506,-0.06707956153577603,-0.0006251483775828616,0.017554580769780358,-0.0005525921536059628,0.01755458076978041,-0.1562500000000002,-4.453125000000227
project_inputs_positive_chi,rounded_final,6.0,8.5,35.3,-0.131363631446525,0.5497588952054944,-0.049506179998747346,0.07808018017008808,-0.06364757113037647,0.2179552750375279,-0.014516992552431763,0.026760862252578857,-0.007148790845009814,-0.06925193719442672,-0.0005642120611516513,0.01812308693006211,-0.0005590885645467183,0.01812308693006218,-0.1562500000000002,-4.453125000000227
project_inputs_printed_chi_sign_diagnostic,rounded_final,3.0,7.5,35.3,1.199758564180665,45.85742781906213,0.4521454133029594,6.512957329977908,0.5813003014007896,18.18045761511742,0.05522130108063682,0.01198677400921224,-0.005462175903188852,0.033317398026402975,-0.0016315795387013901,0.008719093287177888,-0.00042730208744382877,0.008719093287177777,-0.1562500000000002,-4.453125000000227
project_inputs_printed_chi_sign_diagnostic,rounded_final,3.25,7.5,35.3,1.1665758176627297,43.3558707384103,0.4396400417333675,6.157670622902354,0.565222782866588,17.188700016849292,0.06143941744610207,0.013305353874922392,-0.005692765210761265,0.03661568103039648,-0.0015080020554787644,0.009582247041758066,-0.00044534427649281066,0.009582247041757967,-0.1562500000000002,-4.453125000000227
project_inputs_printed_chi_sign_diagnostic,rounded_final,3.5,7.5,35.3,1.1397338576342935,41.38365772582875,0.4295242822186964,5.877564655178812,0.5522174666966855,16.406804110591825,0.06737499112529782,0.014566963967351538,-0.00589823187422472,0.03975274438379357,-0.0013914911151011857,0.010403209951418049,-0.0004614141393573967,0.010403209951417965,-0.1562500000000002,-4.453125000000227
project_inputs_printed_chi_sign_diagnostic,rounded_final,3.75,7.5,35.3,1.1176426841504457,39.794947219647305,0.42119892154746585,5.651926100454946,0.5415139750210685,15.776950117596666,0.07302494671134692,0.015770311020510127,-0.006082358426591934,0.04273016224145149,-0.0012821464051622007,0.011182393969187238,-0.0004758096572349714,0.011182393969187169,-0.1562500000000002,-4.453125000000227
project_inputs_printed_chi_sign_diagnostic,rounded_final,4.0,7.5,35.3,1.0991898761758645,38.4917284457237,0.4142447286478594,5.466834858537046,0.5325733238287678,15.260281067251578,0.07839346523640178,0.0169157531971626,-0.00624823012167493,0.045552502408854466,-0.0011797755278833172,0.011920994480194538,-0.0004887736804460593,0.011920994480194486,-0.1562500000000002,-4.453125000000227
project_inputs_printed_chi_sign_diagnostic,rounded_final,4.25,7.5,35.3,1.0835769444977164,37.406018599113914,0.4083607819462094,5.312635588320519,0.5250086335975666,14.829844760913435,0.0834892596307712,0.018004709628444568,-0.006398381263508861,0.048226121219899346,-0.0010840342558814872,0.012620674923708754,-0.0005005055455998397,0.012620674923708714,-0.1562500000000002,-4.453125000000227
project_inputs_printed_chi_sign_diagnostic,rounded_final,4.5,7.5,35.3,1.0702177502890853,36.4893622729371,0.40332618701420236,5.18244635131839,0.5185359116251651,14.466430756284954,0.08832373256291859,0.019039254296896103,-0.006534908578693237,0.050758354642473746,-0.0009945079491838938,0.013283355107162404,-0.0005111700628989166,0.01328335510716238,-0.1562500000000002,-4.453125000000227
project_inputs_printed_chi_sign_diagnostic,rounded_final,4.75,7.5,35.3,1.0586734635985409,35.706396915850696,0.3989755647866806,5.0712447378813,0.5129425384807497,14.156019353692123,0.09290973850033554,0.020021838609215203,-0.006659559051807978,0.053156980874119394,-0.0009107585981003286,0.013911070568562363,-0.0005209044702154618,0.013911070568562355,-0.1562500000000002,-4.453125000000227
project_inputs_printed_chi_sign_diagnostic,rounded_final,5.0,7.5,35.3,1.0486097535730878,35.03077613899539,0.39518291811203315,4.975288869875203,0.5080665260515315,13.888165366199077,0.09726075911179924,0.020955103420076254,-0.006773798208949616,0.05542986836239908,-0.0008323515568072016,0.01450588046415699,-0.0005298238332332555,0.014505880464156995,-0.1562500000000002,-4.453125000000227
project_inputs_printed_chi_sign_diagnostic,rounded_final,5.25,7.5,35.3,1.039767910024052,34.44251001559876,0.3918507485195876,4.8917396534762565,0.5037825255255562,13.654943665125462,0.1013903613197972,0.021841753085733422,-0.006878863480894348,0.057584750142037844,-0.0007588701914424366,0.015069808512938591,-0.0005380252615144836,0.015069808512938612,-0.1562500000000002,-4.453125000000227
project_inputs_printed_chi_sign_diagnostic,rounded_final,5.5,7.5,35.3,1.0319449292224445,33.926184252349195,0.3889025512794041,4.8184078548049225,0.4999921786727854,13.45024315965032,0.10531184850455894,0.022684472460156275,-0.006975806165083423,0.059629083965205346,-0.0006899233208611963,0.015604806393031275,-0.000545591220920655,0.015604806393031313,-0.1562500000000002,-4.453125000000227
project_inputs_printed_chi_sign_diagnostic,rounded_final,5.75,7.5,35.3,1.0249795068864849,33.46973997602225,0.3862775366681745,4.753580797627628,0.4966173312458431,13.269283035760088,0.10903804348051166,0.023485873563461865,-0.007065524641686506,0.061569970448217014,-0.0006251483775828616,0.01611273232085403,-0.0005525921536059628,0.016112732320854077,-0.1562500000000002,-4.453125000000227
project_inputs_printed_chi_sign_diagnostic,rounded_final,6.0,7.5,35.3,1.0187420085041248,33.06362020119368,0.3839268501481789,4.695901139388723,0.4935951734568474,13.108274368155255,0.11258116106758233,0.02424846269410475,-0.007148790845009814,0.06341411018734772,-0.0005642120611516513,0.016595339828418983,-0.0005590885645467183,0.016595339828419046,-0.1562500000000002,-4.453125000000227
project_inputs_printed_chi_sign_diagnostic,rounded_final,3.0,8.0,35.3,1.2352944952339076,48.61418237607264,0.46553761462818727,6.904488771075617,0.5985179717292483,19.273389813075937,0.056856913783440884,0.012348397118622234,-0.005462175903188852,0.034153680746787034,-0.0016315795387013901,0.008937946723682897,-0.00042730208744382877,0.008937946723682783,-0.1562500000000002,-4.453125000000227
project_inputs_printed_chi_sign_diagnostic,rounded_final,3.25,8.0,35.3,1.2044526057644602,46.21696310253774,0.45391442703233065,6.564020768798275,0.5835746321444184,18.322997576324106,0.06343425375289458,0.013746395382128311,-0.005692765210761265,0.03763563578407313,-0.0015080020554787644,0.009849167064713034,-0.00044534427649281066,0.009849167064712932,-0.1562500000000002,-4.453125000000227
project_inputs_printed_chi_sign_diagnostic,rounded_final,3.5,8.0,35.3,1.179739882298458,44.33987827863731,0.4446010994187803,6.29742549853912,0.5716009617509656,17.578815822049698,0.06973993407987608,0.015089829324496738,-0.00589823187422472,0.04096193610115742,-0.0013914911151011857,0.010719652891452653,-0.0004614141393573967,0.010719652891452568,-0.1562500000000002,-4.453125000000227
project_inputs_printed_chi_sign_diagnostic,rounded_final,3.75,8.0,35.3,1.159590969811469,42.83824033761941,0.4370077063511873,6.084153531486924,0.5618385234977463,16.98348227984479,0.07576577915132936,0.016376278174576993,-0.006082358426591934,0.04413154805984155,-0.0012821464051622007,0.011549133702949996,-0.0004758096572349714,0.011549133702949924,-0.1562500000000002,-4.453125000000227
project_inputs_printed_chi_sign_diagnostic,rounded_final,4.0,8.0,35.3,1.1429151082722202,41.61500212498666,0.4307231800031752,5.910421626707831,0.5537588284421806,16.498522011996595,0.08151191868706914,0.017605204487746134,-0.00624823012167493,0.047146967971828116,-0.0011797755278833172,0.012338262778749623,-0.0004887736804460593,0.012338262778749567,-0.1562500000000002,-4.453125000000227
project_inputs_printed_chi_sign_diagnostic,rounded_final,4.25,8.0,35.3,1.12893269544318,40.60299556469705,0.42545371661586734,5.766690155967027,0.5469841480735665,16.09730582411617,0.08698390584455688,0.018777328891126103,-0.006398381263508861,0.05001293652469594,-0.0010840342558814872,0.013088280746862538,-0.0005005055455998397,0.013088280746862496,-0.1562500000000002,-4.453125000000227
project_inputs_printed_chi_sign_diagnostic,rounded_final,4.5,8.0,35.3,1.1170740025011132,39.75446040029397,0.4209846060951307,5.646175910367631,0.5412384405726991,15.760898870541807,0.0921907204615569,0.01989418978443245,-0.006534908578693237,0.05273555084357062,-0.0009945079491838938,0.01380078321216495,-0.0005111700628989166,0.013800783212164925,-0.1562500000000002,-4.453125000000227
project_inputs_printed_chi_sign_diagnostic,rounded_final,4.75,8.0,35.3,1.1069144446036367,39.03463144837215,0.4171558378398552,5.54394132217294,0.5363159884692336,15.475518281770334,0.09714339229850305,0.02095783522068371,-0.006659559051807978,0.055321656109526635,-0.0009107585981003286,0.014477561544208248,-0.0005209044702154618,0.01447756154420824,-0.1562500000000002,-4.453125000000227
project_inputs_printed_chi_sign_diagnostic,rounded_final,5.0,8.0,35.3,1.0981320656209992,38.41767870158126,0.4138460782820232,5.456317852964942,0.5320607993819945,15.230923593472102,0.10185405766384781,0.021970608669877042,-0.006773798208949616,0.05777843284933845,-0.0008323515568072016,0.015120494871811194,-0.0005298238332332555,0.015120494871811201,-0.1562500000000002,-4.453125000000227
project_inputs_printed_chi_sign_diagnostic,rounded_final,5.25,8.0,35.3,1.0904789237718548,37.88406089641135,0.41096188717244714,5.380530130868949,0.5283527419474483,15.019367552260158,0.10633531870616623,0.022935001238386835,-0.006878863480894348,0.06011312077614847,-0.0007588701914424366,0.015731477812741097,-0.0005380252615144836,0.015731477812741118,-0.1562500000000002,-4.453125000000227
project_inputs_printed_chi_sign_diagnostic,rounded_final,5.5,8.0,35.3,1.083761407810068,37.41875535111587,0.40843029946672776,5.314444541117406,0.5250980087287543,14.834894324112648,0.11059981396524608,0.0238535508344645,-0.006975806165083423,0.06233283768141507,-0.0006899233208611963,0.016312373078115873,-0.000545591220920655,0.01631237307811591,-0.1562500000000002,-4.453125000000227
project_inputs_printed_chi_sign_diagnostic,rounded_final,5.75,8.0,35.3,1.077826427973881,37.01004643770184,0.406193621195704,5.256397157300978,0.5222224255317807,14.67285917668653,0.11465993625068276,0.02472877444516343,-0.007065524641686506,0.06444446429653236,-0.0006251483775828616,0.016864981340931125,-0.0005525921536059628,0.016864981340931173,-0.1562500000000002,-4.453125000000227
project_inputs_printed_chi_sign_diagnostic,rounded_final,6.0,8.0,35.3,1.072551554967714,36.64867919095891,0.4042057132059638,5.205073531654665,0.5196666735997829,14.52959292244253,0.11852765308108644,0.02556312372359376,-0.007148790845009814,0.06645457475295832,-0.0005642120611516513,0.017391023037621238,-0.0005590885645467183,0.017391023037621304,-0.1562500000000002,-4.453125000000227
project_inputs_printed_chi_sign_diagnostic,rounded_final,3.0,8.5,35.3,1.2653100979721699,51.005372272781266,0.4768494047756468,7.244100443727343,0.6130609634939237,20.22139166652348,0.05823844227209835,0.012651516698770807,-0.005462175903188852,0.03486157878643394,-0.0016315795387013901,0.009123202158113894,-0.00042730208744382877,0.009123202158113778,-0.1562500000000002,-4.453125000000227
project_inputs_printed_chi_sign_diagnostic,rounded_final,3.25,8.5,35.3,1.2368582285991967,48.73733962338655,0.46612692892012325,6.921980329908744,0.5992756230631846,19.3222162567138,0.06514094315858902,0.014120855037086124,-0.005692765210761265,0.03851014898724181,-0.0015080020554787644,0.010078025338497016,-0.00044534427649281066,0.010078025338496912,-0.1562500000000002,-4.453125000000227
project_inputs_printed_chi_sign_diagnostic,rounded_final,3.5,8.5,35.3,1.214345378213158,46.97928710003026,0.45764265354479006,6.672290767867504,0.5883678228561219,18.625225585711906,0.07178562655845082,0.01553866544423187,-0.00589823187422472,0.04201015767750109,-0.0013914911151011857,0.010993970282700624,-0.0004614141393573967,0.010993970282700535,-0.1562500000000002,-4.453125000000227
project_inputs_printed_chi_sign_diagnostic,rounded_final,3.75,8.5,35.3,1.1962237617557978,45.58760993754664,0.4508132746951993,6.474636115013361,0.5795876387232194,18.073486666418596,0.07815930591758373,0.016901427802847077,-0.006082358426591934,0.04535800353778168,-0.0012821464051622007,0.011870094532972077,-0.0004758096572349714,0.011870094532972003,-0.1562500000000002,-4.453125000000227
project_inputs_printed_chi_sign_diagnostic,rounded_final,4.0,8.5,35.3,1.1814192133851562,44.466201604726336,0.4452339782920278,6.315366723586568,0.5724146218455831,17.628897476974256,0.08425800495574105,0.01820770387377281,-0.00624823012167493,0.04855407889243015,-0.0011797755278833172,0.012706500759771228,-0.0004887736804460593,0.012706500759771172,-0.1562500000000002,-4.453125000000227
project_inputs_printed_chi_sign_diagnostic,rounded_final,4.25,8.5,35.3,1.169167380257892,43.548715909962496,0.4406167075190295,6.185059694495454,0.5664784322635945,17.265154664098983,0.09008397553846759,0.01945749004381569,-0.006398381263508861,0.05160143277963122,-0.0010840342558814872,0.013503986890005454,-0.0005005055455998397,0.01350398689000541,-0.1562500000000002,-4.453125000000227
project_inputs_printed_chi_sign_diagnostic,rounded_final,4.5,8.5,35.3,1.1589123291905499,42.788113588141336,0.43675195135748224,6.07703421852133,0.5615097123441851,16.96360922355682,0.09564358524201831,0.020651751643134257,-0.006534908578693237,0.05450482374136815,-0.0009945079491838938,0.014263798224145984,-0.0005111700628989166,0.014263798224145958,-0.1562500000000002,-4.453125000000227
project_inputs_printed_chi_sign_diagnostic,rounded_final,4.75,8.5,35.3,1.1502418431533399,42.150263901119835,0.4334843601854958,5.98644283579262,0.5573087370003137,16.710729815547587,0.10094582752292959,0.021792090015740593,-0.006659559051807978,0.057270053503771415,-0.0009107585981003286,0.014987453061770684,-0.0005209044702154618,0.014987453061770673,-0.1562500000000002,-4.453125000000227
project_inputs_printed_chi_sign_diagnostic,rounded_final,5.0,8.5,35.3,1.1428449975293222,41.60989663779266,0.4306967578114351,5.909696513638372,0.5537248587776207,16.49649791038537,0.10600127609730153,0.022880505849458575,-0.006773798208949616,0.05990350187579159,-0.0008323515568072016,0.015676620985520723,-0.0005298238332332555,0.01567662098552073,-0.1562500000000002,-4.453125000000227
project_inputs_printed_chi_sign_diagnostic,rounded_final,5.25,8.5,35.3,1.1364836648029626,41.14796571370537,0.42829940262632604,5.8440902085955235,0.5506427014656877,16.313362571447097,0.11082135570596154,0.023919231972261833,-0.006878863480894348,0.06241180522813044,-0.0007588701914424366,0.016333038719710265,-0.0005380252615144836,0.01633303871971029,-0.1562500000000002,-4.453125000000227
project_inputs_printed_chi_sign_diagnostic,rounded_final,5.5,8.5,35.3,1.1309729567783056,40.74988754353577,0.4262226169864568,5.787552669103774,0.5479726840711027,16.155542047172876,0.1154178380204201,0.02491061614078021,-0.006975806165083423,0.06480163713633698,-0.0006899233208611963,0.016958452725084082,-0.000545591220920655,0.016958452725084124,-0.1562500000000002,-4.453125000000227
project_inputs_printed_chi_sign_diagnostic,rounded_final,5.75,8.5,35.3,1.126167537856118,40.40433680919734,0.42441162918479847,5.738475402996119,0.5456443894031398,16.01854634596826,0.11980249764417539,0.02585703974171394,-0.007065524641686506,0.06707956153577603,-0.0006251483775828616,0.017554580769780358,-0.0005525921536059628,0.01755458076978041,-0.1562500000000002,-4.453125000000227
project_inputs_printed_chi_sign_diagnostic,rounded_final,6.0,8.5,35.3,1.121951877493746,40.102406324360246,0.4228228999572715,5.695593356228851,0.5436018412501922,15.898844159357372,0.12398688183642169,0.026760862252578857,-0.007148790845009814,0.06925193719442672,-0.0005642120611516513,0.01812308693006211,-0.0005590885645467183,0.01812308693006218,-0.1562500000000002,-4.453125000000227
colangelo_like_positive_chi,rounded_final,3.0,7.5,35.3,-0.2627098515888398,2.1987441241353527,-0.1518088907412702,0.7342033935699559,-0.21440738516603228,2.473336433776895,-0.014169186436476435,0.01273565489330044,-0.005755832240749436,-0.03471792883042043,-0.0020495078536902412,0.008034511564098947,-0.00045059553311452657,0.00803451156409881,-0.1562500000000002,-4.453125000000227
colangelo_like_positive_chi,rounded_final,3.25,7.5,35.3,-0.23927860248267283,1.8240204400046292,-0.13826896479644243,0.6090758730368404,-0.19528426198795726,2.051815015988415,-0.01476705058478965,0.014233742288556344,-0.006030783022489473,-0.038314596490328,-0.0019169845192237459,0.008866861559598297,-0.0004721519605012444,0.008866861559598172,-0.1562500000000002,-4.453125000000227
colangelo_like_positive_chi,rounded_final,3.5,7.5,35.3,-0.2209779067037951,1.5556779072591038,-0.1276937682090949,0.5194710863687242,-0.18034837623819383,1.7499602636840852,-0.0153073462426819,0.01567336008404436,-0.00627707281939704,-0.04174320538507334,-0.0017896182075981817,0.009660318967387721,-0.0004914478494330268,0.009660318967387607,-0.1562500000000002,-4.453125000000227
colangelo_like_positive_chi,rounded_final,3.75,7.5,35.3,-0.20633961050760063,1.3563981430444934,-0.11923491714413986,0.4529277002829404,-0.1684015124577521,1.5257932512809065,-0.01579816534656568,0.017051503991279686,-0.0064987902447236415,-0.04500343578643301,-0.0016682552126562362,0.010414809795146961,-0.0005088076843263006,0.010414809795146862,-0.1562500000000002,-4.453125000000227
colangelo_like_positive_chi,rounded_final,4.0,7.5,35.3,-0.19439574725928038,1.2039140788289902,-0.11233306470150406,0.4020103078572132,-0.158653676690021,1.3542660656230985,-0.016246120923901503,0.018367386976260402,-0.006699321668188211,-0.04809872938754903,-0.001553218065183336,0.011131130528273655,-0.0005244998357885616,0.01113113052827357,-0.1562500000000002,-4.453125000000227
colangelo_like_positive_chi,rounded_final,4.25,7.5,35.3,-0.18448526977645927,1.084289781620588,-0.10660621972677482,0.3620654302337799,-0.15056536348064767,1.2197023711018693,-0.016656675652657965,0.019621694179790195,-0.006881484203149624,-0.05103485078145148,-0.0014445180189549612,0.011810615223577152,-0.0005387472760463265,0.01181061522357708,-0.1562500000000002,-4.453125000000227
colangelo_like_positive_chi,rounded_final,4.5,7.5,35.3,-0.17614301911124366,0.9884457662387772,-0.10178558657536163,0.33006125085962523,-0.143756939126894,1.1118887821529841,-0.017034385823925302,0.020816062269320583,-0.007047633575387507,-0.05381891295029518,-0.0013419852937586328,0.01245490998551423,-0.0005517362448329677,0.012454909985514172,-0.1562500000000002,-4.453125000000227
colangelo_like_positive_chi,rounded_final,4.75,7.5,35.3,-0.16903314198624517,0.9102605100973323,-0.09767708987025137,0.30395367437718257,-0.1379543011443317,1.0239392838570607,-0.01738308501059166,0.021952717837335295,-0.0071997505798597145,-0.05645872257945343,-0.00124534942475266,0.013065821457108317,-0.0005636231780777338,0.013065821457108275,-0.1562500000000002,-4.453125000000227
colangelo_like_positive_chi,rounded_final,5.0,7.5,35.3,-0.16290766253661268,0.8454832308241474,-0.09413743486727676,0.282323281942454,-0.13295506710822308,0.9510722307294879,-0.017706024207715197,0.023034227822337407,-0.0073395100859047985,-0.05896234511342899,-0.001154288932436475,0.013645216164079977,-0.0005745402264422631,0.01364521616407995,-0.1562500000000002,-4.453125000000227
colangelo_like_positive_chi,rounded_final,5.25,7.5,35.3,-0.1575798656639359,0.7910855022318367,-0.09105872682323389,0.2641588231968609,-0.12860685180812004,0.8898809886175945,-0.018005980117167534,0.024063328584389213,-0.007468336116393234,-0.061337820469054116,-0.0010684619129270733,0.014194954724471236,-0.000584599652124774,0.014194954724471218,-0.1562500000000002,-4.453125000000227
colangelo_like_positive_chi,rounded_final,5.5,7.5,35.3,-0.15290670910787046,0.7448606926664433,-0.08835830767737372,0.24872346094733908,-0.1247929130783855,0.8378833485159088,-0.018285339802240185,0.025042810112607287,-0.007587445919678661,-0.06359298181976455,-0.0009875246565502862,0.01471684991124041,-0.000593897341334792,0.01471684991124041,-0.1562500000000002,-4.453125000000227
colangelo_like_positive_chi,rounded_final,5.75,7.5,35.3,-0.1487769093507113,0.7051687188170956,-0.08597187140052215,0.2354695395029141,-0.12142242825706398,0.7932344037057814,-0.018546167585858003,0.025975438827260368,-0.007697885369993082,-0.06573534468085682,-0.0009111427088360322,0.015212640984089748,-0.0006025156216119395,0.01521264098408976,-0.1562500000000002,-4.453125000000227
colangelo_like_positive_chi,rounded_final,6.0,7.5,35.3,-0.1451026906542102,0.6707688792966623,-0.08384869611309656,0.2239827645585599,-0.1184237602646741,0.7545385065943229,-0.018790258442798136,0.026863907355990785,-0.007800557534383895,-0.06777204371426321,-0.0008389971470938778,0.01568397906466539,-0.0006105255323787392,0.015683979064665413,-0.1562500000000002,-4.453125000000227
colangelo_like_positive_chi,rounded_final,3.0,8.0,35.3,-0.26378510784718573,2.216779623452172,-0.15243023576832146,0.7402257972947841,-0.21528494221743733,2.493624314059094,-0.014227180098683422,0.01318564196737447,-0.005755832240749436,-0.03566361643971146,-0.0020495078536902412,0.008253365000603956,-0.00045059553311452657,0.008253365000603814,-0.1562500000000002,-4.453125000000227
colangelo_like_positive_chi,rounded_final,3.25,8.0,35.3,-0.24042477854739064,1.8415368897777378,-0.1389312913743255,0.6149249560317848,-0.19621969935922362,2.0715190247171664,-0.014837786704739985,0.014782554264144855,-0.006030783022489473,-0.03946798463177678,-0.0019169845192237459,0.009133781582553267,-0.0004721519605012444,0.009133781582553136,-0.1562500000000002,-4.453125000000227
colangelo_like_positive_chi,rounded_final,3.5,8.0,35.3,-0.22218859585407147,1.5727710354745061,-0.1283933741653405,0.525178814068695,-0.18133646516363658,1.7691880839285168,-0.015391211812285562,0.016323990258427006,-0.00627707281939704,-0.043110587009128856,-0.0017896182075981817,0.009976761907422327,-0.0004914478494330268,0.00997676190742221,-0.1562500000000002,-4.453125000000227
colangelo_like_positive_chi,rounded_final,3.75,8.0,35.3,-0.2076091512784008,1.3731404466891182,-0.11996853095801245,0.4585182808407833,-0.16943763240294146,1.5446264338850404,-0.015895366339443235,0.017805542636012518,-0.0064987902447236415,-0.046588154891568916,-0.0016682552126562362,0.010781549528909723,-0.0005088076843263006,0.010781549528909619,-0.1562500000000002,-4.453125000000227
colangelo_like_positive_chi,rounded_final,4.0,8.0,35.3,-0.19571913343323302,1.220361623828534,-0.11309779349212631,0.4075024627751068,-0.15973374189277612,1.3727676783605758,-0.01635671949467362,0.019225309900566066,-0.006699321668188211,-0.049901787479736975,-0.001553218065183336,0.011548398826828742,-0.0005244998357885616,0.011548398826828652,-0.1562500000000002,-4.453125000000227
colangelo_like_positive_chi,rounded_final,4.25,8.0,35.3,-0.1858580666193474,1.1004867144159096,-0.10739950084916736,0.3674739008662717,-0.15168575458767206,1.2379220736849785,-0.016780621763784816,0.020583107997793428,-0.006881484203149624,-0.053055422356889134,-0.0014445180189549612,0.012278221046730936,-0.0005387472760463265,0.012278221046730863,-0.1562500000000002,-4.453125000000227
colangelo_like_positive_chi,rounded_final,4.5,8.0,35.3,-0.17756128852740757,1.004427395819628,-0.10260514437092189,0.33539782756458975,-0.14491444211028642,1.1298662931691823,-0.017171543393717785,0.0218799071327052,-0.007047633575387507,-0.05605477159347738,-0.0013419852937586328,0.012972338090516778,-0.0005517362448329677,0.012972338090516719,-0.1562500000000002,-4.453125000000227
colangelo_like_positive_chi,rounded_final,4.75,8.0,35.3,-0.17049337707302264,0.9260554673248905,-0.09852089784853804,0.30922791755558143,-0.13914605388900475,1.041706809760617,-0.017533253139460536,0.023117431976255546,-0.0071997505798597145,-0.05890658679853435,-0.00124534942475266,0.013632312432754206,-0.0005636231780777338,0.013632312432754163,-0.1562500000000002,-4.453125000000227
colangelo_like_positive_chi,rounded_final,5.0,8.0,35.3,-0.16440673102203499,0.8611150150493609,-0.09500368302105107,0.2875430384842564,-0.13417851324928076,0.9686562056107686,-0.017868954191968975,0.02429787940936255,-0.0073395100859047985,-0.061618155500016314,-0.001154288932436475,0.014259830571734184,-0.0005745402264422631,0.014259830571734156,-0.1562500000000002,-4.453125000000227
colangelo_like_positive_chi,rounded_final,5.25,8.0,35.3,-0.15911496131684105,0.8065736108273508,-0.09194579355042311,0.2693306036537061,-0.12985970107482459,0.90730334479769,-0.018181388959456493,0.025423720428878742,-0.007468336116393234,-0.06419695975543761,-0.0010684619129270733,0.01485662402427374,-0.000584599652124774,0.014856624024273722,-0.1562500000000002,-4.453125000000227
colangelo_like_positive_chi,rounded_final,5.5,8.0,35.3,-0.15447531010799498,0.7602214603334202,-0.08926473572491127,0.2538527197933948,-0.12607310731842444,0.8551624606711061,-0.018472920860447224,0.026497562167359948,-0.007587445919678661,-0.06665044830289346,-0.0009875246565502862,0.015424416596325012,-0.000593897341334792,0.015424416596325012,-0.1562500000000002,-4.453125000000227
colangelo_like_positive_chi,rounded_final,5.75,8.0,35.3,-0.15037674264179396,0.7204159509565566,-0.08689634726551682,0.2405608866298761,-0.1227281123437782,0.8103858013381062,-0.018745598911964603,0.027522052786929735,-0.007697885369993082,-0.06898588800678698,-0.0009111427088360322,0.015964890004166843,-0.0006025156216119395,0.015964890004166857,-0.1562500000000002,-4.453125000000227
colangelo_like_positive_chi,rounded_final,6.0,8.0,35.3,-0.1467317013962796,0.6859143366732185,-0.084790032390604,0.22904012711429128,-0.11975325716592132,0.7715754192229726,-0.019001209271563426,0.02849981691430359,-0.007800557534383895,-0.07121027051974582,-0.0008389971470938778,0.016479662273867646,-0.0006105255323787392,0.016479662273867674,-0.1562500000000002,-4.453125000000227
colangelo_like_positive_chi,rounded_final,3.0,8.5,35.3,-0.26476156173499316,2.233221714670291,-0.15299448709224991,0.745716131089071,-0.21608186294025689,2.512119791914321,-0.01427984488113939,0.01356297359477685,-0.005755832240749436,-0.0364641237184318,-0.0020495078536902412,0.008438620435034955,-0.00045059553311452657,0.008438620435034811,-0.1562500000000002,-4.453125000000227
colangelo_like_positive_chi,rounded_final,3.25,8.5,35.3,-0.241479064358932,1.8577229340944348,-0.139540518468804,0.6203297907896563,-0.19708014164071067,2.089726479003352,-0.01490285182860949,0.015248692105498745,-0.006030783022489473,-0.04045690414456814,-0.0019169845192237459,0.009362639856337248,-0.0004721519605012444,0.009362639856337117,-0.1562500000000002,-4.453125000000227
colangelo_like_positive_chi,rounded_final,3.5,8.5,35.3,-0.2233145264408729,1.5887513139473708,-0.1290440017394503,0.5305149396124456,-0.18225537943934622,1.7871640751022866,-0.01546920607693618,0.016882714121698693,-0.00627707281939704,-0.044295939919547105,-0.0017896182075981817,0.010251079298670298,-0.0004914478494330268,0.010251079298670177,-0.1562500000000002,-4.453125000000227
colangelo_like_positive_chi,rounded_final,3.75,8.5,35.3,-0.20880111022744569,1.3889530980437803,-0.12065731352467018,0.4637984324320908,-0.17041043490708943,1.5624138636640634,-0.015986627365462455,0.018459263828941697,-0.0064987902447236415,-0.04797505877056148,-0.0016682552126562362,0.011102510358931806,-0.0005088076843263006,0.011102510358931698,-0.1562500000000002,-4.453125000000227
colangelo_like_positive_chi,rounded_final,4.0,8.5,35.3,-0.1969720436680113,1.2360361013858958,-0.11382179722396107,0.41273647545021835,-0.16075628903237485,1.3903996783725319,-0.01646142822142294,0.01997531839330948,-0.006699321668188211,-0.05149298066127292,-0.001553218065183336,0.01191663680785035,-0.0005244998357885616,0.011916636807850257,-0.1562500000000002,-4.453125000000227
colangelo_like_positive_chi,rounded_final,4.25,8.5,35.3,-0.1871673468822102,1.1160461204861176,-0.10815607843151746,0.3726694889355164,-0.15275430742614443,1.2554246313946023,-0.01689883313482467,0.021429792202727088,-0.006881484203149624,-0.05485173021914848,-0.0014445180189549612,0.012693927189873853,-0.0005387472760463265,0.012693927189873777,-0.1562500000000002,-4.453125000000227
colangelo_like_positive_chi,rounded_final,4.5,8.5,35.3,-0.1789228062400751,1.0198900992769553,-0.10339190776192,0.34056112475206957,-0.14602562789515436,1.1472600714655707,-0.017303212636931103,0.0228229420862885,-0.007047633575387507,-0.05805550581423607,-0.0013419852937586328,0.013435353102497815,-0.0005517362448329677,0.013435353102497752,-0.1562500000000002,-4.453125000000227
colangelo_like_positive_chi,rounded_final,4.75,8.5,35.3,-0.1719034019881556,0.9414362498309837,-0.09933569149631832,0.31436385974538755,-0.14029682822519435,1.0590084363276824,-0.01767825773843322,0.024155936636498385,-0.0071997505798597145,-0.06110987909287473,-0.00124534942475266,0.01414220395031664,-0.0005636231780777338,0.014142203950316595,-0.1562500000000002,-4.453125000000227
colangelo_like_positive_chi,rounded_final,5.0,8.5,35.3,-0.16586189181674005,0.876425899345838,-0.09584455878097535,0.2926556403034658,-0.13536612467345047,0.9858792046619705,-0.018027111959725145,0.02543054602718007,-0.0073395100859047985,-0.06402123211300907,-0.001154288932436475,0.014815956685443714,-0.0005745402264422631,0.014815956685443684,-0.1562500000000002,-4.453125000000227
colangelo_like_positive_chi,rounded_final,5.25,8.5,35.3,-0.1606122060349398,0.8218244697405342,-0.09281098782634441,0.274423161830897,-0.13108165877081396,0.9244588221369195,-0.01835247273663216,0.0266489197410622,-0.007468336116393234,-0.06679636465873509,-0.0010684619129270733,0.015458184931242912,-0.000584599652124774,0.015458184931242893,-0.1562500000000002,-4.453125000000227
colangelo_like_positive_chi,rounded_final,5.5,8.5,35.3,-0.15601187068582922,0.7754204715110138,-0.0901526489701399,0.2589279650040602,-0.12732715216543025,0.8722596152195954,-0.01865667036664191,0.027813428202982843,-0.007587445919678661,-0.06944222313864747,-0.0009875246565502862,0.016070496243293222,-0.000593897341334792,0.016070496243293222,-0.1562500000000002,-4.453125000000227
colangelo_like_positive_chi,rounded_final,5.75,8.5,35.3,-0.15195010340238735,0.7355699411486674,-0.08780552577693154,0.24562109845854843,-0.12401219120325557,0.8274323124113235,-0.018941730236820883,0.02892655077454847,-0.007697885369993082,-0.07196571617696046,-0.0009111427088360322,0.01665448943301608,-0.0006025156216119395,0.016654489433016093,-0.1562500000000002,-4.453125000000227
colangelo_like_positive_chi,rounded_final,6.0,8.5,35.3,-0.14833957122759134,0.7010290456664914,-0.08571915223164371,0.23408722218727865,-0.12106550017521067,0.7885777434264305,-0.01920942243106109,0.029990797338537253,-0.007800557534383895,-0.0743735918883589,-0.0008389971470938778,0.017211726166308523,-0.0006105255323787392,0.01721172616630855,-0.1562500000000002,-4.453125000000227
colangelo_like_printed_chi_sign_diagnostic,rounded_final,3.0,7.5,35.3,1.0246953175649345,33.451182679992016,0.5921280019249745,11.169999989078663,0.8362923670438702,37.628766334002826,0.05526667122436442,0.01273565489330044,-0.005755832240749436,0.03471792883042043,-0.0020495078536902412,0.008034511564098947,-0.00045059553311452657,0.00803451156409881,-0.1562500000000002,-4.453125000000227
colangelo_like_printed_chi_sign_diagnostic,rounded_final,3.25,7.5,35.3,1.0023861497646422,32.01047275873387,0.5792364792179248,10.688918947530185,0.8180850165986457,36.00813194565493,0.06186214239586635,0.014233742288556344,-0.006030783022489473,0.038314596490328,-0.0019169845192237459,0.008866861559598297,-0.0004721519605012444,0.008866861559598172,-0.1562500000000002,-4.453125000000227
colangelo_like_printed_chi_sign_diagnostic,rounded_final,3.5,7.5,35.3,0.984237680486576,30.861849476653774,0.5687492478747044,10.305371311231989,0.8032733686184008,34.71606172199019,0.06817906452746478,0.01567336008404436,-0.00627707281939704,0.04174320538507334,-0.0017896182075981817,0.009660318967387721,-0.0004914478494330268,0.009660318967387607,-0.1562500000000002,-4.453125000000227
colangelo_like_printed_chi_sign_diagnostic,rounded_final,3.75,7.5,35.3,0.9692388453407629,29.928406693559822,0.5600820566288249,9.993676625375592,0.7910322554484874,33.66604502430817,0.07420870622630034,0.017051503991279686,-0.0064987902447236415,0.04500343578643301,-0.0016682552126562362,0.010414809795146961,-0.0005088076843263006,0.010414809795146862,-0.1562500000000002,-4.453125000000227
colangelo_like_printed_chi_sign_diagnostic,rounded_final,4.0,7.5,35.3,0.9566714502965845,29.15731984589378,0.552819891583907,9.736195741593265,0.7807755319435463,32.798660241784376,0.07995133785119654,0.018367386976260402,-0.006699321668188211,0.04809872938754903,-0.001553218065183336,0.011131130528273655,-0.0005244998357885616,0.01113113052827357,-0.1562500000000002,-4.453125000000227
colangelo_like_printed_chi_sign_diagnostic,rounded_final,4.25,7.5,35.3,0.9460138058797334,28.511293614043876,0.5466612904996613,9.52047502786723,0.7720774277132462,32.07195439235394,0.085413025910245,0.019621694179790195,-0.006881484203149624,0.05103485078145148,-0.0014445180189549612,0.011810615223577152,-0.0005387472760463265,0.01181061522357708,-0.1562500000000002,-4.453125000000227
colangelo_like_printed_chi_sign_diagnostic,rounded_final,4.5,7.5,35.3,0.9368793006057965,27.96335403718359,0.5413828469821454,9.33750735446398,0.7646224145924008,31.455584845720225,0.09060344007666504,0.020816062269320583,-0.007047633575387507,0.05381891295029518,-0.0013419852937586328,0.01245490998551423,-0.0005517362448329677,0.012454909985514172,-0.1562500000000002,-4.453125000000227
colangelo_like_printed_chi_sign_diagnostic,rounded_final,4.75,7.5,35.3,0.9289762463726001,27.493573571685417,0.5368160068375766,9.180638527293254,0.7581724349562471,30.927135387486775,0.09553436014831522,0.021952717837335295,-0.0071997505798597145,0.05645872257945343,-0.00124534942475266,0.013065821457108317,-0.0005636231780777338,0.013065821457108275,-0.1562500000000002,-4.453125000000227
colangelo_like_printed_chi_sign_diagnostic,rounded_final,5.0,7.5,35.3,0.9220810065650971,27.086951264430226,0.5328315399428584,9.044859436579186,0.7525449705567268,30.46973165583784,0.10021866601914277,0.023034227822337407,-0.0073395100859047985,0.05896234511342899,-0.001154288932436475,0.013645216164079977,-0.0005745402264422631,0.01364521616407995,-0.1562500000000002,-4.453125000000227
colangelo_like_printed_chi_sign_diagnostic,rounded_final,5.25,7.5,35.3,0.9160196214771874,26.73200457217737,0.5293289223554852,8.9263358379813,0.7475980463385323,30.07045709889374,0.10466966082094069,0.024063328584389213,-0.007468336116393234,0.061337820469054116,-0.0010684619129270733,0.014194954724471236,-0.000584599652124774,0.014194954724471218,-0.1562500000000002,-4.453125000000227
colangelo_like_printed_chi_sign_diagnostic,rounded_final,5.5,7.5,35.3,0.9106549941562433,26.419811886086087,0.5262289315561016,8.822088632924604,0.7432197723251388,29.71927592397104,0.1089006238372889,0.025042810112607287,-0.007587445919678661,0.06359298181976455,-0.0009875246565502862,0.01471684991124041,-0.000593897341334792,0.01471684991124041,-0.1562500000000002,-4.453125000000227
colangelo_like_printed_chi_sign_diagnostic,rounded_final,5.75,7.5,35.3,0.9058777918371567,26.143347719570073,0.5234683887727948,8.729771874904218,0.7393209179371141,29.40828525972232,0.11292452177585563,0.025975438827260368,-0.007697885369993082,0.06573534468085682,-0.0009111427088360322,0.015212640984089748,-0.0006025156216119395,0.01521264098408976,-0.1562500000000002,-4.453125000000227
colangelo_like_printed_chi_sign_diagnostic,rounded_final,6.0,7.5,35.3,0.9015998785532345,25.89701228324191,0.520996363965229,8.647515685417053,0.735829552099002,29.131185981587645,0.11675382898572828,0.026863907355990785,-0.007800557534383895,0.06777204371426321,-0.0008389971470938778,0.01568397906466539,-0.0006105255323787392,0.015683979064665413,-0.1562500000000002,-4.453125000000227
colangelo_like_printed_chi_sign_diagnostic,rounded_final,3.0,8.0,35.3,1.058687911193393,35.707371484674844,0.6117708813257494,11.923385277866686,0.8640350004883744,40.16672148342068,0.057100052780739485,0.01318564196737447,-0.005755832240749436,0.03566361643971146,-0.0020495078536902412,0.008253365000603956,-0.00045059553311452657,0.008253365000603814,-0.1562500000000002,-4.453125000000227
colangelo_like_printed_chi_sign_diagnostic,rounded_final,3.25,8.0,35.3,1.038617932287026,34.36636568346558,0.6001732909934892,11.475597379658195,0.8476551362707724,38.65824286163409,0.06409818255881357,0.014782554264144855,-0.006030783022489473,0.03946798463177678,-0.0019169845192237459,0.009133781582553267,-0.0004721519605012444,0.009133781582553136,-0.1562500000000002,-4.453125000000227
colangelo_like_printed_chi_sign_diagnostic,rounded_final,3.5,8.0,35.3,1.0225062223092687,33.30840930264812,0.5908630165409864,11.122325183717427,0.8345057641174551,37.468162563840664,0.07082996220597215,0.016323990258427006,-0.00627707281939704,0.043110587009128856,-0.0017896182075981817,0.009976761907422327,-0.0004914478494330268,0.00997676190742221,-0.1562500000000002,-4.453125000000227
colangelo_like_printed_chi_sign_diagnostic,rounded_final,3.75,8.0,35.3,1.0093652914766045,32.457772154627044,0.5832694294678351,10.83828090866139,0.8237809564962745,36.51129276392616,0.0772809434436946,0.017805542636012518,-0.0064987902447236415,0.046588154891568916,-0.0016682552126562362,0.010781549528909723,-0.0005088076843263006,0.010781549528909619,-0.1562500000000002,-4.453125000000227
colangelo_like_printed_chi_sign_diagnostic,rounded_final,4.0,8.0,35.3,0.9984976660275517,31.76260266439272,0.5769894892431557,10.606150305907851,0.8149114788523908,35.72930635224089,0.08344685546480032,0.019225309900566066,-0.006699321668188211,0.049901787479736975,-0.001553218065183336,0.011548398826828742,-0.0005244998357885616,0.011548398826828652,-0.1562500000000002,-4.453125000000227
colangelo_like_printed_chi_sign_diagnostic,rounded_final,4.25,8.0,35.3,0.9893997231969276,31.186421389044437,0.5717321736122742,10.413752180528645,0.8074863057159181,35.08116811499176,0.08933022294999345,0.020583107997793428,-0.006881484203149624,0.053055422356889134,-0.0014445180189549612,0.012278221046730936,-0.0005387472760463265,0.012278221046730863,-0.1562500000000002,-4.453125000000227
colangelo_like_printed_chi_sign_diagnostic,rounded_final,4.5,8.0,35.3,0.981700548808511,30.70294546936072,0.5672831469904696,10.252310175047118,0.801202720084949,34.53731283238686,0.09493799979323697,0.0218799071327052,-0.007047633575387507,0.05605477159347738,-0.0013419852937586328,0.012972338090516778,-0.0005517362448329677,0.012972338090516719,-0.1562500000000002,-4.453125000000227
colangelo_like_printed_chi_sign_diagnostic,rounded_final,4.75,8.0,35.3,0.9751220811928429,30.292837529972306,0.5634817293219957,10.115367164023784,0.7958337853786772,34.07598816202786,0.10027992045760815,0.023117431976255546,-0.0071997505798597145,0.05890658679853435,-0.00124534942475266,0.013632312432754206,-0.0005636231780777338,0.013632312432754163,-0.1562500000000002,-4.453125000000227
colangelo_like_printed_chi_sign_diagnostic,rounded_final,5.0,8.0,35.3,0.9694525210116554,29.941604012917274,0.5602055307443954,9.998083466786516,0.7912066441955883,33.680890503796505,0.10536735680806367,0.02429787940936255,-0.0073395100859047985,0.061618155500016314,-0.001154288932436475,0.014259830571734184,-0.0005745402264422631,0.014259830571734156,-0.1562500000000002,-4.453125000000227
colangelo_like_printed_chi_sign_diagnostic,rounded_final,5.25,8.0,35.3,0.9645282092817832,29.63820116425111,0.5573599796664476,9.89677135926828,0.787187728287567,33.33959689373953,0.11021253055141873,0.025423720428878742,-0.007468336116393234,0.06419695975543761,-0.0010684619129270733,0.01485662402427374,-0.000584599652124774,0.014856624024273722,-0.1562500000000002,-4.453125000000227
colangelo_like_printed_chi_sign_diagnostic,rounded_final,5.5,8.0,35.3,0.9602210336056861,29.37408880979433,0.5548710453624558,9.808579111340311,0.7836724803112253,33.042500609675365,0.11482797574533969,0.026497562167359948,-0.007587445919678661,0.06665044830289346,-0.0009875246565502862,0.015424416596325012,-0.000593897341334792,0.015424416596325012,-0.1562500000000002,-4.453125000000227
colangelo_like_printed_chi_sign_diagnostic,rounded_final,5.75,8.0,35.3,0.956429518969936,29.142574601593374,0.5526800897222259,9.731272017961428,0.7805780826936505,32.78207352323317,0.11922617710160936,0.027522052786929735,-0.007697885369993082,0.06898588800678698,-0.0009111427088360322,0.015964890004166843,-0.0006025156216119395,0.015964890004166857,-0.1562500000000002,-4.453125000000227
colangelo_like_printed_chi_sign_diagnostic,rounded_final,6.0,8.0,35.3,0.9530724216906618,28.93835096571012,0.5507401654636002,9.663077777045991,0.777838229410479,32.552345218914425,0.12341933176792821,0.02849981691430359,-0.007800557534383895,0.07121027051974582,-0.0008389971470938778,0.016479662273867646,-0.0006105255323787392,0.016479662273867674,-0.1562500000000002,-4.453125000000227
colangelo_like_printed_chi_sign_diagnostic,rounded_final,3.0,8.5,35.3,1.0873957513659727,37.67014026638226,0.6283599256490577,12.578791918641425,0.88746454798323,42.37461256341885,0.058648402555724205,0.01356297359477685,-0.005755832240749436,0.0364641237184318,-0.0020495078536902412,0.008438620435034955,-0.00045059553311452657,0.008438620435034811,-0.1562500000000002,-4.453125000000227
colangelo_like_printed_chi_sign_diagnostic,rounded_final,3.25,8.5,35.3,1.0696116546582823,36.448043988770635,0.6180832497737453,12.170710221256781,0.8729502781544631,40.99989359734151,0.06601095646052679,0.015248692105498745,-0.006030783022489473,0.04045690414456814,-0.0019169845192237459,0.009362639856337248,-0.0004721519605012444,0.009362639856337117,-0.1562500000000002,-4.453125000000227
colangelo_like_printed_chi_sign_diagnostic,rounded_final,3.5,8.5,35.3,1.0556039645520672,35.499644092033044,0.6099887992458675,11.854021064477362,0.8615180757085871,39.93305185225499,0.07312267376215803,0.016882714121698693,-0.00627707281939704,0.044295939919547105,-0.0017896182075981817,0.010251079298670298,-0.0004914478494330268,0.010251079298670177,-0.1562500000000002,-4.453125000000227
colangelo_like_printed_chi_sign_diagnostic,rounded_final,3.75,8.5,35.3,1.0444019957837034,34.75020411012312,0.6035156561849625,11.60376848985745,0.8523757279138214,39.090017325481284,0.0799634901756605,0.018459263828941697,-0.0064987902447236415,0.04797505877056148,-0.0016682552126562362,0.011102510358931806,-0.0005088076843263006,0.011102510358931698,-0.1562500000000002,-4.453125000000227
colangelo_like_printed_chi_sign_diagnostic,rounded_final,4.0,8.5,35.3,1.0353241458216231,34.14873805102507,0.598269951371365,11.402927283798249,0.8449669533226599,38.41343658954303,0.08652453310112289,0.01997531839330948,-0.006699321668188211,0.05149298066127292,-0.001553218065183336,0.01191663680785035,-0.0005244998357885616,0.011916636807850257,-0.1562500000000002,-4.453125000000227
colangelo_like_printed_chi_sign_diagnostic,rounded_final,4.25,8.5,35.3,1.0278813769092494,33.65952391200843,0.5939690906088252,11.239569175364561,0.8388926298389916,37.863126464473574,0.09280462730347228,0.021429792202727088,-0.006881484203149624,0.05485173021914848,-0.0014445180189549612,0.012693927189873853,-0.0005387472760463265,0.012693927189873777,-0.1562500000000002,-4.453125000000227
colangelo_like_printed_chi_sign_diagnostic,rounded_final,4.5,8.5,35.3,1.021715969451747,33.256943808477494,0.5904063629020766,11.105139855030444,0.8338608090547635,37.41026975111303,0.09880779899154103,0.0228229420862885,-0.007047633575387507,0.05805550581423607,-0.0013419852937586328,0.013435353102497815,-0.0005517362448329677,0.013435353102497752,-0.1562500000000002,-4.453125000000227
colangelo_like_printed_chi_sign_diagnostic,rounded_final,4.75,8.5,35.3,1.0165616907355193,32.922245731210296,0.5874279236477067,10.99337766248903,0.8296542084447,37.03377257723403,0.10454150044731624,0.024155936636498385,-0.0071997505798597145,0.06110987909287473,-0.00124534942475266,0.01414220395031664,-0.0005636231780777338,0.014142203950316595,-0.1562500000000002,-4.453125000000227
colangelo_like_printed_chi_sign_diagnostic,rounded_final,5.0,8.5,35.3,1.0122172922950354,32.64145267746916,0.5849174798855133,10.899615404896329,0.8261085815711354,36.71791240844674,0.11001535226629298,0.02543054602718007,-0.0073395100859047985,0.06402123211300907,-0.001154288932436475,0.014815956685443714,-0.0005745402264422631,0.014815956685443684,-0.1562500000000002,-4.453125000000227
colangelo_like_printed_chi_sign_diagnostic,rounded_final,5.25,8.5,35.3,1.008528501804354,32.40397781386934,0.5827858841757196,10.820317932840041,0.82309802098976,36.45078026432853,0.11524025658083802,0.0266489197410622,-0.007468336116393234,0.06679636465873509,-0.0010684619129270733,0.015458184931242912,-0.000584599652124774,0.015458184931242893,-0.1562500000000002,-4.453125000000227
colangelo_like_printed_chi_sign_diagnostic,rounded_final,5.5,8.5,35.3,1.0053755498491872,32.201686096056314,0.5809639268491117,10.752768796913267,0.8205247783794316,36.22322514755702,0.120227775910653,0.027813428202982843,-0.007587445919678661,0.06944222313864747,-0.0009875246565502862,0.016070496243293222,-0.000593897341334792,0.016070496243293222,-0.1562500000000002,-4.453125000000227
colangelo_like_printed_chi_sign_diagnostic,rounded_final,5.75,8.5,35.3,1.0026643777244781,32.028245240047376,0.5793972553658325,10.694853524432203,0.8183120888952791,36.02812396067333,0.12498970211710003,0.02892655077454847,-0.007697885369993082,0.07196571617696046,-0.0009111427088360322,0.01665448943301608,-0.0006025156216119395,0.016654489433016093,-0.1562500000000002,-4.453125000000227
colangelo_like_printed_chi_sign_diagnostic,rounded_final,6.0,8.5,35.3,1.000320339914319,31.878668445443374,0.5780427352453889,10.644906925829797,0.816399031525839,35.85986712183486,0.12953776134565673,0.029990797338537253,-0.007800557534383895,0.0743735918883589,-0.0008389971470938778,0.017211726166308523,-0.0006105255323787392,0.01721172616630855,-0.1562500000000002,-4.453125000000227
colangelo_like_original_window_positive_chi,colangelo_original,4.0,6.25,35.3,-0.1907405629423632,1.1590658061775871,-0.11022088857544646,0.3870345980349713,-0.1556705433703134,1.303816872593739,-0.015940648364707183,0.015649190891377583,-0.006699321668188211,-0.04246968527804228,-0.001553218065183336,0.009828442795558846,-0.0005244998357885616,0.00982844279555877,-0.1562500000000002,-4.453125000000227
colangelo_like_original_window_positive_chi,colangelo_original,4.25,6.25,35.3,-0.18074278099431704,1.0407439482494767,-0.10444359404984421,0.347524630198908,-0.14751097770508811,1.1707182737557082,-0.01631877647049893,0.016615786616486418,-0.006881484203149624,-0.0448098182532522,-0.0014445180189549612,0.010370002332208911,-0.0005387472760463265,0.010370002332208849,-0.1562500000000002,-4.453125000000227
colangelo_like_original_window_positive_chi,colangelo_original,4.5,6.25,35.3,-0.1723210868970373,0.9460167459739247,-0.09957705390550554,0.315893376425144,-0.14063771658014187,1.0641609722097576,-0.016664775559163326,0.017528865575950396,-0.007047633575387507,-0.04701118032800591,-0.0013419852937586328,0.01087944715343567,-0.0005517362448329677,0.01087944715343562,-0.1562500000000002,-4.453125000000227
colangelo_like_original_window_positive_chi,colangelo_original,4.75,6.25,35.3,-0.16513862690846098,0.868798999518002,-0.09542661463927726,0.2901088702293367,-0.13477584099421805,0.9772998119923612,-0.01698257960746981,0.018391533677634384,-0.0071997505798597145,-0.049083402092208656,-0.00124534942475266,0.0113590059948973,-0.0005636231780777338,0.011359005994897264,-0.1562500000000002,-4.453125000000227
colangelo_like_original_window_positive_chi,colangelo_original,5.0,6.25,35.3,-0.15894658468577785,0.8048674696879087,-0.09184849583039524,0.26876088997000036,-0.12972228257692284,0.9053841305539647,-0.01727550461628859,0.019206924466351114,-0.0073395100859047985,-0.051035724837624155,-0.001154288932436475,0.011810817499884005,-0.0005745402264422631,0.011810817499883983,-0.1562500000000002,-4.453125000000227
colangelo_like_original_window_positive_chi,colangelo_original,5.25,6.25,35.3,-0.1535575345337888,0.751214971905075,-0.08873439211188326,0.2508452782745504,-0.12532407617305738,0.8450311881297978,-0.017546365470023764,0.019978104227613237,-0.007468336116393234,-0.052876873773130974,-0.0010684619129270733,0.012236900878469533,-0.000584599652124774,0.01223690087846952,-0.1562500000000002,-4.453125000000227
colangelo_like_original_window_positive_chi,colangelo_original,5.5,6.25,35.3,-0.14882782975361636,0.7056515036831525,-0.0860012961435775,0.23563075075215953,-0.12146398631197683,0.7937774816318517,-0.017797567254913552,0.020708015215871064,-0.007587445919678661,-0.054614999091109305,-0.0009875246565502862,0.012639142268944213,-0.000593897341334792,0.012639142268944213,-0.1562500000000002,-4.453125000000227
colangelo_like_original_window_positive_chi,colangelo_original,5.75,6.25,35.3,-0.14464566973265988,0.6665501754156323,-0.08358460308907593,0.22257405734614738,-0.11805076831114382,0.7497929457545088,-0.018031177305255355,0.021399444008370124,-0.007697885369993082,-0.056257659438453685,-0.0009111427088360322,0.013019290912634627,-0.0006025156216119395,0.013019290912634637,-0.1562500000000002,-4.453125000000227
colangelo_like_original_window_positive_chi,colangelo_original,6.0,6.25,35.3,-0.14092283396056726,0.6326808803209417,-0.08143333405384455,0.21126444149617984,-0.11501242209584393,0.711693850628112,-0.0182489825562291,0.022055006293966103,-0.007800557534383895,-0.057811831276206184,-0.0008389971470938778,0.013378961319933736,-0.0006105255323787392,0.013378961319933757,-0.1562500000000002,-4.453125000000227
colangelo_like_original_window_positive_chi,colangelo_original,4.0,6.5024999999999995,35.3,-0.19152516222364116,1.1686209062436734,-0.11067427525221875,0.39022523164140777,-0.15631088433691426,1.3145652706735422,-0.016006219216848545,0.016272816518747228,-0.006699321668188211,-0.043752735056292125,-0.001553218065183336,0.010125369444928268,-0.0005244998357885616,0.01012536944492819,-0.1562500000000002,-4.453125000000227
colangelo_like_original_window_positive_chi,colangelo_original,4.25,6.5024999999999995,35.3,-0.18154041345576138,1.0499499908969747,-0.10490451204914561,0.3505987067496757,-0.148161955539941,1.1810740220399307,-0.016390792546451274,0.017300704357405623,-0.006881484203149624,-0.046218971948546635,-0.0014445180189549612,0.010696112271420359,-0.0005387472760463265,0.010696112271420295,-0.1562500000000002,-4.453125000000227
colangelo_like_original_window_positive_chi,colangelo_original,4.5,6.5024999999999995,35.3,-0.1731304868264958,0.9549245839971127,-0.1000447718259186,0.31886787665652855,-0.1412982982879812,1.0741812742936117,-0.016743050762766748,0.018273305175988297,-0.007047633575387507,-0.0485427958799655,-0.0013419852937586328,0.01123389752759481,-0.0005517362448329677,0.011233897527594757,-0.1562500000000002,-4.453125000000227
colangelo_like_original_window_positive_chi,colangelo_original,4.75,6.5024999999999995,35.3,-0.16595870333502893,0.8774493156767287,-0.09590050205494673,0.29299737890548266,-0.13544513619267878,0.9870304313419326,-0.01706691489267307,0.0191936018231852,-0.0071997505798597145,-0.05073358423776438,-0.00124534942475266,0.011740895352298128,-0.0005636231780777338,0.01174089535229809,-0.1562500000000002,-4.453125000000227
colangelo_like_original_window_positive_chi,colangelo_original,5.0,6.5024999999999995,35.3,-0.1597763908312253,0.8132932860922814,-0.09232800563830233,0.2715744338152263,-0.13039951856470203,0.9148622132778674,-0.017365694159679167,0.020064663471173194,-0.0073395100859047985,-0.052800445856576395,-0.001154288932436475,0.012219213735253793,-0.0005745402264422631,0.012219213735253769,-0.1562500000000002,-4.453125000000227
colangelo_like_original_window_positive_chi,colangelo_original,5.25,6.5024999999999995,35.3,-0.1543962436154674,0.7594434374694523,-0.08921904654937092,0.2535929228389742,-0.12600857818175687,0.8542872736611035,-0.017642201184727313,0.02088953494738464,-0.007468336116393234,-0.05475206178382505,-0.0010684619129270733,0.012670861666579094,-0.000584599652124774,0.012670861666579079,-0.1562500000000002,-4.453125000000227
colangelo_like_original_window_positive_chi,colangelo_original,5.5,6.5024999999999995,35.3,-0.14967471562884968,0.7137051935565223,-0.08649067560356379,0.23832003431675505,-0.12215516170926267,0.8028369644391012,-0.017898842052420535,0.02167116805718276,-0.007587445919678661,-0.056596601851062925,-0.0009875246565502862,0.013097729829511684,-0.000593897341334792,0.013097729829511684,-0.1562500000000002,-4.453125000000227
colangelo_like_original_window_positive_chi,colangelo_original,5.75,6.5024999999999995,35.3,-0.1455000912741872,0.6744480529067396,-0.084078337091285,0.2252113121282385,-0.1187480938489585,0.7586771573978004,-0.018137687416046662,0.022412380988466245,-0.007697885369993082,-0.058341689732317965,-0.0009111427088360322,0.013501582514123053,-0.0006025156216119395,0.013501582514123063,-0.1562500000000002,-4.453125000000227
colangelo_like_original_window_positive_chi,colangelo_original,6.0,6.5024999999999995,35.3,-0.14178422233679205,0.6404390206207143,-0.08193109389460138,0.21385503531442365,-0.11571543352933909,0.7204208738643086,-0.01836052914530964,0.023115836396479537,-0.007800557534383895,-0.05999439851050516,-0.0008389971470938778,0.01388405659128624,-0.0006105255323787392,0.013884056591286262,-0.1562500000000002,-4.453125000000227
colangelo_like_original_window_positive_chi,colangelo_original,4.0,6.760000000000001,35.3,-0.1922987180886566,1.1780799154600956,-0.11112128040670449,0.39338377864570634,-0.1569422123563803,1.3252055775039737,-0.016070867144087776,0.016867608933176455,-0.006699321668188211,-0.04498038901173171,-0.001553218065183336,0.010409476251813831,-0.0005244998357885616,0.010409476251813751,-0.1562500000000002,-4.453125000000227
colangelo_like_original_window_positive_chi,colangelo_original,4.25,6.760000000000001,35.3,-0.18232977413764911,1.0591004722160409,-0.105360650137563,0.35365423029309795,-0.14880618246456087,1.1913672701648992,-0.016462061785817085,0.01795640872645251,-0.006881484203149624,-0.047572349910850235,-0.0014445180189549612,0.011009314448365807,-0.0005387472760463265,0.011009314448365741,-0.1562500000000002,-4.453125000000227
colangelo_like_original_window_positive_chi,colangelo_original,4.5,6.760000000000001,35.3,-0.17393416792352137,0.9638107846288393,-0.10050918507540774,0.3218351517424018,-0.14195421264170063,1.0841772367792157,-0.016820772911252706,0.01898837167177359,-0.007047633575387507,-0.050018699086773755,-0.0013419852937586328,0.011575454808863307,-0.0005517362448329677,0.011575454808863253,-0.1562500000000002,-4.453125000000227
colangelo_like_original_window_positive_chi,colangelo_original,4.75,6.760000000000001,35.3,-0.1667754181644371,0.8861067609432631,-0.09637244694606731,0.29588826812927316,-0.13611168786533467,0.99676907012491,-0.01715090447685869,0.019966323682213422,-0.0071997505798597145,-0.052328489986585874,-0.00124534942475266,0.012109992505101953,-0.0005636231780777338,0.012109992505101915,-0.1562500000000002,-4.453125000000227
colangelo_like_original_window_positive_chi,colangelo_original,5.0,6.760000000000001,35.3,-0.16060501718270637,0.8217509031965844,-0.09280683369327074,0.2743985965321756,-0.1310757916782767,0.9243760681632028,-0.017455755474230145,0.02089323989132029,-0.0073395100859047985,-0.05451063732858244,-0.001154288932436475,0.012614990603907781,-0.0005745402264422631,0.012614990603907757,-0.1562500000000002,-4.453125000000227
colangelo_like_original_window_positive_chi,colangelo_original,5.25,6.760000000000001,35.3,-0.15523579712703325,0.7677250756270417,-0.0897041889471072,0.2563583227656308,-0.1266937693614296,0.8636031722969113,-0.017738133388837656,0.021772117959875364,-0.007468336116393234,-0.05657372479139711,-0.0010684619129270733,0.013092435562064597,-0.000584599652124774,0.013092435562064582,-0.1562500000000002,-4.453125000000227
colangelo_like_original_window_positive_chi,colangelo_original,5.5,6.760000000000001,35.3,-0.15052432828449944,0.7218307339087343,-0.08698163075440371,0.24103331015258236,-0.12284856253454628,0.8119772708424914,-0.018000442931803008,0.022605897123617158,-0.007587445919678661,-0.058525896249254625,-0.0009875246565502862,0.013544212055699096,-0.000593897341334792,0.013544212055699096,-0.1562500000000002,-4.453125000000227
colangelo_like_original_window_positive_chi,colangelo_original,5.75,6.760000000000001,35.3,-0.14635899389866033,0.6824342333816272,-0.0845746605214398,0.22787805299269925,-0.11944907656700952,0.7676606998293349,-0.01824475612773674,0.023397408241634686,-0.007697885369993082,-0.06037480151857297,-0.0009111427088360322,0.013972090424821296,-0.0006025156216119395,0.013972090424821308,-0.1562500000000002,-4.453125000000227
colangelo_like_original_window_positive_chi,colangelo_original,6.0,6.760000000000001,35.3,-0.14265173023678757,0.6483000587403128,-0.08243238994882672,0.21647998871442958,-0.11642343933621693,0.729263645415163,-0.0184728681899448,0.024149344775677258,-0.007800557534383895,-0.06212757725816803,-0.0008389971470938778,0.014377722253201233,-0.0006105255323787392,0.014377722253201256,-0.1562500000000002,-4.453125000000227
