sector,state,M2,s0,Pi,mass_sr,f,pc,d5frac,offdiag,accepted,rejection_reason
D,Ds1_2460,2.0,7.5,0.043785192594897056,2.436366847977611,0.3860058290610138,0.6035259158904304,0.023281487190223788,0.27517545287079326,True,
D,Ds1_2460,2.0,7.75,0.04594376642763079,2.4525871090779123,0.395406248892148,0.6332792450917177,0.022187654164690228,0.28228244526637775,True,
D,Ds1_2460,2.0,8.0,0.04797219375023332,2.468555655919368,0.4040406120673557,0.6612386620804087,0.021249484770844346,0.28904227062656707,True,
D,Ds1_2460,2.0,8.25,0.04987366776754033,2.4841813957149026,0.4119702781977493,0.6874481813225557,0.020439330936535435,0.2954478286009914,True,
D,Ds1_2460,2.0,8.5,0.051652132091160416,2.4993979837110523,0.4192512414805731,0.7119621607338592,0.01973557255527176,0.30150003462212427,True,
D,Ds1_2460,2.2,7.5,0.05728170551271111,2.426831726040855,0.3847965731133493,0.5521278875389801,0.02004704083622308,0.2752481242807299,True,
D,Ds1_2460,2.2,7.75,0.060334283141578515,2.4448447853783786,0.3949165224853426,0.5815511252496888,0.0190327725762017,0.2830033072589453,True,
D,Ds1_2460,2.2,8.0,0.06323558807622545,2.462577102329108,0.40430024679887594,0.6095162731155734,0.01815953206915077,0.29039157136269,True,
D,Ds1_2460,2.2,8.25,0.0659863849504541,2.479948473106747,0.4130003252821344,0.6360307013020677,0.017402509478948534,0.2974084997394202,True,
D,Ds1_2460,2.2,8.5,0.06858862623191277,2.496900156149011,0.42106513042701704,0.6611132292878952,0.016742261110451174,0.30405703332843786,True,
D,Ds1_2460,2.4,7.5,0.07156159252980418,2.4216591910806375,0.3835371053987732,0.5045384704000414,0.017507563716847446,0.2756488495374243,True,
D,Ds1_2460,2.4,7.75,0.07563620954035227,2.4411538707320237,0.3943049835041845,0.53326618538363,0.016564409407986123,0.2839525369376328,True,
D,Ds1_2460,2.4,8.0,0.07954574554066132,2.4603547069046323,0.4043671491173844,0.5608300117860163,0.015750297295965287,0.2918726492196668,True,
D,Ds1_2460,2.4,8.25,0.08328773187411093,2.479189263110918,0.41376895787283113,0.5872125445692298,0.015042661298404997,0.2994072145722535,True,
D,Ds1_2460,2.4,8.5,0.0868613087986934,2.4976042780437018,0.42255239957631996,0.6124077222007897,0.014423788430338123,0.3065610663240248,True,
D,Ds1_2460,2.6,7.5,0.08634001955456234,2.418959590420311,0.3823599232491125,0.46098690675639475,0.015497516913272039,0.27623649972074427,True,
D,Ds1_2460,2.6,7.75,0.09154254255338477,2.439697997693625,0.3937112093081423,0.4887642340830414,0.014616765888480274,0.2850068146394343,True,
D,Ds1_2460,2.6,8.0,0.09657443808038177,2.460137761832792,0.404387189636986,0.5156305466699386,0.013855176793525477,0.2933792328203553,True,
D,Ds1_2460,2.6,8.25,0.10142942250498603,2.480212322115161,0.4144272183274349,0.5415522949367947,0.013191989861455564,0.30135399585393813,True,
D,Ds1_2460,2.6,8.5,0.10610320047819789,2.4998726191719975,0.4238679080643692,0.5665065451425818,0.012610891163589476,0.30893767802091354,True,
D,Ds1_2460,2.8,7.5,0.10138773306754106,2.4177158527617757,0.38130486752863035,0.4214181615551763,0.01388572565370569,0.2769213139368741,True,
D,Ds1_2460,2.8,7.75,0.10780251713869664,2.4395115769517792,0.39318242206359616,0.44808121465094836,0.013059456155515525,0.2860912522179622,True,
D,Ds1_2460,2.8,8.0,0.11404966531120894,2.4610082561727142,0.40441443662440796,0.47404748905289323,0.012344115541114658,0.29485080263917707,True,
D,Ds1_2460,2.8,8.25,0.12011870869652527,2.4821439577184763,0.41503523688458194,0.49927347082067597,0.011720424414350575,0.30320220233136874,True,
D,Ds1_2460,2.8,8.5,0.12600149041859224,2.5028729778474825,0.42507687975634434,0.5237252558950336,0.01117321899407695,0.3111536121481226,True,
D,Ds1_2460,3.0,7.5,0.1165243269442801,2.4173505421407544,0.3803757716968322,0.385624859329343,0.012575138269370229,0.27764773126077974,False,PC<0.40
D,Ds1_2460,3.0,7.75,0.1242160277948371,2.44005484516024,0.3927293542600599,0.4110797247319793,0.011796460964681798,0.2871623628121496,True,
D,Ds1_2460,3.0,8.0,0.13175143431580597,2.462462012791827,0.40446618699748893,0.43601735068391934,0.011121772834421695,0.2962555915309327,True,
D,Ds1_2460,3.0,8.25,0.13911570433213072,2.484513864361566,0.4156163503372119,0.46038861858634195,0.010533027382525291,0.30493145094658813,True,
D,Ds1_2460,3.0,8.5,0.14629657025322965,2.5061674515314527,0.4262080196647715,0.4841529301537522,0.010016021021772906,0.3131995407845077,True,
D,Ds1_2536,2.0,8.5,0.0064495038274463646,2.3593773639094944,0.15796075574680868,0.596145769060244,0.13571654812423375,0.30150003462212427,False,d5>0.10;mass>5pct
D,Ds1_2536,2.0,8.875,0.006854835412163119,2.3981425288552374,0.16284880136049937,0.6336117068688352,0.12769152633802516,0.3099305072485693,False,d5>0.10;mass>5pct
D,Ds1_2536,2.0,9.25,0.007235049406295241,2.4341316883117843,0.1673041836100537,0.6687559551712827,0.1209811222316532,0.3176154590073088,False,d5>0.10
D,Ds1_2536,2.0,9.625,0.0075892975651634265,2.467558224890782,0.17135107803945965,0.7015001083273662,0.11533404627496718,0.3245987457778141,False,d5>0.10
D,Ds1_2536,2.0,10.0,0.007917349788513408,2.4986053485041455,0.17501527983815396,0.7318228975237455,0.11055522617491995,0.33092817245976935,False,d5>0.10
D,Ds1_2536,2.2,8.5,0.008341891087988374,2.3982387797643914,0.15523274852409424,0.5257392195093252,0.11069082946582297,0.30405703332843786,False,d5>0.10;mass>5pct
D,Ds1_2536,2.2,8.875,0.008943446211013091,2.4390441757458574,0.16073244055708247,0.5636516206105864,0.10324552997321515,0.3133569982818703,False,d5>0.10
D,Ds1_2536,2.2,9.25,0.009517419159801208,2.4772188163991,0.1658099879440029,0.5998256831741506,0.09701903723469885,0.32188444304131175,True,
D,Ds1_2536,2.2,9.625,0.010061382615384883,2.5129619549416304,0.17048254569293986,0.6341084278855923,0.09177375308549157,0.32968532028983705,True,
D,Ds1_2536,2.2,10.0,0.010573776914798104,2.5464424761086395,0.17476970819800364,0.6664015585694042,0.08732649187545494,0.3368085237185544,True,
D,Ds1_2536,2.4,8.5,0.01040091093800032,2.4278947846204115,0.15347028888531214,0.46353533459253793,0.09282333729777072,0.3065610663240248,True,
D,Ds1_2536,2.4,8.875,0.011236842927755999,2.470297470660314,0.15951839705950063,0.5007901497599585,0.08591801722326617,0.31659900838607047,True,
D,Ds1_2536,2.4,9.25,0.01204584983013621,2.5101987507857846,0.1651609393271189,0.5368449998993234,0.08014770878072283,0.3258434714010507,True,
D,Ds1_2536,2.4,9.625,0.01282352133988909,2.5477875487857657,0.17040889929266828,0.5715033318113253,0.07528721936921787,0.3343427057892687,True,
D,Ds1_2536,2.4,10.0,0.013566534898167719,2.5832225415562218,0.17527625685436626,0.6046170696749141,0.07116388019850735,0.34214699339770205,True,
D,Ds1_2536,2.6,8.5,0.012586978306503134,2.4511634131478943,0.1523069016415486,0.4091680731179273,0.07965029752596556,0.30893767802091354,True,
D,Ds1_2536,2.6,8.875,0.013691281268974344,2.4948475226725004,0.15884768423856116,0.4450659275743313,0.07322591270823794,0.319603838687895,True,
D,Ds1_2536,2.6,9.25,0.014772930136816667,2.536142649362699,0.16500312278103707,0.4802273596724999,0.06786443567937185,0.32945963474645246,True,
D,Ds1_2536,2.6,9.625,0.01582524901300164,2.5752298748906473,0.170778862991968,0.5144353543467871,0.06335170879410318,0.338555648871036,True,
D,Ds1_2536,2.6,10.0,0.016842821326985516,2.612260348775712,0.1761839174735807,0.5475138337746749,0.059524265418618175,0.34694368936606357,True,
D,Ds1_2536,2.8,8.5,0.014864825966874015,2.4698536762570265,0.15153011206323277,0.3619133986303873,0.06966173579407918,0.3111536121481226,False,PC<0.40
D,Ds1_2536,2.8,8.875,0.016266786508327816,2.514587141945957,0.15851483513913464,0.3960468829667628,0.06365790677828186,0.32235735170054697,False,PC<0.40
D,Ds1_2536,2.8,9.25,0.017654198295924496,2.5570285498589223,0.16513648267830336,0.4298261493011247,0.058655146032227046,0.33273669141460493,True,
D,Ds1_2536,2.8,9.625,0.019017959211676937,2.597352820530802,0.17139611977468128,0.463029588684751,0.05444903775445828,0.3423444810733123,True,
D,Ds1_2536,2.8,10.0,0.02035033948479923,2.635705360021697,0.17729841746885958,0.4954690046582956,0.05088414273888764,0.3512340865449099,True,
D,Ds1_2536,3.0,8.5,0.017204144004989486,2.4851669589155727,0.15101070243430859,0.32093633756805856,0.06190105377349008,0.3131995407845077,False,PC<0.40
D,Ds1_2536,3.0,8.875,0.01892826117234744,2.5307747227028927,0.1583968545209829,0.3530990449407475,0.056262676929644664,0.32486617904549564,False,PC<0.40
D,Ds1_2536,3.0,9.25,0.02064977965180347,2.574173939638979,0.1654431933103128,0.38521327484327084,0.051572203729869454,0.3356964538985361,False,PC<0.40
D,Ds1_2536,3.0,9.625,0.022357120016566284,2.6155345459459265,0.17214686664997014,0.4170630177592902,0.04763380267183815,0.345745364340623,True,
D,Ds1_2536,3.0,10.0,0.024040126635461043,2.654997426496348,0.17850877458773687,0.44845882450295826,0.044299044648493276,0.35506780057799026,True,
B,Bs1_lower,8.0,40.0,0.12876876690376718,5.649008199900353,0.49279495774692983,0.6012218122399413,0.0015309818623317408,0.4576961480494987,True,
B,Bs1_lower,8.0,40.5,0.13195651964291538,5.666807674724395,0.4988573935913012,0.6161054406607664,0.0014939970158198675,0.4491090637034329,True,
B,Bs1_lower,8.0,41.0,0.1350564191702819,5.684270469601287,0.5046829145754587,0.6305788821358864,0.0014597058605258133,0.4407466107477625,True,
B,Bs1_lower,8.0,41.5,0.13806845262654818,5.701395861966067,0.51027961109596,0.6446420766250989,0.0014278616354000057,0.4326075717769269,True,
B,Bs1_lower,8.0,42.0,0.14099285489128616,5.718183734119756,0.5156553634076393,0.6582961207819271,0.0013982456537708946,0.42469014878385575,True,
B,Bs1_lower,8.6,40.0,0.17019535662615437,5.6618942873792,0.4904825113965656,0.5586056046655681,0.0009896771363460486,0.4514990312559577,True,
B,Bs1_lower,8.6,40.5,0.17472355625710517,5.680612081734162,0.4969645422386492,0.5734678062146377,0.0009640283014690377,0.44249785240158995,True,
B,Bs1_lower,8.6,41.0,0.17914620197206804,5.699008142493255,0.5032148813626712,0.5879835646513091,0.0009402289934755603,0.4337208270673897,True,
B,Bs1_lower,8.6,41.5,0.18346226646745392,5.7170814338270075,0.5092406343052128,0.6021495082176573,0.0009181095186952126,0.42516690729403284,True,
B,Bs1_lower,8.6,42.0,0.18767107193412774,5.734831486798886,0.5150487535754718,0.6159634122467511,0.000897519534733028,0.4168344638978634,True,
B,Bs1_lower,9.2,40.0,0.21713946354745547,5.673357879362413,0.4887361155495586,0.5190104450408235,0.0006320976286142583,0.445987578845585,True,
B,Bs1_lower,9.2,40.5,0.22328391986621487,5.69287714083416,0.49560282858555404,0.5336970292131946,0.0006147031997161145,0.4366296735180988,True,
B,Bs1_lower,9.2,41.0,0.22930794328609158,5.712088404727449,0.5022438205283952,0.5480957526189161,0.0005985546685387926,0.4274954379915776,True,
B,Bs1_lower,9.2,41.5,0.23520912566078875,5.730990438266719,0.5086653283310764,0.5622008592656831,0.0005835374779840016,0.4185839549067665,True,
B,Bs1_lower,9.2,42.0,0.24098551660626677,5.74958254440861,0.5148734807261984,0.5760076873123368,0.0005695501618513017,0.4098937240157704,True,
B,Bs1_lower,9.8,40.0,0.2691111482002425,5.683587469272417,0.4874083495686088,0.48241088998420445,0.0003893772634485665,0.44107356146093524,True,
B,Bs1_lower,9.8,40.5,0.27714289866026265,5.703810198690823,0.4946283418351666,0.49680867288343356,0.0003780929006525415,0.43140613556958973,True,
B,Bs1_lower,9.8,41.0,0.28504346778043393,5.723737421582455,0.5016290353766916,0.5109712990181472,0.00036761327409343564,0.4219619581834997,True,
B,Bs1_lower,9.8,41.5,0.292808723214716,5.743367785723377,0.5084159016209564,0.5248913607103493,0.00035786421012079235,0.41274021485153123,True,
B,Bs1_lower,9.8,42.0,0.3004351003273214,5.762700449006379,0.5149943392009394,0.5385624679641803,0.00034878002715244954,0.4037395058483535,True,
B,Bs1_lower,10.4,40.0,0.3255768155320978,5.692749567818762,0.48639461868163353,0.4486955824290056,0.00022090250189632537,0.43667727166635345,True,
B,Bs1_lower,10.4,40.5,0.33575604652432584,5.713593270841274,0.49393971535012704,0.4627241488405069,0.0002142053251311085,0.42673941589884035,True,
B,Bs1_lower,10.4,41.0,0.34579853613429773,5.734152766075345,0.5012721784350166,0.47656426432053356,0.00020798449268896548,0.4170244752741094,True,
B,Bs1_lower,10.4,41.5,0.35569812174211557,5.754426633505944,0.5083968041262785,0.49020743581862114,0.00020219598787373413,0.40753171811354877,True,
B,Bs1_lower,10.4,42.0,0.36544931592907665,5.774413942065349,0.5153183440331819,0.5036461008167603,0.0001968008420747368,0.3982598246128311,True,
B,Bs1_lower,11.0,40.0,0.38599061262138695,5.700987882367733,0.48561941409098636,0.41770403344862517,0.00010180730118725566,0.4327291583340055,True,
B,Bs1_lower,11.0,40.5,0.3985623130182192,5.722382777624219,0.4934643520155252,0.43130863882335585,9.859603196552738e-05,0.4225534679121412,True,
B,Bs1_lower,11.0,41.0,0.41099769841888534,5.7435036632049705,0.5011034170477738,0.44476572940923864,9.5612853078676e-05,0.41260045141574936,True,
B,Bs1_lower,11.0,41.5,0.4232883153611677,5.764349085720391,0.5085408087704459,0.45806615719813687,9.283663434240861e-05,0.40286944499242033,True,
B,Bs1_lower,11.0,42.0,0.43542648731373945,5.784918063083509,0.5157807048084464,0.4712016149463165,9.024867273699935e-05,0.3933591935359405,True,
B,Bs1_5830,7.0,42.0,0.0024061993428584954,5.729866216653032,0.09528035900601028,0.5822188878918414,0.03673053134371957,0.4401970303209864,True,
B,Bs1_5830,7.0,42.5,0.002464287061267359,5.749205297306969,0.09642357543775157,0.5962741518135771,0.03586472605859802,0.43335111625263606,True,
B,Bs1_5830,7.0,43.0,0.002521188002225839,5.76820477658544,0.09753044343572279,0.6100422557170091,0.03505529151498181,0.426720451766106,True,
B,Bs1_5830,7.0,43.5,0.0025768766755966256,5.786864135195108,0.09860169942911982,0.6235170318507245,0.03429771444597305,0.420301569011669,True,
B,Bs1_5830,7.0,44.0,0.0026313315861801493,5.805183152339093,0.09963808509606467,0.6366932791031756,0.03358792971827707,0.4140907150143134,True,
B,Bs1_5830,7.4,42.0,0.00310317482854541,5.749062312113587,0.09490137710967701,0.5413117247228215,0.03131004492273515,0.433601175858599,True,
B,Bs1_5830,7.4,42.5,0.0031836704833961018,5.7692520395213,0.09612435708321523,0.5553532287203083,0.030518404398816465,0.4263871697329524,True,
B,Bs1_5830,7.4,43.0,0.003262826558863313,5.789118262496807,0.09731199742193422,0.5691610591200963,0.029778028813982078,0.419389204024266,True,
B,Bs1_5830,7.4,43.5,0.0033405958906441045,5.808659940728651,0.09846488179153165,0.5827269886737768,0.02908479399048895,0.41260400256434,True,
B,Bs1_5830,7.4,44.0,0.0034169364323655654,5.827876331641858,0.09958360460629455,0.5960436828946076,0.028434987073374645,0.40602800193272137,True,
B,Bs1_5830,7.8,42.0,0.003904580285450354,5.765962347966835,0.09463052993222448,0.5028195011119817,0.027080798242022197,0.42753615227125075,True,
B,Bs1_5830,7.8,42.5,0.00401245729570092,5.786914221052071,0.09592886481069833,0.5167115613361667,0.02635271683597752,0.41999108163863363,True,
B,Bs1_5830,7.8,43.0,0.004118907239427523,5.8075572349702735,0.09719302503253203,0.5304198484464253,0.025671651431692574,0.4126624954325208,True,
B,Bs1_5830,7.8,43.5,0.004223855264683786,5.827889961957357,0.09842345533359054,0.5439347232458188,0.02503380071143951,0.405547272652915,True,
B,Bs1_5830,7.8,44.0,0.00432723272667118,5.847911271844069,0.09962061536317461,0.5572473458742787,0.02443574395209399,0.39864200320510407,True,
B,Bs1_5830,8.2,42.0,0.0048095930574906095,5.78096155787303,0.09444104731915437,0.4668219049650442,0.02372228574820074,0.42196140732300835,True,
B,Bs1_5830,8.2,42.5,0.004950094321042868,5.802598187438303,0.09581055716560855,0.48045903948296576,0.0230489629980056,0.4141179409553708,True,
B,Bs1_5830,8.2,43.0,0.0050891711183235575,5.823939212439961,0.09714717041650538,0.49395791447445675,0.022419081258941636,0.40649118739570717,True,
B,Bs1_5830,8.2,43.5,0.0052267150502808965,5.844982915243719,0.09845120601410033,0.5073080086643814,0.021829110587580816,0.39907815175996497,True,
B,Bs1_5830,8.2,44.0,0.0053626249061379345,5.865727876310901,0.09972300091733866,0.5204994984757481,0.02127587568389592,0.3918755482973968,True,
B,Bs1_5830,8.6,42.0,0.00581600652625081,5.794366126612477,0.09431341345808698,0.4333161682071569,0.021013166214406336,0.4168344638978634,True,
B,Bs1_5830,8.6,42.5,0.005994555485071334,5.816619853128671,0.09575016102721606,0.44661879266678955,0.020387285119728267,0.40872137373046097,True,
B,Bs1_5830,8.6,43.0,0.006171796150496244,5.838589937921652,0.09715536941948467,0.45982394394125303,0.01980180629108331,0.4008250959567706,True,
B,Bs1_5830,8.6,43.5,0.006347581115747131,5.860274444916229,0.09852924400699105,0.4729206396253352,0.019253430497641687,0.39314273875434574,True,
B,Bs1_5830,8.6,44.0,0.006521770966771109,5.881671737390164,0.09987201043873097,0.4858984928044206,0.018739191005458917,0.3856711176367908,True,
B,Bs1_5830,9.0,42.0,0.006920501942915489,5.806418044786562,0.09423317414451032,0.4022418706441508,0.018797176393483248,0.4121138930843098,True,
B,Bs1_5830,9.0,42.5,0.007142619746576819,5.829229652323817,0.095733467105315,0.4151520730521663,0.01821263071084963,0.4037565153223647,True,
B,Bs1_5830,9.0,43.0,0.007363680447956922,5.8517684030119055,0.09720363131553235,0.428000833269634,0.017665880081545196,0.3956159776728288,True,
B,Bs1_5830,9.0,43.5,0.0075834927653300535,5.874032195214826,0.09864376980397815,0.4407770333863477,0.017153823413288943,0.3876894730622247,True,
B,Bs1_5830,9.0,44.0,0.007801873977819162,5.896019228451457,0.10005400746766542,0.4534700530762101,0.016673673033204845,0.3799738998973743,True,
