sector,state,state_label,scan,M2,s0,fixed_s0,g_abs
Ds,Ds1_2460,D_{s1}(2460),M2,3.0,8.5,8.5,0.47641908790812587
Ds,Ds1_2460,D_{s1}(2460),M2,3.05,8.5,8.5,0.4788343729268197
Ds,Ds1_2460,D_{s1}(2460),M2,3.1,8.5,8.5,0.48118809253042316
Ds,Ds1_2460,D_{s1}(2460),M2,3.15,8.5,8.5,0.48348335794895675
Ds,Ds1_2460,D_{s1}(2460),M2,3.2,8.5,8.5,0.4857230267650498
Ds,Ds1_2460,D_{s1}(2460),M2,3.25,8.5,8.5,0.48790973100145607
Ds,Ds1_2460,D_{s1}(2460),M2,3.3,8.5,8.5,0.4900459014642246
Ds,Ds1_2460,D_{s1}(2460),M2,3.35,8.5,8.5,0.4921337889064549
Ds,Ds1_2460,D_{s1}(2460),M2,3.4,8.5,8.5,0.4941754824839327
Ds,Ds1_2460,D_{s1}(2460),M2,3.45,8.5,8.5,0.49617292589709805
Ds,Ds1_2460,D_{s1}(2460),M2,3.5,8.5,8.5,0.4981279315504985
Ds,Ds1_2460,D_{s1}(2460),M2,3.55,8.5,8.5,0.5000421930085917
Ds,Ds1_2460,D_{s1}(2460),M2,3.6,8.5,8.5,0.5019172959834131
Ds,Ds1_2460,D_{s1}(2460),M2,3.65,8.5,8.5,0.5037547280535889
Ds,Ds1_2460,D_{s1}(2460),M2,3.7,8.5,8.5,0.5055558872841149
Ds,Ds1_2460,D_{s1}(2460),M2,3.75,8.5,8.5,0.5073220898911991
Ds,Ds1_2460,D_{s1}(2460),M2,3.8,8.5,8.5,0.5090545770753778
Ds,Ds1_2460,D_{s1}(2460),M2,3.85,8.5,8.5,0.5107545211283927
Ds,Ds1_2460,D_{s1}(2460),M2,3.9,8.5,8.5,0.512423030904364
Ds,Ds1_2460,D_{s1}(2460),M2,3.95,8.5,8.5,0.5140611567331641
Ds,Ds1_2460,D_{s1}(2460),M2,4.0,8.5,8.5,0.5156698948431772
Ds,Ds1_2460,D_{s1}(2460),M2,4.05,8.5,8.5,0.5172501913515369
Ds,Ds1_2460,D_{s1}(2460),M2,4.1,8.5,8.5,0.5188029458721736
Ds,Ds1_2460,D_{s1}(2460),M2,4.15,8.5,8.5,0.5203290147853938
Ds,Ds1_2460,D_{s1}(2460),M2,4.2,8.5,8.5,0.5218292142070451
Ds,Ds1_2460,D_{s1}(2460),M2,4.25,8.5,8.5,0.5233043226904674
Ds,Ds1_2460,D_{s1}(2460),M2,4.3,8.5,8.5,0.5247550836902507
Ds,Ds1_2460,D_{s1}(2460),M2,4.35,8.5,8.5,0.5261822078132306
Ds,Ds1_2460,D_{s1}(2460),M2,4.4,8.5,8.5,0.5275863748790405
Ds,Ds1_2460,D_{s1}(2460),M2,4.45,8.5,8.5,0.5289682358098633
Ds,Ds1_2460,D_{s1}(2460),M2,4.5,8.5,8.5,0.5303284143666892
Ds,Ds1_2460,D_{s1}(2460),M2,3.0,9.0,9.0,0.5038027966339339
Ds,Ds1_2460,D_{s1}(2460),M2,3.05,9.0,9.0,0.5067679203502686
Ds,Ds1_2460,D_{s1}(2460),M2,3.1,9.0,9.0,0.5096642516531465
Ds,Ds1_2460,D_{s1}(2460),M2,3.15,9.0,9.0,0.5124949448068272
Ds,Ds1_2460,D_{s1}(2460),M2,3.2,9.0,9.0,0.5152629079961192
Ds,Ds1_2460,D_{s1}(2460),M2,3.25,9.0,9.0,0.5179708304823945
Ds,Ds1_2460,D_{s1}(2460),M2,3.3,9.0,9.0,0.5206212061060909
Ds,Ds1_2460,D_{s1}(2460),M2,3.35,9.0,9.0,0.5232163536921053
Ds,Ds1_2460,D_{s1}(2460),M2,3.4,9.0,9.0,0.5257584348216406
Ds,Ds1_2460,D_{s1}(2460),M2,3.45,9.0,9.0,0.5282494693579343
Ds,Ds1_2460,D_{s1}(2460),M2,3.5,9.0,9.0,0.5306913490506652
Ds,Ds1_2460,D_{s1}(2460),M2,3.55,9.0,9.0,0.5330858494921293
Ds,Ds1_2460,D_{s1}(2460),M2,3.6,9.0,9.0,0.5354346406554729
Ds,Ds1_2460,D_{s1}(2460),M2,3.65,9.0,9.0,0.5377392962097225
Ds,Ds1_2460,D_{s1}(2460),M2,3.7,9.0,9.0,0.540001301776754
Ds,Ds1_2460,D_{s1}(2460),M2,3.75,9.0,9.0,0.5422220622705891
Ds,Ds1_2460,D_{s1}(2460),M2,3.8,9.0,9.0,0.5444029084387245
Ds,Ds1_2460,D_{s1}(2460),M2,3.85,9.0,9.0,0.5465451027077803
Ds,Ds1_2460,D_{s1}(2460),M2,3.9,9.0,9.0,0.548649844421114
Ds,Ds1_2460,D_{s1}(2460),M2,3.95,9.0,9.0,0.5507182745436826
Ds,Ds1_2460,D_{s1}(2460),M2,4.0,9.0,9.0,0.5527514798989678
Ds,Ds1_2460,D_{s1}(2460),M2,4.05,9.0,9.0,0.5547504969939016
Ds,Ds1_2460,D_{s1}(2460),M2,4.1,9.0,9.0,0.5567163154801734
Ds,Ds1_2460,D_{s1}(2460),M2,4.15,9.0,9.0,0.5586498812938789
Ds,Ds1_2460,D_{s1}(2460),M2,4.2,9.0,9.0,0.5605520995099531
Ds,Ds1_2460,D_{s1}(2460),M2,4.25,9.0,9.0,0.5624238369431428
Ds,Ds1_2460,D_{s1}(2460),M2,4.3,9.0,9.0,0.564265924523217
Ds,Ds1_2460,D_{s1}(2460),M2,4.35,9.0,9.0,0.5660791594686544
Ds,Ds1_2460,D_{s1}(2460),M2,4.4,9.0,9.0,0.5678643072800407
Ds,Ds1_2460,D_{s1}(2460),M2,4.45,9.0,9.0,0.5696221035718338
Ds,Ds1_2460,D_{s1}(2460),M2,4.5,9.0,9.0,0.5713532557589167
Ds,Ds1_2460,D_{s1}(2460),M2,3.0,9.5,9.5,0.5276786167897553
Ds,Ds1_2460,D_{s1}(2460),M2,3.05,9.5,9.5,0.5311903190314887
Ds,Ds1_2460,D_{s1}(2460),M2,3.1,9.5,9.5,0.5346275090217713
Ds,Ds1_2460,D_{s1}(2460),M2,3.15,9.5,9.5,0.5379933025488716
Ds,Ds1_2460,D_{s1}(2460),M2,3.2,9.5,9.5,0.541290580769355
Ds,Ds1_2460,D_{s1}(2460),M2,3.25,9.5,9.5,0.5445220162832808
Ds,Ds1_2460,D_{s1}(2460),M2,3.3,9.5,9.5,0.5476900956462784
Ds,Ds1_2460,D_{s1}(2460),M2,3.35,9.5,9.5,0.5507971388676771
Ds,Ds1_2460,D_{s1}(2460),M2,3.4,9.5,9.5,0.5538453163515449
Ds,Ds1_2460,D_{s1}(2460),M2,3.45,9.5,9.5,0.5568366636618737
Ds,Ds1_2460,D_{s1}(2460),M2,3.5,9.5,9.5,0.5597730944309657
Ds,Ds1_2460,D_{s1}(2460),M2,3.55,9.5,9.5,0.5626564116788398
Ds,Ds1_2460,D_{s1}(2460),M2,3.6,9.5,9.5,0.5654883177690705
Ds,Ds1_2460,D_{s1}(2460),M2,3.65,9.5,9.5,0.5682704231913215
Ds,Ds1_2460,D_{s1}(2460),M2,3.7,9.5,9.5,0.5710042543315854
Ds,Ds1_2460,D_{s1}(2460),M2,3.75,9.5,9.5,0.5736912603667383
Ds,Ds1_2460,D_{s1}(2460),M2,3.8,9.5,9.5,0.5763328193996228
Ds,Ds1_2460,D_{s1}(2460),M2,3.85,9.5,9.5,0.5789302439337513
Ds,Ds1_2460,D_{s1}(2460),M2,3.9,9.5,9.5,0.5814847857723463
Ds,Ds1_2460,D_{s1}(2460),M2,3.95,9.5,9.5,0.5839976404142989
Ds,Ds1_2460,D_{s1}(2460),M2,4.0,9.5,9.5,0.5864699510093926
Ds,Ds1_2460,D_{s1}(2460),M2,4.05,9.5,9.5,0.5889028119264622
Ds,Ds1_2460,D_{s1}(2460),M2,4.1,9.5,9.5,0.591297271980796
Ds,Ds1_2460,D_{s1}(2460),M2,4.15,9.5,9.5,0.5936543373608231
Ds,Ds1_2460,D_{s1}(2460),M2,4.2,9.5,9.5,0.5959749742887924
Ds,Ds1_2460,D_{s1}(2460),M2,4.25,9.5,9.5,0.5982601114455935
Ds,Ds1_2460,D_{s1}(2460),M2,4.3,9.5,9.5,0.6005106421859369
Ds,Ds1_2460,D_{s1}(2460),M2,4.35,9.5,9.5,0.6027274265668027
Ds,Ds1_2460,D_{s1}(2460),M2,4.4,9.5,9.5,0.6049112932091424
Ds,Ds1_2460,D_{s1}(2460),M2,4.45,9.5,9.5,0.6070630410103666
Ds,Ds1_2460,D_{s1}(2460),M2,4.5,9.5,9.5,0.6091834407229896
Ds,Ds1_2536,D_{s1}(2536),M2,3.0,9.0,9.0,0.09859301995358327
Ds,Ds1_2536,D_{s1}(2536),M2,3.05,9.0,9.0,0.09668547156757835
Ds,Ds1_2536,D_{s1}(2536),M2,3.1,9.0,9.0,0.09486303059667023
Ds,Ds1_2536,D_{s1}(2536),M2,3.15,9.0,9.0,0.09312019666759658
Ds,Ds1_2536,D_{s1}(2536),M2,3.2,9.0,9.0,0.09145193629266594
Ds,Ds1_2536,D_{s1}(2536),M2,3.25,9.0,9.0,0.08985363462843537
Ds,Ds1_2536,D_{s1}(2536),M2,3.3,9.0,9.0,0.08832105303931882
Ds,Ds1_2536,D_{s1}(2536),M2,3.35,9.0,9.0,0.08685029167530016
Ds,Ds1_2536,D_{s1}(2536),M2,3.4,9.0,9.0,0.08543775639254579
Ds,Ds1_2536,D_{s1}(2536),M2,3.45,9.0,9.0,0.08408012944554046
Ds,Ds1_2536,D_{s1}(2536),M2,3.5,9.0,9.0,0.08277434346291968
Ds,Ds1_2536,D_{s1}(2536),M2,3.55,9.0,9.0,0.08151755828935407
Ds,Ds1_2536,D_{s1}(2536),M2,3.6,9.0,9.0,0.08030714033493888
Ds,Ds1_2536,D_{s1}(2536),M2,3.65,9.0,9.0,0.07914064412348724
Ds,Ds1_2536,D_{s1}(2536),M2,3.7,9.0,9.0,0.07801579577341718
Ds,Ds1_2536,D_{s1}(2536),M2,3.75,9.0,9.0,0.07693047818087792
Ds,Ds1_2536,D_{s1}(2536),M2,3.8,9.0,9.0,0.07588271770536184
Ds,Ds1_2536,D_{s1}(2536),M2,3.85,9.0,9.0,0.07487067218420315
Ds,Ds1_2536,D_{s1}(2536),M2,3.9,9.0,9.0,0.07389262012474539
Ds,Ds1_2536,D_{s1}(2536),M2,3.95,9.0,9.0,0.07294695094217378
Ds,Ds1_2536,D_{s1}(2536),M2,4.0,9.0,9.0,0.0720321561275359
Ds,Ds1_2536,D_{s1}(2536),M2,4.05,9.0,9.0,0.07114682124472498
Ds,Ds1_2536,D_{s1}(2536),M2,4.1,9.0,9.0,0.07028961866751568
Ds,Ds1_2536,D_{s1}(2536),M2,4.15,9.0,9.0,0.06945930097841374
Ds,Ds1_2536,D_{s1}(2536),M2,4.2,9.0,9.0,0.06865469496032563
Ds,Ds1_2536,D_{s1}(2536),M2,4.25,9.0,9.0,0.06787469612012242
Ds,Ds1_2536,D_{s1}(2536),M2,4.3,9.0,9.0,0.06711826369016706
Ds,Ds1_2536,D_{s1}(2536),M2,4.35,9.0,9.0,0.06638441606001806
Ds,Ds1_2536,D_{s1}(2536),M2,4.4,9.0,9.0,0.06567222659586529
Ds,Ds1_2536,D_{s1}(2536),M2,4.45,9.0,9.0,0.0649808198099576
Ds,Ds1_2536,D_{s1}(2536),M2,4.5,9.0,9.0,0.06430936784639978
Ds,Ds1_2536,D_{s1}(2536),M2,3.0,9.5,9.5,0.09547861484069196
Ds,Ds1_2536,D_{s1}(2536),M2,3.05,9.5,9.5,0.09349268789717825
Ds,Ds1_2536,D_{s1}(2536),M2,3.1,9.5,9.5,0.09159252380757417
Ds,Ds1_2536,D_{s1}(2536),M2,3.15,9.5,9.5,0.08977263620109087
Ds,Ds1_2536,D_{s1}(2536),M2,3.2,9.5,9.5,0.08802800359221344
Ds,Ds1_2536,D_{s1}(2536),M2,3.25,9.5,9.5,0.08635402130354229
Ds,Ds1_2536,D_{s1}(2536),M2,3.3,9.5,9.5,0.08474645918135591
Ds,Ds1_2536,D_{s1}(2536),M2,3.35,9.5,9.5,0.08320142431389607
Ds,Ds1_2536,D_{s1}(2536),M2,3.4,9.5,9.5,0.08171532808196257
Ds,Ds1_2536,D_{s1}(2536),M2,3.45,9.5,9.5,0.08028485697118679
Ds,Ds1_2536,D_{s1}(2536),M2,3.5,9.5,9.5,0.07890694665885549
Ds,Ds1_2536,D_{s1}(2536),M2,3.55,9.5,9.5,0.07757875895830413
Ds,Ds1_2536,D_{s1}(2536),M2,3.6,9.5,9.5,0.0762976612629495
Ds,Ds1_2536,D_{s1}(2536),M2,3.65,9.5,9.5,0.07506120818193258
Ds,Ds1_2536,D_{s1}(2536),M2,3.7,9.5,9.5,0.07386712510161034
Ds,Ds1_2536,D_{s1}(2536),M2,3.75,9.5,9.5,0.07271329344303187
Ds,Ds1_2536,D_{s1}(2536),M2,3.8,9.5,9.5,0.07159773741612344
Ds,Ds1_2536,D_{s1}(2536),M2,3.85,9.5,9.5,0.07051861209740758
Ds,Ds1_2536,D_{s1}(2536),M2,3.9,9.5,9.5,0.06947419268044776
Ds,Ds1_2536,D_{s1}(2536),M2,3.95,9.5,9.5,0.06846286476738563
Ds,Ds1_2536,D_{s1}(2536),M2,4.0,9.5,9.5,0.06748311558643964
Ds,Ds1_2536,D_{s1}(2536),M2,4.05,9.5,9.5,0.06653352603446057
Ds,Ds1_2536,D_{s1}(2536),M2,4.1,9.5,9.5,0.06561276345593384
Ds,Ds1_2536,D_{s1}(2536),M2,4.15,9.5,9.5,0.06471957508045799
Ds,Ds1_2536,D_{s1}(2536),M2,4.2,9.5,9.5,0.06385278204996689
Ds,Ds1_2536,D_{s1}(2536),M2,4.25,9.5,9.5,0.06301127397499834
Ds,Ds1_2536,D_{s1}(2536),M2,4.3,9.5,9.5,0.062194003966300634
Ds,Ds1_2536,D_{s1}(2536),M2,4.35,9.5,9.5,0.06139998409418832
Ds,Ds1_2536,D_{s1}(2536),M2,4.4,9.5,9.5,0.060628281233388114
Ds,Ds1_2536,D_{s1}(2536),M2,4.45,9.5,9.5,0.05987801325580643
Ds,Ds1_2536,D_{s1}(2536),M2,4.5,9.5,9.5,0.05914834553775507
Ds,Ds1_2536,D_{s1}(2536),M2,3.0,10.0,10.0,0.09248852511458419
Ds,Ds1_2536,D_{s1}(2536),M2,3.05,10.0,10.0,0.09041949175973973
Ds,Ds1_2536,D_{s1}(2536),M2,3.1,10.0,10.0,0.08843670657465985
Ds,Ds1_2536,D_{s1}(2536),M2,3.15,10.0,10.0,0.08653470776616344
Ds,Ds1_2536,D_{s1}(2536),M2,3.2,10.0,10.0,0.08470849597696309
Ds,Ds1_2536,D_{s1}(2536),M2,3.25,10.0,10.0,0.08295348638228713
Ds,Ds1_2536,D_{s1}(2536),M2,3.3,10.0,10.0,0.08126546656823938
Ds,Ds1_2536,D_{s1}(2536),M2,3.35,10.0,10.0,0.07964055940244769
Ds,Ds1_2536,D_{s1}(2536),M2,3.4,10.0,10.0,0.07807519022713104
Ds,Ds1_2536,D_{s1}(2536),M2,3.45,10.0,10.0,0.07656605780448962
Ds,Ds1_2536,D_{s1}(2536),M2,3.5,10.0,10.0,0.07511010852783245
Ds,Ds1_2536,D_{s1}(2536),M2,3.55,10.0,10.0,0.07370451348195928
Ds,Ds1_2536,D_{s1}(2536),M2,3.6,10.0,10.0,0.07234664799537628
Ds,Ds1_2536,D_{s1}(2536),M2,3.65,10.0,10.0,0.0710340733767883
Ds,Ds1_2536,D_{s1}(2536),M2,3.7,10.0,10.0,0.06976452057056381
Ds,Ds1_2536,D_{s1}(2536),M2,3.75,10.0,10.0,0.06853587550174263
Ds,Ds1_2536,D_{s1}(2536),M2,3.8,10.0,10.0,0.06734616591172271
Ds,Ds1_2536,D_{s1}(2536),M2,3.85,10.0,10.0,0.06619354951184712
Ds,Ds1_2536,D_{s1}(2536),M2,3.9,10.0,10.0,0.06507630330444317
Ds,Ds1_2536,D_{s1}(2536),M2,3.95,10.0,10.0,0.06399281394003775
Ds,Ds1_2536,D_{s1}(2536),M2,4.0,10.0,10.0,0.06294156899593968
Ds,Ds1_2536,D_{s1}(2536),M2,4.05,10.0,10.0,0.06192114907559359
Ds,Ds1_2536,D_{s1}(2536),M2,4.1,10.0,10.0,0.060930220640385904
Ds,Ds1_2536,D_{s1}(2536),M2,4.15,10.0,10.0,0.05996752949619902
Ds,Ds1_2536,D_{s1}(2536),M2,4.2,10.0,10.0,0.05903189486623971
Ds,Ds1_2536,D_{s1}(2536),M2,4.25,10.0,10.0,0.05812220398967539
Ds,Ds1_2536,D_{s1}(2536),M2,4.3,10.0,10.0,0.05723740719259939
Ds,Ds1_2536,D_{s1}(2536),M2,4.35,10.0,10.0,0.05637651338393269
Ds,Ds1_2536,D_{s1}(2536),M2,4.4,10.0,10.0,0.05553858593420517
Ds,Ds1_2536,D_{s1}(2536),M2,4.45,10.0,10.0,0.05472273889982668
Ds,Ds1_2536,D_{s1}(2536),M2,4.5,10.0,10.0,0.053928133559547176
Bs,Bs1_5750,B_{s1}(5750),M2,10.0,39.0,39.0,0.4090827369916136
Bs,Bs1_5750,B_{s1}(5750),M2,10.133333333333333,39.0,39.0,0.40572002508606025
Bs,Bs1_5750,B_{s1}(5750),M2,10.266666666666667,39.0,39.0,0.4024975727283253
Bs,Bs1_5750,B_{s1}(5750),M2,10.4,39.0,39.0,0.3994072236276827
Bs,Bs1_5750,B_{s1}(5750),M2,10.533333333333333,39.0,39.0,0.3964414201299486
Bs,Bs1_5750,B_{s1}(5750),M2,10.666666666666666,39.0,39.0,0.3935931505927437
Bs,Bs1_5750,B_{s1}(5750),M2,10.8,39.0,39.0,0.39085590211760785
Bs,Bs1_5750,B_{s1}(5750),M2,10.933333333333334,39.0,39.0,0.38822361802229227
Bs,Bs1_5750,B_{s1}(5750),M2,11.066666666666666,39.0,39.0,0.38569065951545406
Bs,Bs1_5750,B_{s1}(5750),M2,11.2,39.0,39.0,0.38325177110379527
Bs,Bs1_5750,B_{s1}(5750),M2,11.333333333333334,39.0,39.0,0.38090204932013455
Bs,Bs1_5750,B_{s1}(5750),M2,11.466666666666667,39.0,39.0,0.378636914411372
Bs,Bs1_5750,B_{s1}(5750),M2,11.6,39.0,39.0,0.3764520846689779
Bs,Bs1_5750,B_{s1}(5750),M2,11.733333333333334,39.0,39.0,0.3743435531225132
Bs,Bs1_5750,B_{s1}(5750),M2,11.866666666666667,39.0,39.0,0.37230756634960815
Bs,Bs1_5750,B_{s1}(5750),M2,12.0,39.0,39.0,0.37034060518447
Bs,Bs1_5750,B_{s1}(5750),M2,12.133333333333333,39.0,39.0,0.3684393671319991
Bs,Bs1_5750,B_{s1}(5750),M2,12.266666666666666,39.0,39.0,0.3666007503164276
Bs,Bs1_5750,B_{s1}(5750),M2,12.4,39.0,39.0,0.36482183881252944
Bs,Bs1_5750,B_{s1}(5750),M2,12.533333333333333,39.0,39.0,0.3630998892242249
Bs,Bs1_5750,B_{s1}(5750),M2,12.666666666666666,39.0,39.0,0.36143231839013285
Bs,Bs1_5750,B_{s1}(5750),M2,12.8,39.0,39.0,0.35981669210861206
Bs,Bs1_5750,B_{s1}(5750),M2,12.933333333333334,39.0,39.0,0.35825071478624926
Bs,Bs1_5750,B_{s1}(5750),M2,13.066666666666666,39.0,39.0,0.35673221992385673
Bs,Bs1_5750,B_{s1}(5750),M2,13.2,39.0,39.0,0.35525916136296914
Bs,Bs1_5750,B_{s1}(5750),M2,13.333333333333334,39.0,39.0,0.35382960522373036
Bs,Bs1_5750,B_{s1}(5750),M2,13.466666666666667,39.0,39.0,0.35244172247208116
Bs,Bs1_5750,B_{s1}(5750),M2,13.6,39.0,39.0,0.3510937820603755
Bs,Bs1_5750,B_{s1}(5750),M2,13.733333333333334,39.0,39.0,0.3497841445911098
Bs,Bs1_5750,B_{s1}(5750),M2,13.866666666666667,39.0,39.0,0.3485112564583668
Bs,Bs1_5750,B_{s1}(5750),M2,14.0,39.0,39.0,0.34727364442599173
Bs,Bs1_5750,B_{s1}(5750),M2,10.0,40.0,40.0,0.41560812106136
Bs,Bs1_5750,B_{s1}(5750),M2,10.133333333333333,40.0,40.0,0.4123180737752637
Bs,Bs1_5750,B_{s1}(5750),M2,10.266666666666667,40.0,40.0,0.40916717718666124
Bs,Bs1_5750,B_{s1}(5750),M2,10.4,40.0,40.0,0.40614729612397754
Bs,Bs1_5750,B_{s1}(5750),M2,10.533333333333333,40.0,40.0,0.4032508937425373
Bs,Bs1_5750,B_{s1}(5750),M2,10.666666666666666,40.0,40.0,0.4004709788875476
Bs,Bs1_5750,B_{s1}(5750),M2,10.8,40.0,40.0,0.39780105881629957
Bs,Bs1_5750,B_{s1}(5750),M2,10.933333333333334,40.0,40.0,0.3952350966626389
Bs,Bs1_5750,B_{s1}(5750),M2,11.066666666666666,40.0,40.0,0.39276747310569093
Bs,Bs1_5750,B_{s1}(5750),M2,11.2,40.0,40.0,0.3903929517726699
Bs,Bs1_5750,B_{s1}(5750),M2,11.333333333333334,40.0,40.0,0.38810664796406447
Bs,Bs1_5750,B_{s1}(5750),M2,11.466666666666667,40.0,40.0,0.38590400033999
Bs,Bs1_5750,B_{s1}(5750),M2,11.6,40.0,40.0,0.3837807452501841
Bs,Bs1_5750,B_{s1}(5750),M2,11.733333333333334,40.0,40.0,0.381732893428015
Bs,Bs1_5750,B_{s1}(5750),M2,11.866666666666667,40.0,40.0,0.37975670880180634
Bs,Bs1_5750,B_{s1}(5750),M2,12.0,40.0,40.0,0.3778486892054417
Bs,Bs1_5750,B_{s1}(5750),M2,12.133333333333333,40.0,40.0,0.3760055487952252
Bs,Bs1_5750,B_{s1}(5750),M2,12.266666666666666,40.0,40.0,0.3742242020018285
Bs,Bs1_5750,B_{s1}(5750),M2,12.4,40.0,40.0,0.37250174886529425
Bs,Bs1_5750,B_{s1}(5750),M2,12.533333333333333,40.0,40.0,0.3708354616178462
Bs,Bs1_5750,B_{s1}(5750),M2,12.666666666666666,40.0,40.0,0.36922277239400264
Bs,Bs1_5750,B_{s1}(5750),M2,12.8,40.0,40.0,0.3676612619604711
Bs,Bs1_5750,B_{s1}(5750),M2,12.933333333333334,40.0,40.0,0.3661486493697394
Bs,Bs1_5750,B_{s1}(5750),M2,13.066666666666666,40.0,40.0,0.3646827824513792
Bs,Bs1_5750,B_{s1}(5750),M2,13.2,40.0,40.0,0.3632616290640104
Bs,Bs1_5750,B_{s1}(5750),M2,13.333333333333334,40.0,40.0,0.3618832690387877
Bs,Bs1_5750,B_{s1}(5750),M2,13.466666666666667,40.0,40.0,0.36054588675228244
Bs,Bs1_5750,B_{s1}(5750),M2,13.6,40.0,40.0,0.3592477642728668
Bs,Bs1_5750,B_{s1}(5750),M2,13.733333333333334,40.0,40.0,0.35798727503025607
Bs,Bs1_5750,B_{s1}(5750),M2,13.866666666666667,40.0,40.0,0.3567628779627908
Bs,Bs1_5750,B_{s1}(5750),M2,14.0,40.0,40.0,0.35557311210145903
Bs,Bs1_5750,B_{s1}(5750),M2,10.0,41.0,41.0,0.4215139954735218
Bs,Bs1_5750,B_{s1}(5750),M2,10.133333333333333,41.0,41.0,0.4182975759527209
Bs,Bs1_5750,B_{s1}(5750),M2,10.266666666666667,41.0,41.0,0.4152192777146467
Bs,Bs1_5750,B_{s1}(5750),M2,10.4,41.0,41.0,0.4122709818482442
Bs,Bs1_5750,B_{s1}(5750),M2,10.533333333333333,41.0,41.0,0.409445167722675
Bs,Bs1_5750,B_{s1}(5750),M2,10.666666666666666,41.0,41.0,0.4067348603234383
Bs,Bs1_5750,B_{s1}(5750),M2,10.8,41.0,41.0,0.4041335829508886
Bs,Bs1_5750,B_{s1}(5750),M2,10.933333333333334,41.0,41.0,0.40163531466389796
Bs,Bs1_5750,B_{s1}(5750),M2,11.066666666666666,41.0,41.0,0.39923445193036244
Bs,Bs1_5750,B_{s1}(5750),M2,11.2,41.0,41.0,0.3969257740141258
Bs,Bs1_5750,B_{s1}(5750),M2,11.333333333333334,41.0,41.0,0.394704411686383
Bs,Bs1_5750,B_{s1}(5750),M2,11.466666666666667,41.0,41.0,0.3925658189001457
Bs,Bs1_5750,B_{s1}(5750),M2,11.6,41.0,41.0,0.3905057471100548
Bs,Bs1_5750,B_{s1}(5750),M2,11.733333333333334,41.0,41.0,0.3885202219577421
Bs,Bs1_5750,B_{s1}(5750),M2,11.866666666666667,41.0,41.0,0.38660552207588567
Bs,Bs1_5750,B_{s1}(5750),M2,12.0,41.0,41.0,0.38475815979278627
Bs,Bs1_5750,B_{s1}(5750),M2,12.133333333333333,41.0,41.0,0.3829748635443124
Bs,Bs1_5750,B_{s1}(5750),M2,12.266666666666666,41.0,41.0,0.38125256182192935
Bs,Bs1_5750,B_{s1}(5750),M2,12.4,41.0,41.0,0.37958836850468003
Bs,Bs1_5750,B_{s1}(5750),M2,12.533333333333333,41.0,41.0,0.3779795694397735
Bs,Bs1_5750,B_{s1}(5750),M2,12.666666666666666,41.0,41.0,0.3764236101511898
Bs,Bs1_5750,B_{s1}(5750),M2,12.8,41.0,41.0,0.3749180845687097
Bs,Bs1_5750,B_{s1}(5750),M2,12.933333333333334,41.0,41.0,0.37346072468120506
Bs,Bs1_5750,B_{s1}(5750),M2,13.066666666666666,41.0,41.0,0.37204939102815093
Bs,Bs1_5750,B_{s1}(5750),M2,13.2,41.0,41.0,0.3706820639522472
Bs,Bs1_5750,B_{s1}(5750),M2,13.333333333333334,41.0,41.0,0.36935683554395904
Bs,Bs1_5750,B_{s1}(5750),M2,13.466666666666667,41.0,41.0,0.36807190221580566
Bs,Bs1_5750,B_{s1}(5750),M2,13.6,41.0,41.0,0.36682555785045934
Bs,Bs1_5750,B_{s1}(5750),M2,13.733333333333334,41.0,41.0,0.3656161874722737
Bs,Bs1_5750,B_{s1}(5750),M2,13.866666666666667,41.0,41.0,0.3644422613967885
Bs,Bs1_5750,B_{s1}(5750),M2,14.0,41.0,41.0,0.3633023298171805
Bs,Bs1_5830,B_{s1}(5830),M2,10.0,40.0,40.0,0.04431987812693721
Bs,Bs1_5830,B_{s1}(5830),M2,10.133333333333333,40.0,40.0,0.04426096940839557
Bs,Bs1_5830,B_{s1}(5830),M2,10.266666666666667,40.0,40.0,0.044197053372131985
Bs,Bs1_5830,B_{s1}(5830),M2,10.4,40.0,40.0,0.04412868194036512
Bs,Bs1_5830,B_{s1}(5830),M2,10.533333333333333,40.0,40.0,0.04405635112612363
Bs,Bs1_5830,B_{s1}(5830),M2,10.666666666666666,40.0,40.0,0.0439805070966344
Bs,Bs1_5830,B_{s1}(5830),M2,10.8,40.0,40.0,0.04390155151732988
Bs,Bs1_5830,B_{s1}(5830),M2,10.933333333333334,40.0,40.0,0.043819846269751744
Bs,Bs1_5830,B_{s1}(5830),M2,11.066666666666666,40.0,40.0,0.0437357176234918
Bs,Bs1_5830,B_{s1}(5830),M2,11.2,40.0,40.0,0.04364945993117023
Bs,Bs1_5830,B_{s1}(5830),M2,11.333333333333334,40.0,40.0,0.04356133890597658
Bs,Bs1_5830,B_{s1}(5830),M2,11.466666666666667,40.0,40.0,0.04347159453323402
Bs,Bs1_5830,B_{s1}(5830),M2,11.6,40.0,40.0,0.04338044366055391
Bs,Bs1_5830,B_{s1}(5830),M2,11.733333333333334,40.0,40.0,0.043288082305263965
Bs,Bs1_5830,B_{s1}(5830),M2,11.866666666666667,40.0,40.0,0.043194687712728205
Bs,Bs1_5830,B_{s1}(5830),M2,12.0,40.0,40.0,0.043100420194846015
Bs,Bs1_5830,B_{s1}(5830),M2,12.133333333333333,40.0,40.0,0.04300542477427955
Bs,Bs1_5830,B_{s1}(5830),M2,12.266666666666666,40.0,40.0,0.042909832656733024
Bs,Bs1_5830,B_{s1}(5830),M2,12.4,40.0,40.0,0.0428137625508323
Bs,Bs1_5830,B_{s1}(5830),M2,12.533333333333333,40.0,40.0,0.042717321852733595
Bs,Bs1_5830,B_{s1}(5830),M2,12.666666666666666,40.0,40.0,0.04262060771051364
Bs,Bs1_5830,B_{s1}(5830),M2,12.8,40.0,40.0,0.04252370798156734
Bs,Bs1_5830,B_{s1}(5830),M2,12.933333333333334,40.0,40.0,0.04242670209467156
Bs,Bs1_5830,B_{s1}(5830),M2,13.066666666666666,40.0,40.0,0.042329661826991764
Bs,Bs1_5830,B_{s1}(5830),M2,13.2,40.0,40.0,0.0422326520051114
Bs,Bs1_5830,B_{s1}(5830),M2,13.333333333333334,40.0,40.0,0.04213573113811188
Bs,Bs1_5830,B_{s1}(5830),M2,13.466666666666667,40.0,40.0,0.042038951989817164
Bs,Bs1_5830,B_{s1}(5830),M2,13.6,40.0,40.0,0.04194236209650894
Bs,Bs1_5830,B_{s1}(5830),M2,13.733333333333334,40.0,40.0,0.041846004235710534
Bs,Bs1_5830,B_{s1}(5830),M2,13.866666666666667,40.0,40.0,0.041749916851018753
Bs,Bs1_5830,B_{s1}(5830),M2,14.0,40.0,40.0,0.04165413443741438
Bs,Bs1_5830,B_{s1}(5830),M2,10.0,41.0,41.0,0.042816960386966134
Bs,Bs1_5830,B_{s1}(5830),M2,10.133333333333333,41.0,41.0,0.04273910228894438
Bs,Bs1_5830,B_{s1}(5830),M2,10.266666666666667,41.0,41.0,0.04265649963350586
Bs,Bs1_5830,B_{s1}(5830),M2,10.4,41.0,41.0,0.04256970027805643
Bs,Bs1_5830,B_{s1}(5830),M2,10.533333333333333,41.0,41.0,0.04247919617650197
Bs,Bs1_5830,B_{s1}(5830),M2,10.666666666666666,41.0,41.0,0.0423854294498988
Bs,Bs1_5830,B_{s1}(5830),M2,10.8,41.0,41.0,0.04228879773688327
Bs,Bs1_5830,B_{s1}(5830),M2,10.933333333333334,41.0,41.0,0.0421896589172415
Bs,Bs1_5830,B_{s1}(5830),M2,11.066666666666666,41.0,41.0,0.04208833528883087
Bs,Bs1_5830,B_{s1}(5830),M2,11.2,41.0,41.0,0.04198511726692128
Bs,Bs1_5830,B_{s1}(5830),M2,11.333333333333334,41.0,41.0,0.04188026666554343
Bs,Bs1_5830,B_{s1}(5830),M2,11.466666666666667,41.0,41.0,0.04177401961235719
Bs,Bs1_5830,B_{s1}(5830),M2,11.6,41.0,41.0,0.04166658914165829
Bs,Bs1_5830,B_{s1}(5830),M2,11.733333333333334,41.0,41.0,0.041558167504249705
Bs,Bs1_5830,B_{s1}(5830),M2,11.866666666666667,41.0,41.0,0.04144892822783777
Bs,Bs1_5830,B_{s1}(5830),M2,12.0,41.0,41.0,0.041339027957276446
Bs,Bs1_5830,B_{s1}(5830),M2,12.133333333333333,41.0,41.0,0.04122860810024237
Bs,Bs1_5830,B_{s1}(5830),M2,12.266666666666666,41.0,41.0,0.041117796300697104
Bs,Bs1_5830,B_{s1}(5830),M2,12.4,41.0,41.0,0.041006707759704754
Bs,Bs1_5830,B_{s1}(5830),M2,12.533333333333333,41.0,41.0,0.04089544642076763
Bs,Bs1_5830,B_{s1}(5830),M2,12.666666666666666,41.0,41.0,0.040784106034748864
Bs,Bs1_5830,B_{s1}(5830),M2,12.8,41.0,41.0,0.04067277111763059
Bs,Bs1_5830,B_{s1}(5830),M2,12.933333333333334,41.0,41.0,0.04056151781278353
Bs,Bs1_5830,B_{s1}(5830),M2,13.066666666666666,41.0,41.0,0.04045041466804152
Bs,Bs1_5830,B_{s1}(5830),M2,13.2,41.0,41.0,0.040339523336677924
Bs,Bs1_5830,B_{s1}(5830),M2,13.333333333333334,41.0,41.0,0.040228899210323014
Bs,Bs1_5830,B_{s1}(5830),M2,13.466666666666667,41.0,41.0,0.04011859199094836
Bs,Bs1_5830,B_{s1}(5830),M2,13.6,41.0,41.0,0.040008646208239594
Bs,Bs1_5830,B_{s1}(5830),M2,13.733333333333334,41.0,41.0,0.039899101687959404
Bs,Bs1_5830,B_{s1}(5830),M2,13.866666666666667,41.0,41.0,0.03978999397629418
Bs,Bs1_5830,B_{s1}(5830),M2,14.0,41.0,41.0,0.039681354724623
Bs,Bs1_5830,B_{s1}(5830),M2,10.0,42.0,42.0,0.04108305716150439
Bs,Bs1_5830,B_{s1}(5830),M2,10.133333333333333,42.0,42.0,0.04098123333921601
Bs,Bs1_5830,B_{s1}(5830),M2,10.266666666666667,42.0,42.0,0.04087496910231968
Bs,Bs1_5830,B_{s1}(5830),M2,10.4,42.0,42.0,0.040764808630512746
Bs,Bs1_5830,B_{s1}(5830),M2,10.533333333333333,42.0,42.0,0.04065124013600087
Bs,Bs1_5830,B_{s1}(5830),M2,10.666666666666666,42.0,42.0,0.040534701946819705
Bs,Bs1_5830,B_{s1}(5830),M2,10.8,42.0,42.0,0.04041558786871638
Bs,Bs1_5830,B_{s1}(5830),M2,10.933333333333334,42.0,42.0,0.04029425191905588
Bs,Bs1_5830,B_{s1}(5830),M2,11.066666666666666,42.0,42.0,0.04017101251306315
Bs,Bs1_5830,B_{s1}(5830),M2,11.2,42.0,42.0,0.0400461561715614
Bs,Bs1_5830,B_{s1}(5830),M2,11.333333333333334,42.0,42.0,0.039919940809871636
Bs,Bs1_5830,B_{s1}(5830),M2,11.466666666666667,42.0,42.0,0.03979259865946347
Bs,Bs1_5830,B_{s1}(5830),M2,11.6,42.0,42.0,0.03966433886704383
Bs,Bs1_5830,B_{s1}(5830),M2,11.733333333333334,42.0,42.0,0.03953534980987
Bs,Bs1_5830,B_{s1}(5830),M2,11.866666666666667,42.0,42.0,0.03940580116100728
Bs,Bs1_5830,B_{s1}(5830),M2,12.0,42.0,42.0,0.03927584573390277
Bs,Bs1_5830,B_{s1}(5830),M2,12.133333333333333,42.0,42.0,0.039145621131907594
Bs,Bs1_5830,B_{s1}(5830),M2,12.266666666666666,42.0,42.0,0.039015251225146
Bs,Bs1_5830,B_{s1}(5830),M2,12.4,42.0,42.0,0.038884847474340324
Bs,Bs1_5830,B_{s1}(5830),M2,12.533333333333333,42.0,42.0,0.03875451011878902
Bs,Bs1_5830,B_{s1}(5830),M2,12.666666666666666,42.0,42.0,0.03862432924359961
Bs,Bs1_5830,B_{s1}(5830),M2,12.8,42.0,42.0,0.038494385739456134
Bs,Bs1_5830,B_{s1}(5830),M2,12.933333333333334,42.0,42.0,0.03836475216662476
Bs,Bs1_5830,B_{s1}(5830),M2,13.066666666666666,42.0,42.0,0.0382354935335148
Bs,Bs1_5830,B_{s1}(5830),M2,13.2,42.0,42.0,0.03810666799891355
Bs,Bs1_5830,B_{s1}(5830),M2,13.333333333333334,42.0,42.0,0.03797832750596019
Bs,Bs1_5830,B_{s1}(5830),M2,13.466666666666667,42.0,42.0,0.037850518354999696
Bs,Bs1_5830,B_{s1}(5830),M2,13.6,42.0,42.0,0.03772328172165448
Bs,Bs1_5830,B_{s1}(5830),M2,13.733333333333334,42.0,42.0,0.03759665412573641
Bs,Bs1_5830,B_{s1}(5830),M2,13.866666666666667,42.0,42.0,0.037470667856002525
Bs,Bs1_5830,B_{s1}(5830),M2,14.0,42.0,42.0,0.03734535135520983
