M2,s0_root,s0,theta_deg,GA,GB,GB_hard,GB_soft2p,GB_3p,G_low_combo,G_high_combo,Gamma_low_combo_keV,Gamma_high_combo_keV,fB_effective,hard_qcd_side,f1_tensor_matched,chi_effective,fperp_s_used_GeV,state,m_initial,m_final,quoted_combo,mass_comment,scenario,mb_MSbar,ms_MSbar,f_Bs,f_Bs1_A_working,fT_Bs1_working,G_quoted,Gamma_quoted_keV
8.0,6.05,36.6025,35.3,0.5077609443458806,0.608847785172373,0.21256657888126035,0.39560067522161974,0.0006805310694929023,0.7903170971706595,0.06257545870440712,132.52308479159393,0.8308007228824145,0.22683827574263177,0.008625756399383675,0.06801820716962186,3.15,-0.034836479999999996,Bs1_5830_observed_high_combo,5.8287,5.36692,high,observed narrow B_s1(5830),legacy_chi_condensate,4.18,0.093,0.2303,0.14615715477391222,0.16629436276498455,0.06257545870440712,0.8308007228824145
8.5,6.05,36.6025,35.3,0.4746012403603131,0.5762541098777059,0.20604047317028482,0.3695992975784435,0.0006143391289775584,0.7445545857934543,0.05434708158155832,117.62018759132313,0.6266733658743932,0.22683827574263177,0.010531491208837042,0.06801820716962186,3.15,-0.034836479999999996,Bs1_5830_observed_high_combo,5.8287,5.36692,high,observed narrow B_s1(5830),legacy_chi_condensate,4.18,0.093,0.2303,0.14615715477391222,0.16629436276498455,0.05434708158155832,0.6266733658743932
9.0,6.05,36.6025,35.3,0.44780305060199826,0.5495857671184593,0.20058663249612163,0.34843820787306284,0.0005609267492748626,0.7073040105309729,0.04788657676679969,106.14536218404305,0.4865375525405279,0.22683827574263177,0.012587434021141632,0.06801820716962186,3.15,-0.034836479999999996,Bs1_5830_observed_high_combo,5.8287,5.36692,high,observed narrow B_s1(5830),legacy_chi_condensate,4.18,0.093,0.2303,0.14615715477391222,0.16629436276498455,0.04788657676679969,0.4865375525405279
9.5,6.05,36.6025,35.3,0.42577537895394374,0.5274177934911733,0.1959695670232685,0.3309311411192889,0.0005170853486159032,0.6764830359485945,0.042718898490539,97.09628254746008,0.38719422728496294,0.22683827574263177,0.014775528247188446,0.06801820716962186,3.15,-0.034836479999999996,Bs1_5830_observed_high_combo,5.8287,5.36692,high,observed narrow B_s1(5830),legacy_chi_condensate,4.18,0.093,0.2303,0.14615715477391222,0.16629436276498455,0.042718898490539,0.38719422728496294
10.0,6.05,36.6025,35.3,0.40740210740568444,0.5087378183376943,0.1920166272336588,0.3162406254753657,0.0004805656286697613,0.6506204709950467,0.03851814699298667,89.81403943816028,0.3147890046853958,0.22683827574263177,0.017078136002043304,0.06801820716962186,3.15,-0.034836479999999996,Bs1_5830_observed_high_combo,5.8287,5.36692,high,observed narrow B_s1(5830),legacy_chi_condensate,4.18,0.093,0.2303,0.14615715477391222,0.16629436276498455,0.03851814699298667,0.3147890046853958
10.5,6.05,36.6025,35.3,0.39188059753622734,0.49280922646269115,0.18859864456662653,0.30376083035750967,0.00044975153855489596,0.6286513255888015,0.03505491759438617,83.85103996896478,0.2607274055581572,0.22683827574263177,0.019478449063265676,0.06801820716962186,3.15,-0.034836479999999996,Bs1_5830_observed_high_combo,5.8287,5.36692,high,observed narrow B_s1(5830),legacy_chi_condensate,4.18,0.093,0.2303,0.14615715477391222,0.16629436276498455,0.03505491759438617,0.2607274055581572
11.0,6.05,36.6025,35.3,0.3786209700091635,0.4790847327550973,0.1856172420315324,0.29304403405381385,0.00042345666975104006,0.6097880735062163,0.03216404046882432,78.89448290402461,0.21949770400594487,0.22683827574263177,0.02196074199345691,0.06801820716962186,3.15,-0.034836479999999996,Bs1_5830_observed_high_combo,5.8287,5.36692,high,observed narrow B_s1(5830),legacy_chi_condensate,4.18,0.093,0.2303,0.14615715477391222,0.16629436276498455,0.03216404046882432,0.21949770400594487
11.5,6.05,36.6025,35.3,0.36718131684708777,0.46715015905228036,0.182996299579108,0.2837530662216726,0.00040079325149972364,0.5934373284857569,0.029724193913714614,74.72028226652225,0.18746014723571158,0.22683827574263177,0.024510509213162727,0.06801820716962186,3.15,-0.034836479999999996,Bs1_5830_observed_high_combo,5.8287,5.36692,high,observed narrow B_s1(5830),legacy_chi_condensate,4.18,0.093,0.2303,0.14615715477391222,0.16629436276498455,0.029724193913714614,0.18746014723571158
12.0,6.05,36.6025,35.3,0.35722489601186425,0.4566868912425003,0.18067608117445552,0.2756297244687081,0.0003810855993366722,0.579144468619915,0.027644663687279247,71.16436976684572,0.16214792813140091,0.22683827574263177,0.027114519291306094,0.06801820716962186,3.15,-0.034836479999999996,Bs1_5830_observed_high_combo,5.8287,5.36692,high,observed narrow B_s1(5830),legacy_chi_condensate,4.18,0.093,0.2303,0.14615715477391222,0.16629436276498455,0.027644663687279247,0.16214792813140091
12.5,6.05,36.6025,35.3,0.3484911675281549,0.4474462211474641,0.1786091101683377,0.26847329941106446,0.0003638115680619466,0.5665559588042195,0.025856531238999614,68.10427990521838,0.14184998889339015,0.22683827574263177,0.02976081205147091,0.06801820716962186,3.15,-0.034836479999999996,Bs1_5830_observed_high_combo,5.8287,5.36692,high,observed narrow B_s1(5830),legacy_chi_condensate,4.18,0.093,0.2303,0.14615715477391222,0.16629436276498455,0.025856531238999614,0.14184998889339015
13.0,6.05,36.6025,35.3,0.3407757725882544,0.43923144272258613,0.1767572189609252,0.2621256616600612,0.0003485621015997872,0.5553931695463458,0.02430667975166939,65.44701609202099,0.12535453786688883,0.22683827574263177,0.032438657688443145,0.06801820716962186,3.15,-0.034836479999999996,Bs1_5830_observed_high_combo,5.8287,5.36692,high,observed narrow B_s1(5830),legacy_chi_condensate,4.18,0.093,0.2303,0.14615715477391222,0.16629436276498455,0.02430667975166939,0.12535453786688883
13.5,6.05,36.6025,35.3,0.333916425904799,0.4318851233453615,0.1750894034378148,0.25646070715949354,0.00033501274805320633,0.545433836374534,0.022953635743195283,63.12086393849036,0.11178711625517249,0.22683827574263177,0.035138491979626436,0.06801820716962186,3.15,-0.034836479999999996,Bs1_5830_observed_high_combo,5.8287,5.36692,high,observed narrow B_s1(5830),legacy_chi_condensate,4.18,0.093,0.2303,0.14615715477391222,0.16629436276498455,0.022953635743195283,0.11178711625517249
14.0,6.05,36.6025,35.3,0.3277828005058785,0.42527990005726257,0.17358023906750772,0.2513767577385766,0.00032290325117823835,0.536498703156365,0.02176463212944929,61.06974900496632,0.10050587388765626,0.22683827574263177,0.03785183772138837,0.06801820716962186,3.15,-0.034836479999999996,Bs1_5830_observed_high_combo,5.8287,5.36692,high,observed narrow B_s1(5830),legacy_chi_condensate,4.18,0.093,0.2303,0.14615715477391222,0.16629436276498455,0.02176463212944929,0.10050587388765626
8.0,6.15,37.822500000000005,35.3,0.519256477360483,0.6199073519698161,0.2187308592028023,0.4004959616975208,0.0006805310694929023,0.8059860067628954,0.0655665403193505,137.83000936229578,0.9121228144867319,0.22683827574263177,0.008875897229193224,0.06801820716962186,3.15,-0.034836479999999996,Bs1_5830_observed_high_combo,5.8287,5.36692,high,observed narrow B_s1(5830),legacy_chi_condensate,4.18,0.093,0.2303,0.14615715477391222,0.16629436276498455,0.0655665403193505,0.9121228144867319
8.5,6.15,37.822500000000005,35.3,0.4865989713549622,0.5877961114425275,0.2124735773254346,0.3747081949881154,0.0006143391289775584,0.7609074274658296,0.05746924723708274,122.84356992160093,0.700744663579747,0.22683827574263177,0.01086031097328934,0.06801820716962186,3.15,-0.034836479999999996,Bs1_5830_observed_high_combo,5.8287,5.36692,high,observed narrow B_s1(5830),legacy_chi_condensate,4.18,0.093,0.2303,0.14615715477391222,0.16629436276498455,0.05746924723708274,0.700744663579747
9.0,6.15,37.822500000000005,35.3,0.46026563856870534,0.56157430578042,0.20726855486409443,0.35374482416705066,0.0005609267492748626,0.7242899090592401,0.05113009480507957,111.30473786798214,0.5546793245465879,0.22683827574263177,0.013006745397451188,0.06801820716962186,3.15,-0.034836479999999996,Bs1_5830_observed_high_combo,5.8287,5.36692,high,observed narrow B_s1(5830),legacy_chi_condensate,4.18,0.093,0.2303,0.14615715477391222,0.16629436276498455,0.05113009480507957,0.5546793245465879
9.5,6.15,37.822500000000005,35.3,0.4386691959261045,0.5398205449140278,0.20288229376690137,0.3364211657985104,0.0005170853486159032,0.6940561780499748,0.04607500272810322,102.20638572529215,0.45042192388065555,0.22683827574263177,0.015296727486525006,0.06801820716962186,3.15,-0.034836479999999996,Bs1_5830_observed_high_combo,5.8287,5.36692,high,observed narrow B_s1(5830),legacy_chi_condensate,4.18,0.093,0.2303,0.14615715477391222,0.16629436276498455,0.04607500272810322,0.45042192388065555
10.0,6.15,37.822500000000005,35.3,0.4206968218417415,0.5215256298103214,0.1991439123096663,0.3219011518719853,0.0004805656286697613,0.668739536733593,0.041978928834997764,94.88614050098772,0.3738965753041749,0.22683827574263177,0.017712043313128773,0.06801820716962186,3.15,-0.034836479999999996,Bs1_5830_observed_high_combo,5.8287,5.36692,high,observed narrow B_s1(5830),legacy_chi_condensate,4.18,0.093,0.2303,0.14615715477391222,0.16629436276498455,0.041978928834997764,0.3738965753041749
10.5,6.15,37.822500000000005,35.3,0.4055487993012057,0.5059557555138756,0.19592580824128009,0.3095801957340407,0.00044975153855489596,0.6472789767280589,0.03861322879717888,88.89386418357024,0.3163450322062122,0.22683827574263177,0.020235197791459904,0.06801820716962186,3.15,-0.034836479999999996,Bs1_5830_observed_high_combo,5.8287,5.36692,high,observed narrow B_s1(5830),legacy_chi_condensate,4.18,0.093,0.2303,0.14615715477391222,0.16629436276498455,0.03861322879717888,0.3163450322062122
11.0,6.15,37.822500000000005,35.3,0.39263783714584183,0.4925661261821373,0.19313099194263936,0.2990116775697469,0.00042345666975104006,0.6288904989935835,0.03581340665509802,83.91485516478515,0.2721322736647128,0.22683827574263177,0.022849708564639713,0.06801820716962186,3.15,-0.034836479999999996,Bs1_5830_observed_high_combo,5.8287,5.36692,high,observed narrow B_s1(5830),legacy_chi_condensate,4.18,0.093,0.2303,0.14615715477391222,0.16629436276498455,0.03581340665509802,0.2721322736647128
11.5,6.15,37.822500000000005,35.3,0.38152432173243456,0.4809447699853529,0.19068457301236832,0.2898594037214849,0.00040079325149972364,0.6129838437383357,0.03345873825226947,79.72358838294677,0.23752422018387906,0.22683827574263177,0.025540275920209052,0.06801820716962186,3.15,-0.034836479999999996,Bs1_5830_observed_high_combo,5.8287,5.36692,high,observed narrow B_s1(5830),legacy_chi_condensate,4.18,0.093,0.2303,0.14615715477391222,0.16629436276498455,0.03345873825226947,0.23752422018387906
12.0,6.15,37.822500000000005,35.3,0.37187354736020073,0.47077503079558813,0.18852790662725014,0.28186603856900133,0.0003810855993366722,0.5991071637520571,0.03145903984250448,76.15489213482186,0.20998085943438174,0.22683827574263177,0.02829286271854813,0.06801820716962186,3.15,-0.034836479999999996,Bs1_5830_observed_high_combo,5.8287,5.36692,high,observed narrow B_s1(5830),legacy_chi_condensate,4.18,0.093,0.2303,0.14615715477391222,0.16629436276498455,0.03145903984250448,0.20998085943438174
12.5,6.15,37.822500000000005,35.3,0.3634267843582873,0.46180994088916905,0.1866144860984123,0.2748316432226948,0.0003638115680619466,0.5869093904789641,0.029745864597852445,73.08544548323063,0.18773358580305255,0.22683827574263177,0.031094710911566983,0.06801820716962186,3.15,-0.034836479999999996,Bs1_5830_observed_high_combo,5.8287,5.36692,high,observed narrow B_s1(5830),legacy_chi_condensate,4.18,0.093,0.2303,0.14615715477391222,0.16629436276498455,0.029745864597852445,0.18773358580305255
13.0,6.15,37.822500000000005,35.3,0.35598128633958037,0.45385434427477744,0.18490700765996343,0.26859877451321423,0.0003485621015997872,0.5761140912330025,0.028266515948064175,70.42158208367042,0.16952484101696252,0.22683827574263177,0.03393431488080759,0.06801820716962186,3.15,-0.034836479999999996,Bs1_5830_observed_high_combo,5.8287,5.36692,high,observed narrow B_s1(5830),legacy_chi_condensate,4.18,0.093,0.2303,0.14615715477391222,0.16629436276498455,0.028266515948064175,0.16952484101696252
13.5,6.15,37.822500000000005,35.3,0.3493762071553894,0.44675219168197206,0.18337523811789397,0.2630419408160249,0.00033501274805320633,0.5665009621652872,0.026979895565677592,68.09105852914122,0.1544433846072471,0.22683827574263177,0.03680136665812678,0.06801820716962186,3.15,-0.034836479999999996,Bs1_5830_observed_high_combo,5.8287,5.36692,high,observed narrow B_s1(5830),legacy_chi_condensate,4.18,0.093,0.2303,0.14615715477391222,0.16629436276498455,0.026979895565677592,0.1544433846072471
14.0,6.15,37.822500000000005,35.3,0.34348250709639905,0.44037735741765194,0.18199444243956264,0.25806001172691106,0.00032290325117823835,0.5578925007767275,0.025853571986696466,66.03737920901287,0.14181752159285813,0.22683827574263177,0.03968668402823045,0.06801820716962186,3.15,-0.034836479999999996,Bs1_5830_observed_high_combo,5.8287,5.36692,high,observed narrow B_s1(5830),legacy_chi_condensate,4.18,0.093,0.2303,0.14615715477391222,0.16629436276498455,0.025853571986696466,0.14181752159285813
8.0,6.25,39.0625,35.3,0.5299283250158416,0.6293398597988912,0.22389677522019616,0.40476255350920204,0.0006805310694929023,0.8198510395048374,0.06882558978040937,142.61285865702794,1.005052308212478,0.22683827574263177,0.009085525353144943,0.06801820716962186,3.15,-0.034836479999999996,Bs1_5830_observed_high_combo,5.8287,5.36692,high,observed narrow B_s1(5830),legacy_chi_condensate,4.18,0.093,0.2303,0.14615715477391222,0.16629436276498455,0.06882558978040937,1.005052308212478
8.5,6.25,39.0625,35.3,0.49783816785195895,0.5977294281772946,0.2179136874580225,0.37920140159029453,0.0006143391289775584,0.7755090360349792,0.060901935169977606,127.60347657898103,0.7869569357202431,0.22683827574263177,0.011138375137843576,0.06801820716962186,3.15,-0.034836479999999996,Bs1_5830_observed_high_combo,5.8287,5.36692,high,observed narrow B_s1(5830),legacy_chi_condensate,4.18,0.093,0.2303,0.14615715477391222,0.16629436276498455,0.060901935169977606,0.7869569357202431
9.0,6.25,39.0625,35.3,0.47203448562856765,0.5719751255084619,0.2129646202747131,0.3584495784844739,0.0005609267492748626,0.7395791270106873,0.05472490030285021,116.05345475637378,0.6354168688143057,0.22683827574263177,0.013364191188549236,0.06801820716962186,3.15,-0.034836479999999996,Bs1_5830_observed_high_combo,5.8287,5.36692,high,observed narrow B_s1(5830),legacy_chi_condensate,4.18,0.093,0.2303,0.14615715477391222,0.16629436276498455,0.05472490030285021,0.6354168688143057
9.5,6.25,39.0625,35.3,0.45093312037190414,0.5506583270204715,0.20881759049882415,0.3413236511730314,0.0005170853486159032,0.7099881016660101,0.04982135744860766,106.95249575242947,0.5266473395510555,0.22683827574263177,0.01574423138139026,0.06801820716962186,3.15,-0.034836479999999996,Bs1_5830_observed_high_combo,5.8287,5.36692,high,observed narrow B_s1(5830),legacy_chi_condensate,4.18,0.093,0.2303,0.14615715477391222,0.16629436276498455,0.04982135744860766,0.5266473395510555
10.0,6.25,39.0625,35.3,0.4334241454019373,0.5327723943186874,0.20530311904526302,0.3269887096447547,0.0004805656286697613,0.6852730249729049,0.04586714739278125,99.6359475351471,0.44636716891394634,0.22683827574263177,0.018259848843361435,0.06801820716962186,3.15,-0.034836479999999996,Bs1_5830_observed_high_combo,5.8287,5.36692,high,observed narrow B_s1(5830),legacy_chi_condensate,4.18,0.093,0.2303,0.14615715477391222,0.16629436276498455,0.04586714739278125,0.44636716891394634
10.5,6.25,39.0625,35.3,0.4187104988495144,0.5175858703149654,0.20229488966228307,0.31484122911412743,0.00044975153855489596,0.6643763390280111,0.04263443603762945,93.65200861103317,0.38566464458009125,0.22683827574263177,0.020892995880750897,0.06801820716962186,3.15,-0.034836479999999996,Bs1_5830_observed_high_combo,5.8287,5.36692,high,observed narrow B_s1(5830),legacy_chi_condensate,4.18,0.093,0.2303,0.14615715477391222,0.16629436276498455,0.04263443603762945,0.38566464458009125
11.0,6.25,39.0625,35.3,0.4062073096367963,0.5045560986600987,0.19969708453067547,0.3044355574596721,0.00042345666975104006,0.6465171893746345,0.03995946621998625,88.68474763589707,0.3387880932403417,0.22683827574263177,0.023626555928886805,0.06801820716962186,3.15,-0.034836479999999996,Bs1_5830_observed_high_combo,5.8287,5.36692,high,observed narrow B_s1(5830),legacy_chi_condensate,4.18,0.093,0.2303,0.14615715477391222,0.16629436276498455,0.03995946621998625,0.3387880932403417
11.5,6.25,39.0625,35.3,0.39547716151870227,0.49327304976651243,0.19743587696435266,0.29543637955066004,0.00040079325149972364,0.6311081711410615,0.0377221848231325,84.50772070873815,0.3019134488333296,0.22683827574263177,0.02644454501251624,0.06801820716962186,3.15,-0.034836479999999996,Bs1_5830_observed_high_combo,5.8287,5.36692,high,observed narrow B_s1(5830),legacy_chi_condensate,4.18,0.093,0.2303,0.14615715477391222,0.16629436276498455,0.0377221848231325,0.3019134488333296
12.0,6.25,39.0625,35.3,0.38618733962147705,0.48342182686769986,0.19545358565792142,0.28758715561044174,0.0003810855993366722,0.6177000234126058,0.03583301622923746,80.95506347395548,0.2724303664440849,0.22683827574263177,0.029332216995339253,0.06801820716962186,3.15,-0.034836479999999996,Bs1_5830_observed_high_combo,5.8287,5.36692,high,observed narrow B_s1(5830),legacy_chi_condensate,4.18,0.093,0.2303,0.14615715477391222,0.16629436276498455,0.03583301622923746,0.2724303664440849
12.5,6.25,39.0625,35.3,0.378080916019867,0.4747570542736588,0.19370457577306743,0.2806886669325294,0.0003638115680619466,0.6059440181044397,0.03422406411386636,77.90292906311522,0.2485146202902418,0.22683827574263177,0.032276099845404756,0.06801820716962186,3.15,-0.034836479999999996,Bs1_5830_observed_high_combo,5.8287,5.36692,high,observed narrow B_s1(5830),legacy_chi_condensate,4.18,0.093,0.2303,0.14615715477391222,0.16629436276498455,0.03422406411386636,0.2485146202902418
13.0,6.25,39.0625,35.3,0.37095677449271347,0.4670850162369003,0.19215233224578163,0.2745841218895189,0.0003485621015997872,0.5955658399714634,0.032843130090606465,75.25724950836519,0.22886419972991504,0.22683827574263177,0.03526398393456756,0.06801820716962186,3.15,-0.034836479999999996,Bs1_5830_observed_high_combo,5.8287,5.36692,high,observed narrow B_s1(5830),legacy_chi_condensate,4.18,0.093,0.2303,0.14615715477391222,0.16629436276498455,0.032843130090606465,0.22886419972991504
13.5,6.25,39.0625,35.3,0.3646555442304302,0.4602509667980775,0.19076733557855283,0.2691486184714714,0.00033501274805320633,0.5863471013819175,0.03164956678344394,72.94547340511743,0.21253199635560785,0.22683827574263177,0.038284878236977016,0.06801820716962186,3.15,-0.034836479999999996,Bs1_5830_observed_high_combo,5.8287,5.36692,high,observed narrow B_s1(5830),legacy_chi_condensate,4.18,0.093,0.2303,0.14615715477391222,0.16629436276498455,0.03164956678344394,0.21253199635560785
14.0,6.25,39.0625,35.3,0.35904952164806087,0.45412996047759646,0.18952549701166146,0.26428156021475674,0.00032290325117823835,0.5781120351429664,0.030611351194323677,70.91086829194613,0.198817121556822,0.22683827574263177,0.04132894617204015,0.06801820716962186,3.15,-0.034836479999999996,Bs1_5830_observed_high_combo,5.8287,5.36692,high,observed narrow B_s1(5830),legacy_chi_condensate,4.18,0.093,0.2303,0.14615715477391222,0.16629436276498455,0.030611351194323677,0.198817121556822
8.0,6.05,36.6025,35.3,0.8245261080892299,0.8085047871763441,0.21256657888126035,0.5952576772255909,0.0006805310694929023,1.136309846636994,0.20572609519370405,273.95694977055985,8.979818277141609,0.22683827574263177,0.008625756399383675,0.06801820716962186,4.980468750000001,-0.055080000000000004,Bs1_5830_observed_high_combo,5.8287,5.36692,high,observed narrow B_s1(5830),lattice_fperp_s,4.18,0.093,0.2303,0.14615715477391222,0.16629436276498455,0.20572609519370405,8.979818277141609
8.5,6.05,36.6025,35.3,0.7738058840645595,0.7648427205749909,0.20604047317028482,0.5581879082757285,0.0006143391289775584,1.071366524659951,0.1895618718718161,243.5369860807211,7.624138186197967,0.22683827574263177,0.010531491208837042,0.06801820716962186,4.980468750000001,-0.055080000000000004,Bs1_5830_observed_high_combo,5.8287,5.36692,high,observed narrow B_s1(5830),lattice_fperp_s,4.18,0.093,0.2303,0.14615715477391222,0.16629436276498455,0.1895618718718161,7.624138186197967
9.0,6.05,36.6025,35.3,0.7325281256515271,0.7290479093816904,0.20058663249612163,0.5279003501362939,0.0005609267492748626,1.0183003662988452,0.17655784615810954,220.00906837315395,6.613979225033044,0.22683827574263177,0.012587434021141632,0.06801820716962186,4.980468750000001,-0.055080000000000004,Bs1_5830_observed_high_combo,5.8287,5.36692,high,observed narrow B_s1(5830),lattice_fperp_s,4.18,0.093,0.2303,0.14615715477391222,0.16629436276498455,0.17655784615810954,6.613979225033044
9.5,6.05,36.6025,35.3,0.698383261581857,0.6992424724582033,0.1959695670232685,0.5027558200863188,0.0005170853486159032,0.974244158800627,0.16591423805699307,201.38374053461035,5.8405815997392745,0.22683827574263177,0.014775528247188446,0.06801820716962186,4.980468750000001,-0.055080000000000004,Bs1_5830_observed_high_combo,5.8287,5.36692,high,observed narrow B_s1(5830),lattice_fperp_s,4.18,0.093,0.2303,0.14615715477391222,0.16629436276498455,0.16591423805699307,5.8405815997392745
10.0,6.05,36.6025,35.3,0.6697390237389517,0.6740887098659818,0.1920166272336588,0.48159151700365327,0.0004805656286697613,0.9371629363849854,0.15707189231004903,186.3455349241367,5.234626914600669,0.22683827574263177,0.017078136002043304,0.06801820716962186,4.980468750000001,-0.055080000000000004,Bs1_5830_observed_high_combo,5.8287,5.36692,high,observed narrow B_s1(5830),lattice_fperp_s,4.18,0.093,0.2303,0.14615715477391222,0.16629436276498455,0.15707189231004903,5.234626914600669
10.5,6.05,36.6025,35.3,0.6454135767313683,0.65261099865583,0.18859864456662653,0.46356260255064863,0.00044975153855489596,0.9055775238976256,0.14963003978875067,173.99631552387498,4.7503582668997435,0.22683827574263177,0.019478449063265676,0.06801820716962186,4.980468750000001,-0.055080000000000004,Bs1_5830_observed_high_combo,5.8287,5.36692,high,observed narrow B_s1(5830),lattice_fperp_s,4.18,0.093,0.2303,0.14615715477391222,0.16629436276498455,0.14963003978875067,4.7503582668997435
11.0,6.05,36.6025,35.3,0.6245328939300342,0.6340829557505089,0.1856172420315324,0.44804225704922535,0.00042345666975104006,0.8783900298528905,0.14329510050578614,163.7056156445832,4.356637896148629,0.22683827574263177,0.02196074199345691,0.06801820716962186,4.980468750000001,-0.055080000000000004,Bs1_5830_observed_high_combo,5.8287,5.36692,high,observed narrow B_s1(5830),lattice_fperp_s,4.18,0.093,0.2303,0.14615715477391222,0.16629436276498455,0.14329510050578614,4.356637896148629
11.5,6.05,36.6025,35.3,0.6064383874178235,0.6179538296765842,0.182996299579108,0.4345567368459764,0.00040079325149972364,0.8547703952212806,0.1378478320436809,155.01999771865098,4.031704213939658,0.22683827574263177,0.024510509213162727,0.06801820716962186,4.980468750000001,-0.055080000000000004,Bs1_5830_observed_high_combo,5.8287,5.36692,high,observed narrow B_s1(5830),lattice_fperp_s,4.18,0.093,0.2303,0.14615715477391222,0.16629436276498455,0.1378478320436809,4.031704213939658
12.0,6.05,36.6025,35.3,0.5906254902126457,0.6037992263028984,0.18067608117445552,0.4227420595291062,0.0003810855993366722,0.8340806881217355,0.13312167770607053,147.60630671076962,3.7599870283958037,0.22683827574263177,0.027114519291306094,0.06801820716962186,4.980468750000001,-0.055080000000000004,Bs1_5830_observed_high_combo,5.8287,5.36692,high,observed narrow B_s1(5830),lattice_fperp_s,4.18,0.093,0.2303,0.14615715477391222,0.16629436276498455,0.13312167770607053,3.7599870283958037
12.5,6.05,36.6025,35.3,0.576701851692318,0.5912873572340348,0.1786091101683377,0.41231443549763513,0.0003638115680619466,0.8158234007743435,0.12898815185567403,141.21508723225094,3.530111496018124,0.22683827574263177,0.02976081205147091,0.06801820716962186,4.980468750000001,-0.055080000000000004,Bs1_5830_observed_high_combo,5.8287,5.36692,high,observed narrow B_s1(5830),lattice_fperp_s,4.18,0.093,0.2303,0.14615715477391222,0.16629436276498455,0.12898815185567403,3.530111496018124
13.0,6.05,36.6025,35.3,0.5643582802309365,0.5801554403268055,0.1767572189609252,0.40304965926428055,0.0003485621015997872,0.7996053980556228,0.12534676224904595,135.65637781411394,3.3336117864300308,0.22683827574263177,0.032438657688443145,0.06801820716962186,4.980468750000001,-0.055080000000000004,Bs1_5830_observed_high_combo,5.8287,5.36692,high,observed narrow B_s1(5830),lattice_fperp_s,4.18,0.093,0.2303,0.14615715477391222,0.16629436276498455,0.12534676224904595,3.3336117864300308
13.5,6.05,36.6025,35.3,0.5533481614112423,0.5701928903296175,0.1750894034378148,0.3947684741437495,0.00033501274805320633,0.7851123054045361,0.12211792588322151,130.78331779717053,3.1640812039324384,0.22683827574263177,0.035138491979626436,0.06801820716962186,4.980468750000001,-0.055080000000000004,Bs1_5830_observed_high_combo,5.8287,5.36692,high,observed narrow B_s1(5830),lattice_fperp_s,4.18,0.093,0.2303,0.14615715477391222,0.16629436276498455,0.12211792588322151,3.1640812039324384
14.0,6.05,36.6025,35.3,0.5434726286284933,0.5612291437708314,0.17358023906750772,0.38732600145214546,0.00032290325117823835,0.7720900029765984,0.11923790164918702,126.48081067417291,3.0165979491163344,0.22683827574263177,0.03785183772138837,0.06801820716962186,4.980468750000001,-0.055080000000000004,Bs1_5830_observed_high_combo,5.8287,5.36692,high,observed narrow B_s1(5830),lattice_fperp_s,4.18,0.093,0.2303,0.14615715477391222,0.16629436276498455,0.11923790164918702,3.0165979491163344
8.0,6.15,37.822500000000005,35.3,0.8405348220473642,0.8224090107726553,0.2187308592028023,0.60299762050036,0.0006805310694929023,1.1569083635921058,0.21075674680751705,283.979312510997,9.42435755397037,0.22683827574263177,0.008875897229193224,0.06801820716962186,4.980468750000001,-0.055080000000000004,Bs1_5830_observed_high_combo,5.8287,5.36692,high,observed narrow B_s1(5830),lattice_fperp_s,4.18,0.093,0.2303,0.14615715477391222,0.16629436276498455,0.21075674680751705,9.42435755397037
8.5,6.15,37.822500000000005,35.3,0.7905137333628669,0.7793535085065936,0.2124735773254346,0.5662655920521814,0.0006143391289775584,1.0928640822566908,0.1948126062914704,253.40844716682938,8.052354666919973,0.22683827574263177,0.01086031097328934,0.06801820716962186,4.980468750000001,-0.055080000000000004,Bs1_5830_observed_high_combo,5.8287,5.36692,high,observed narrow B_s1(5830),lattice_fperp_s,4.18,0.093,0.2303,0.14615715477391222,0.16629436276498455,0.1948126062914704,8.052354666919973
9.0,6.15,37.822500000000005,35.3,0.7498831176992956,0.7441201290894877,0.20726855486409443,0.5362906474761183,0.0005609267492748626,1.0406300858442437,0.18201231046930166,229.76376410689787,7.028947626138582,0.22683827574263177,0.013006745397451188,0.06801820716962186,4.980468750000001,-0.055080000000000004,Bs1_5830_observed_high_combo,5.8287,5.36692,high,observed narrow B_s1(5830),lattice_fperp_s,4.18,0.093,0.2303,0.14615715477391222,0.16629436276498455,0.18201231046930166,7.028947626138582
9.5,6.15,37.822500000000005,35.3,0.716338574930943,0.714835483757897,0.20288229376690137,0.5114361046423797,0.0005170853486159032,0.9973458161818158,0.17155770375622403,211.04755363045552,6.244666239563827,0.22683827574263177,0.015296727486525006,0.06801820716962186,4.980468750000001,-0.055080000000000004,Bs1_5830_observed_high_combo,5.8287,5.36692,high,observed narrow B_s1(5830),lattice_fperp_s,4.18,0.093,0.2303,0.14615715477391222,0.16629436276498455,0.17155770375622403,6.244666239563827
10.0,6.15,37.822500000000005,35.3,0.6882524276203253,0.6901658599664064,0.1991439123096663,0.4905413820280704,0.0004805656286697613,0.960982214509446,0.1628910733740857,195.93836600960088,5.629675368165568,0.22683827574263177,0.017712043313128773,0.06801820716962186,4.980468750000001,-0.055080000000000004,Bs1_5830_observed_high_combo,5.8287,5.36692,high,observed narrow B_s1(5830),lattice_fperp_s,4.18,0.093,0.2303,0.14615715477391222,0.16629436276498455,0.1628910733740857,5.629675368165568
10.5,6.15,37.822500000000005,35.3,0.6644469086169442,0.6691391678551327,0.19592580824128009,0.47276360807529777,0.00044975153855489596,0.9300653400238832,0.15561292881612282,183.5336503126059,5.1378347935891036,0.22683827574263177,0.020235197791459904,0.06801820716962186,4.980468750000001,-0.055080000000000004,Bs1_5830_observed_high_combo,5.8287,5.36692,high,observed narrow B_s1(5830),lattice_fperp_s,4.18,0.093,0.2303,0.14615715477391222,0.16629436276498455,0.15561292881612282,5.1378347935891036
11.0,6.15,37.822500000000005,35.3,0.6440515953570018,0.6510321539289949,0.19313099194263936,0.45747770531660453,0.00042345666975104006,0.9035019380457097,0.1494308230552605,173.19962963121966,4.737717477996287,0.22683827574263177,0.022849708564639713,0.06801820716962186,4.980468750000001,-0.055080000000000004,Bs1_5830_observed_high_combo,5.8287,5.36692,high,observed narrow B_s1(5830),lattice_fperp_s,4.18,0.093,0.2303,0.14615715477391222,0.16629436276498455,0.1494308230552605,4.737717477996287
11.5,6.15,37.822500000000005,35.3,0.6264110947066146,0.6352968406002469,0.19068457301236832,0.44421147433637886,0.00040079325149972364,0.8804660595476606,0.14412651814572636,164.48034970540309,4.407340171262372,0.22683827574263177,0.025540275920209052,0.06801820716962186,4.980468750000001,-0.055080000000000004,Bs1_5830_observed_high_combo,5.8287,5.36692,high,observed narrow B_s1(5830),lattice_fperp_s,4.18,0.093,0.2303,0.14615715477391222,0.16629436276498455,0.14412651814572636,4.407340171262372
12.0,6.15,37.822500000000005,35.3,0.6110236751365721,0.6215112954038502,0.18852790662725014,0.4326023031772634,0.0003810855993366722,0.8603234201949952,0.1395343490183008,157.0407184149959,4.130960508351547,0.22683827574263177,0.02829286271854813,0.06801820716962186,4.980468750000001,-0.055080000000000004,Bs1_5830_observed_high_combo,5.8287,5.36692,high,observed narrow B_s1(5830),lattice_fperp_s,4.18,0.093,0.2303,0.14615715477391222,0.16629436276498455,0.1395343490183008,4.130960508351547
12.5,6.15,37.822500000000005,35.3,0.5974995066818809,0.6093459181341352,0.1866144860984123,0.42236762046766085,0.0003638115680619466,0.8425797546526839,0.13552662277665767,150.62977298924386,3.897068273664864,0.22683827574263177,0.031094710911566983,0.06801820716962186,4.980468750000001,-0.055080000000000004,Bs1_5830_observed_high_combo,5.8287,5.36692,high,observed narrow B_s1(5830),lattice_fperp_s,4.18,0.093,0.2303,0.14615715477391222,0.16629436276498455,0.13552662277665767,3.897068273664864
13.0,6.15,37.822500000000005,35.3,0.5855316427931546,0.5985398754640507,0.18490700765996343,0.4132843057024875,0.0003485621015997872,0.8268448156339332,0.13200355333042696,145.05636741980106,3.6970900246248513,0.22683827574263177,0.03393431488080759,0.06801820716962186,4.980468750000001,-0.055080000000000004,Bs1_5830_observed_high_combo,5.8287,5.36692,high,observed narrow B_s1(5830),lattice_fperp_s,4.18,0.093,0.2303,0.14615715477391222,0.16629436276498455,0.13200355333042696,3.6970900246248513
13.5,6.15,37.822500000000005,35.3,0.5748754728196309,0.5888843213788405,0.18337523811789397,0.4051740705128933,0.00033501274805320633,0.8128068059260138,0.12888618799453683,140.1727019937277,3.5245326652930955,0.22683827574263177,0.03680136665812678,0.06801820716962186,4.980468750000001,-0.055080000000000004,Bs1_5830_observed_high_combo,5.8287,5.36692,high,observed narrow B_s1(5830),lattice_fperp_s,4.18,0.093,0.2303,0.14615715477391222,0.16629436276498455,0.12888618799453683,3.5245326652930955
14.0,6.15,37.822500000000005,35.3,0.5653339224293693,0.5802102479800968,0.18199444243956264,0.397892902289356,0.00032290325117823835,0.8002139109247326,0.12611134950132652,135.86292985170354,3.374404395644854,0.22683827574263177,0.03968668402823045,0.06801820716962186,4.980468750000001,-0.055080000000000004,Bs1_5830_observed_high_combo,5.8287,5.36692,high,observed narrow B_s1(5830),lattice_fperp_s,4.18,0.093,0.2303,0.14615715477391222,0.16629436276498455,0.12611134950132652,3.374404395644854
8.0,6.25,39.0625,35.3,0.8551402292508935,0.8343208401827743,0.22389677522019616,0.6097435338930852,0.0006805310694929023,1.1750699012501113,0.21579342719975192,292.96530178500205,9.880187967694,0.22683827574263177,0.009085525353144943,0.06801820716962186,4.980468750000001,-0.055080000000000004,Bs1_5830_observed_high_combo,5.8287,5.36692,high,observed narrow B_s1(5830),lattice_fperp_s,4.18,0.093,0.2303,0.14615715477391222,0.16629436276498455,0.21579342719975192,9.880187967694
8.5,6.25,39.0625,35.3,0.8058954155983666,0.7918978329469423,0.2179136874580225,0.5733698063599422,0.0006143391289775584,1.1119903993302487,0.2001173418419342,262.35591333484155,8.496855509696974,0.22683827574263177,0.011138375137843576,0.06801820716962186,4.980468750000001,-0.055080000000000004,Bs1_5830_observed_high_combo,5.8287,5.36692,high,observed narrow B_s1(5830),lattice_fperp_s,4.18,0.093,0.2303,0.14615715477391222,0.16629436276498455,0.2001173418419342,8.496855509696974
9.0,6.25,39.0625,35.3,0.7659894856854461,0.7572548871522824,0.2129646202747131,0.5437293401282944,0.0005609267492748626,1.0606570431778224,0.18756730273144412,238.69248310024412,7.464539979165484,0.22683827574263177,0.013364191188549236,0.06801820716962186,4.980468750000001,-0.055080000000000004,Bs1_5830_observed_high_combo,5.8287,5.36692,high,observed narrow B_s1(5830),lattice_fperp_s,4.18,0.093,0.2303,0.14615715477391222,0.16629436276498455,0.18756730273144412,7.464539979165484
9.5,6.25,39.0625,35.3,0.7331223173030593,0.7285221059517669,0.20881759049882415,0.5191874301043268,0.0005170853486159032,1.0182145965308744,0.1773466278215451,219.97200792876947,6.673207848743711,0.22683827574263177,0.01574423138139026,0.06801820716962186,4.980468750000001,-0.055080000000000004,Bs1_5830_observed_high_combo,5.8287,5.36692,high,observed narrow B_s1(5830),lattice_fperp_s,4.18,0.093,0.2303,0.14615715477391222,0.16629436276498455,0.1773466278215451,6.673207848743711
10.0,6.25,39.0625,35.3,0.7056701955298389,0.7043690103531453,0.20530311904526302,0.4985853256792125,0.0004805656286697613,0.9826389294238798,0.16889896975908902,204.86921974050514,6.052611281895379,0.22683827574263177,0.018259848843361435,0.06801820716962186,4.980468750000001,-0.055080000000000004,Bs1_5830_observed_high_combo,5.8287,5.36692,high,observed narrow B_s1(5830),lattice_fperp_s,4.18,0.093,0.2303,0.14615715477391222,0.16629436276498455,0.16889896975908902,6.052611281895379
10.5,6.25,39.0625,35.3,0.682458987343506,0.6838264754165257,0.20229488966228307,0.48108183421568784,0.00044975153855489596,0.9524606208449444,0.16182609068433645,192.47877232216658,5.556302317515723,0.22683827574263177,0.020892995880750897,0.06801820716962186,4.980468750000001,-0.055080000000000004,Bs1_5830_observed_high_combo,5.8287,5.36692,high,observed narrow B_s1(5830),lattice_fperp_s,4.18,0.093,0.2303,0.14615715477391222,0.16629436276498455,0.16182609068433645,5.556302317515723
11.0,6.25,39.0625,35.3,0.6626215824204384,0.6661739494679917,0.19969708453067547,0.46605340826756514,0.00042345666975104006,0.9265905351757028,0.15583668554596802,182.16481683874474,5.152620861134361,0.22683827574263177,0.023626555928886805,0.06801820716962186,4.980468750000001,-0.055080000000000004,Bs1_5830_observed_high_combo,5.8287,5.36692,high,observed narrow B_s1(5830),lattice_fperp_s,4.18,0.093,0.2303,0.14615715477391222,0.16629436276498455,0.15583668554596802,5.152620861134361
11.5,6.25,39.0625,35.3,0.6455055949776531,0.6508659076749972,0.19743587696435266,0.45302923745914475,0.00040079325149972364,0.9042064629952561,0.15071355346703408,173.46984717118917,4.819404748404489,0.22683827574263177,0.02644454501251624,0.06801820716962186,4.980468750000001,-0.055080000000000004,Bs1_5830_observed_high_combo,5.8287,5.36692,high,observed narrow B_s1(5830),lattice_fperp_s,4.18,0.093,0.2303,0.14615715477391222,0.16629436276498455,0.15071355346703408,4.819404748404489
12.0,6.25,39.0625,35.3,0.6306120180363569,0.6374826393995965,0.19545358565792142,0.4416479681423384,0.0003810855993366722,0.8846775076877039,0.14629196908660125,166.0575987517971,4.540772599651512,0.22683827574263177,0.029332216995339253,0.06801820716962186,4.980468750000001,-0.055080000000000004,Bs1_5830_observed_high_combo,5.8287,5.36692,high,observed narrow B_s1(5830),lattice_fperp_s,4.18,0.093,0.2303,0.14615715477391222,0.16629436276498455,0.14629196908660125,4.540772599651512
12.5,6.25,39.0625,35.3,0.6175534873457962,0.6256965549690571,0.19370457577306743,0.43162816762792766,0.0003638115680619466,0.8675124696212957,0.1424450900686342,159.67621672619248,4.305105021361652,0.22683827574263177,0.032276099845404756,0.06801820716962186,4.980468750000001,-0.055080000000000004,Bs1_5830_observed_high_combo,5.8287,5.36692,high,observed narrow B_s1(5830),lattice_fperp_s,4.18,0.093,0.2303,0.14615715477391222,0.16629436276498455,0.1424450900686342,4.305105021361652
13.0,6.25,39.0625,35.3,0.6060252872078549,0.6152486399119577,0.19215233224578163,0.4227477455645762,0.0003485621015997872,0.8523238750601039,0.13907389996474911,154.13387252200715,4.1037419989689905,0.22683827574263177,0.03526398393456756,0.06801820716962186,4.980468750000001,-0.055080000000000004,Bs1_5830_observed_high_combo,5.8287,5.36692,high,observed narrow B_s1(5830),lattice_fperp_s,4.18,0.093,0.2303,0.14615715477391222,0.16629436276498455,0.13907389996474911,4.1037419989689905
13.5,6.25,39.0625,35.3,0.5957848259026279,0.6059316941503803,0.19076733557855283,0.4148293458237742,0.00033501274805320633,0.8388024367569129,0.13610014269808712,149.28224200001233,3.930121195152088,0.22683827574263177,0.038284878236977016,0.06801820716962186,4.980468750000001,-0.055080000000000004,Bs1_5830_observed_high_combo,5.8287,5.36692,high,observed narrow B_s1(5830),lattice_fperp_s,4.18,0.093,0.2303,0.14615715477391222,0.16629436276498455,0.13610014269808712,3.930121195152088
14.0,6.25,39.0625,35.3,0.5866368574859567,0.5975782002729337,0.18952549701166146,0.40772980001009407,0.00032290325117823835,0.8266986130978314,0.13346127192769913,145.0050742788611,3.779194997251527,0.22683827574263177,0.04132894617204015,0.06801820716962186,4.980468750000001,-0.055080000000000004,Bs1_5830_observed_high_combo,5.8287,5.36692,high,observed narrow B_s1(5830),lattice_fperp_s,4.18,0.093,0.2303,0.14615715477391222,0.16629436276498455,0.13346127192769913,3.779194997251527
8.0,5.95,35.4025,35.3,0.46239308839163984,0.5668067608794088,0.1952571974925308,0.37089702451571493,0.0006525388711631383,0.7297896754546076,0.04984277250339075,51.90551730105506,0.2421154354155475,0.22471315655866592,0.008331439573418798,0.06857951372041764,3.15,-0.034836479999999996,Bs1_lower_model_5720_low_combo,5.72,5.36692,low,model lower 1+ partner diagnostic,legacy_chi_condensate,4.18,0.093,0.2303,0.14753936745002144,0.1678670136320244,0.7297896754546076,51.90551730105506
8.5,5.95,35.4025,35.3,0.43304382535157315,0.5378653428988619,0.1896870489046551,0.3475864994213659,0.0005917945728409314,0.6892098009127219,0.04261375473577095,46.2936030183886,0.17697735398826192,0.22471315655866592,0.010148022729249749,0.06857951372041764,3.15,-0.034836479999999996,Bs1_lower_model_5720_low_combo,5.72,5.36692,low,model lower 1+ partner diagnostic,legacy_chi_condensate,4.18,0.093,0.2303,0.14753936745002144,0.1678670136320244,0.6892098009127219,46.2936030183886
9.0,5.95,35.4025,35.3,0.4092281633516896,0.5141026304502422,0.18501514135663047,0.3285449255432996,0.0005425635503120893,0.6560540961747643,0.03690836230949002,41.946661030792896,0.13276012238543178,0.22471315655866592,0.012102281462014678,0.06857951372041764,3.15,-0.034836479999999996,Bs1_lower_model_5720_low_combo,5.72,5.36692,low,model lower 1+ partner diagnostic,legacy_chi_condensate,4.18,0.093,0.2303,0.14753936745002144,0.1678670136320244,0.6560540961747643,41.946661030792896
9.5,5.95,35.4025,35.3,0.3895799596151952,0.4942881783753041,0.1810469537056988,0.31273922802404275,0.0005019966455625673,0.6285289126749918,0.032322656867068034,38.50069898363374,0.10181979009021418,0.22471315655866592,0.014176735714504694,0.06857951372041764,3.15,-0.034836479999999996,Bs1_lower_model_5720_low_combo,5.72,5.36692,low,model lower 1+ partner diagnostic,legacy_chi_condensate,4.18,0.093,0.2303,0.14753936745002144,0.1678670136320244,0.6285289126749918,38.50069898363374
10.0,5.95,35.4025,35.3,0.37313655231517556,0.47754428064558946,0.17763927948066016,0.29943691479430484,0.0004680863706244628,0.605361640054154,0.02857816302553673,35.71477256310853,0.0795951695910946,0.22471315655866592,0.01635447337955891,0.06857951372041764,3.15,-0.034836479999999996,Bs1_lower_model_5720_low_combo,5.72,5.36692,low,model lower 1+ partner diagnostic,legacy_chi_condensate,4.18,0.093,0.2303,0.14753936745002144,0.1678670136320244,0.605361640054154,35.71477256310853
10.5,5.95,35.4025,35.3,0.3592028626569854,0.4632299819951386,0.1746845737269674,0.2881060244924373,0.0004393837757338952,0.5856275140451086,0.02547798173984217,33.42420135611672,0.06326276036900445,0.22471315655866592,0.018619508947456034,0.06857951372041764,3.15,-0.034836479999999996,Bs1_lower_model_5720_low_combo,5.72,5.36692,low,model lower 1+ partner diagnostic,legacy_chi_condensate,4.18,0.093,0.2303,0.14753936745002144,0.1678670136320244,0.5856275140451086,33.42420135611672
11.0,5.95,35.4025,35.3,0.34726618242600454,0.4508674983244571,0.17210064591833713,0.2783520317262279,0.0004148206798920847,0.5686403247334131,0.022879763747991833,31.51326503296223,0.05101773400004135,0.22471315655866592,0.020956994236787423,0.06857951372041764,3.15,-0.034836479999999996,Bs1_lower_model_5720_low_combo,5.72,5.36692,low,model lower 1+ partner diagnostic,legacy_chi_condensate,4.18,0.093,0.2303,0.14753936745002144,0.1678670136320244,0.5686403247334131,31.51326503296223
11.5,5.95,35.4025,35.3,0.3369411241939211,0.4400941598667536,0.16982369881026974,0.2698768663309865,0.0003935947254973725,0.5538813846258119,0.02067855137286989,29.898653638566607,0.04167334064524084,0.22471315655866592,0.023353322297001065,0.06857951372041764,3.15,-0.034836479999999996,Bs1_lower_model_5720_low_combo,5.72,5.36692,low,model lower 1+ partner diagnostic,legacy_chi_condensate,4.18,0.093,0.2303,0.14753936745002144,0.1678670136320244,0.5538813846258119,29.898653638566607
12.0,5.95,35.4025,35.3,0.3279331061162273,0.43063020520511014,0.1678035201014226,0.26245159200970314,0.00037509309398435926,0.5409521435488506,0.01879558756559288,28.51909801525441,0.03442943588858392,0.22471315655866592,0.025796156576433155,0.06857951372041764,3.15,-0.034836479999999996,Bs1_lower_model_5720_low_combo,5.72,5.36692,low,model lower 1+ partner diagnostic,legacy_chi_condensate,4.18,0.093,0.2303,0.14753936745002144,0.1678670136320244,0.5409521435488506,28.51909801525441
12.5,5.95,35.4025,35.3,0.3200135548326901,0.4222566977313894,0.16600009371774585,0.25589776332396996,0.0003588406896736309,0.5295418362478417,0.017170839203052374,27.32867952513303,0.02873433404461653,0.22471315655866592,0.02827440963970143,0.06857951372041764,3.15,-0.034836479999999996,Bs1_lower_model_5720_low_combo,5.72,5.36692,low,model lower 1+ partner diagnostic,legacy_chi_condensate,4.18,0.093,0.2303,0.14753936745002144,0.1678670136320244,0.5295418362478417,27.32867952513303
13.0,5.95,35.4025,35.3,0.3130027076571462,0.414800069236218,0.1643811680828082,0.25007443695064563,0.00034446420276415654,0.5194049299438939,0.015757892912913823,26.292399864021036,0.024199945241202062,0.22471315655866592,0.030778189357029025,0.06857951372041764,3.15,-0.034836479999999996,Bs1_lower_model_5720_low_combo,5.72,5.36692,low,model lower 1+ partner diagnostic,legacy_chi_condensate,4.18,0.093,0.2303,0.14753936745002144,0.1678670136320244,0.5194049299438939,26.292399864021036
13.5,5.95,35.4025,35.3,0.30675745683000166,0.40812110029244936,0.1629204824294566,0.24486895115036955,0.0003316667126232206,0.5103451065192535,0.014520402080579253,25.38317847637239,0.020548275441148022,0.22471315655866592,0.033298725510205046,0.06857951372041764,3.15,-0.034836479999999996,Bs1_lower_model_5720_low_combo,5.72,5.36692,low,model lower 1+ partner diagnostic,legacy_chi_condensate,4.18,0.093,0.2303,0.14753936745002144,0.1678670136320244,0.5103451065192535,25.38317847637239
14.0,5.95,35.4025,35.3,0.30116260885671703,0.40210693153307886,0.16159645379174628,0.24019026830956702,0.00032020943176556564,0.5022036917630163,0.013429569610729192,24.579774575153703,0.017576900046157914,0.22471315655866592,0.0358282859706817,0.06857951372041764,3.15,-0.034836479999999996,Bs1_lower_model_5720_low_combo,5.72,5.36692,low,model lower 1+ partner diagnostic,legacy_chi_condensate,4.18,0.093,0.2303,0.14753936745002144,0.1678670136320244,0.5022036917630163,24.579774575153703
8.0,6.05,36.6025,35.3,0.47388485344876624,0.5790311731504576,0.20215486242862984,0.3762237718506647,0.0006525388711631383,0.746407081881532,0.052157664108448465,54.296220059470194,0.2651272456734289,0.22471315655866592,0.008625756399383675,0.06857951372041764,3.15,-0.034836479999999996,Bs1_lower_model_5720_low_combo,5.72,5.36692,low,model lower 1+ partner diagnostic,legacy_chi_condensate,4.18,0.093,0.2303,0.14753936745002144,0.1678670136320244,0.746407081881532,54.296220059470194
8.5,6.05,36.6025,35.3,0.4449864373270449,0.5505685964279451,0.1968548495867734,0.35312195226833076,0.0005917945728409314,0.7064785330192052,0.04501989738643747,48.642516358348516,0.19752728538181888,0.22471315655866592,0.010531491208837042,0.06857951372041764,3.15,-0.034836479999999996,Bs1_lower_model_5720_low_combo,5.72,5.36692,low,model lower 1+ partner diagnostic,legacy_chi_condensate,4.18,0.093,0.2303,0.14753936745002144,0.1678670136320244,0.7064785330192052,48.642516358348516
9.0,6.05,36.6025,35.3,0.4215864230103515,0.5272473158671266,0.19243197177725282,0.33427278053956166,0.0005425635503120893,0.673923282621131,0.03939864587662589,44.26281341035571,0.15127971046621283,0.22471315655866592,0.012587434021141632,0.06857951372041764,3.15,-0.034836479999999996,Bs1_lower_model_5720_low_combo,5.72,5.36692,low,model lower 1+ partner diagnostic,legacy_chi_condensate,4.18,0.093,0.2303,0.14753936745002144,0.1678670136320244,0.673923282621131,44.26281341035571
9.5,6.05,36.6025,35.3,0.4023224172019374,0.5078408747711428,0.1886939583566493,0.31864491976893095,0.0005019966455625673,0.646953103920462,0.03489072655032022,40.790938302943566,0.11864190732472764,0.22471315655866592,0.014775528247188446,0.06857951372041764,3.15,-0.034836479999999996,Bs1_lower_model_5720_low_combo,5.72,5.36692,low,model lower 1+ partner diagnostic,legacy_chi_condensate,4.18,0.093,0.2303,0.14753936745002144,0.1678670136320244,0.646953103920462,40.790938302943566
10.0,6.05,36.6025,35.3,0.3862350356733172,0.491475052919914,0.18549956968149817,0.3055073968677914,0.0004680863706244628,0.6243001254424394,0.03121832469488678,37.984370909775905,0.0949811186689308,0.22471315655866592,0.017078136002043304,0.06857951372041764,3.15,-0.034836479999999996,Bs1_lower_model_5720_low_combo,5.72,5.36692,low,model lower 1+ partner diagnostic,legacy_chi_condensate,4.18,0.093,0.2303,0.14753936745002144,0.1678670136320244,0.6243001254424394,37.984370909775905
10.5,6.05,36.6025,35.3,0.37263206693375317,0.47751194398422653,0.18274298108940754,0.29432957911908514,0.0004393837757338952,0.605043728165233,0.028185119528427727,35.67727045302308,0.0774208358200059,0.22471315655866592,0.019478449063265676,0.06857951372041764,3.15,-0.034836479999999996,Bs1_lower_model_5720_low_combo,5.72,5.36692,low,model lower 1+ partner diagnostic,legacy_chi_condensate,4.18,0.093,0.2303,0.14753936745002144,0.1678670136320244,0.605043728165233,35.67727045302308
11.0,6.05,36.6025,35.3,0.36100331513552625,0.46547643499517555,0.18034350915101707,0.28471810516426643,0.0004148206798920847,0.588501333974852,0.02564926869284173,33.75304799296422,0.06411624325092082,0.22471315655866592,0.02196074199345691,0.06857951372041764,3.15,-0.034836479999999996,Bs1_lower_model_5720_low_combo,5.72,5.36692,low,model lower 1+ partner diagnostic,legacy_chi_condensate,4.18,0.093,0.2303,0.14753936745002144,0.1678670136320244,0.588501333974852,33.75304799296422
11.5,6.05,36.6025,35.3,0.35096559886909784,0.45500820131588204,0.17823867976322214,0.27637592682716255,0.0003935947254973725,0.5741574440914835,0.023506259774658422,32.127733862552944,0.05384993165312048,0.22471315655866592,0.024510509213162727,0.06857951372041764,3.15,-0.034836479999999996,Bs1_lower_model_5720_low_combo,5.72,5.36692,low,model lower 1+ partner diagnostic,legacy_chi_condensate,4.18,0.093,0.2303,0.14753936745002144,0.1678670136320244,0.5741574440914835,32.127733862552944
12.0,6.05,36.6025,35.3,0.3422262780286176,0.44582954548718096,0.17637944511066428,0.2690750072825323,0.00037509309398435926,0.561616314863667,0.02167772777717858,30.73955135631241,0.045797904818908455,0.22471315655866592,0.027114519291306094,0.06857951372041764,3.15,-0.034836479999999996,Bs1_lower_model_5720_low_combo,5.72,5.36692,low,model lower 1+ partner diagnostic,legacy_chi_condensate,4.18,0.093,0.2303,0.14753936745002144,0.1678670136320244,0.561616314863667,30.73955135631241
12.5,6.05,36.6025,35.3,0.334558492850302,0.4377233521795336,0.17472681667324672,0.2626376948166133,0.0003588406896736309,0.5505696576654153,0.02010398566804622,29.542186839208032,0.03938967755373679,0.22471315655866592,0.02976081205147091,0.06857951372041764,3.15,-0.034836479999999996,Bs1_lower_model_5720_low_combo,5.72,5.36692,low,model lower 1+ partner diagnostic,legacy_chi_condensate,4.18,0.093,0.2303,0.14753936745002144,0.1678670136320244,0.5505696576654153,29.542186839208032
13.0,6.05,36.6025,35.3,0.32778399701484706,0.43051766469902825,0.17324945207171116,0.2569237484245529,0.00034446420276415654,0.5407741311803329,0.018738926412424778,28.500331412933132,0.034222166913709384,0.22471315655866592,0.032438657688443145,0.06857951372041764,3.15,-0.034836479999999996,Bs1_lower_model_5720_low_combo,5.72,5.36692,low,model lower 1+ partner diagnostic,legacy_chi_condensate,4.18,0.093,0.2303,0.14753936745002144,0.1678670136320244,0.5407741311803329,28.500331412933132
13.5,6.05,36.6025,35.3,0.3217610282921154,0.4240746934656226,0.17192189723326978,0.25182112951972957,0.0003316667126232206,0.5320353617670915,0.01754647528483344,27.586658012828007,0.030005292980881143,0.22471315655866592,0.035138491979626436,0.06857951372041764,3.15,-0.034836479999999996,Bs1_lower_model_5720_low_combo,5.72,5.36692,low,model lower 1+ partner diagnostic,legacy_chi_condensate,4.18,0.093,0.2303,0.14753936745002144,0.1678670136320244,0.5320353617670915,27.586658012828007
14.0,6.05,36.6025,35.3,0.31637559040362756,0.418282851262495,0.17072328691030128,0.24723935492042814,0.00032020943176556564,0.5241964052847999,0.016498077161300057,26.779728550986697,0.026526793379518427,0.22471315655866592,0.03785183772138837,0.06857951372041764,3.15,-0.034836479999999996,Bs1_lower_model_5720_low_combo,5.72,5.36692,low,model lower 1+ partner diagnostic,legacy_chi_condensate,4.18,0.093,0.2303,0.14753936745002144,0.1678670136320244,0.5241964052847999,26.779728550986697
8.0,6.15,37.822500000000005,35.3,0.48461344342521295,0.5895490316784731,0.20801721034301632,0.38087928246429364,0.0006525388711631383,0.7611906991101649,0.05483584493418309,56.468342451547834,0.2930536757056657,0.22471315655866592,0.008875897229193224,0.06857951372041764,3.15,-0.034836479999999996,Bs1_lower_model_5720_low_combo,5.72,5.36692,low,model lower 1+ partner diagnostic,legacy_chi_condensate,4.18,0.093,0.2303,0.14753936745002144,0.1678670136320244,0.7611906991101649,56.468342451547834
8.5,6.15,37.822500000000005,35.3,0.4562355178546558,0.56159603655664,0.20300115536520869,0.35800308661859037,0.0005917945728409314,0.7219788083807755,0.04782840450306053,50.80038390044474,0.22294096717003106,0.22471315655866592,0.01086031097328934,0.06857951372041764,3.15,-0.034836479999999996,Bs1_lower_model_5720_low_combo,5.72,5.36692,low,model lower 1+ partner diagnostic,legacy_chi_condensate,4.18,0.093,0.2303,0.14753936745002144,0.1678670136320244,0.7219788083807755,50.80038390044474
9.0,6.15,37.822500000000005,35.3,0.43331938882037146,0.5387484717753775,0.19884224688148439,0.339363661343581,0.0005425635503120893,0.6900897920371782,0.0423283296865023,46.411894914623254,0.17461452063587293,0.22471315655866592,0.013006745397451188,0.06857951372041764,3.15,-0.034836479999999996,Bs1_lower_model_5720_low_combo,5.72,5.36692,low,model lower 1+ partner diagnostic,legacy_chi_condensate,4.18,0.093,0.2303,0.14753936745002144,0.1678670136320244,0.6900897920371782,46.411894914623254
9.5,6.15,37.822500000000005,35.3,0.4145060047638669,0.5197831589535337,0.19535004170728035,0.32393112060069074,0.0005019966455625673,0.6637400299181359,0.03793327037429489,42.935261747916904,0.14023572586279115,0.22471315655866592,0.015296727486525006,0.06857951372041764,3.15,-0.034836479999999996,Bs1_lower_model_5720_low_combo,5.72,5.36692,low,model lower 1+ partner diagnostic,legacy_chi_condensate,4.18,0.093,0.2303,0.14753936745002144,0.1678670136320244,0.6637400299181359,42.935261747916904
10.0,6.15,37.822500000000005,35.3,0.39883900705966013,0.5038288451904859,0.19238495421118226,0.31097580460867913,0.0004680863706244628,0.6416658206576046,0.034366166473976,40.126927451377796,0.11510131166964267,0.22471315655866592,0.017712043313128773,0.06857951372041764,3.15,-0.034836479999999996,Bs1_lower_model_5720_low_combo,5.72,5.36692,low,model lower 1+ partner diagnostic,legacy_chi_condensate,4.18,0.093,0.2303,0.14753936745002144,0.1678670136320244,0.6416658206576046,40.126927451377796
10.5,6.15,37.822500000000005,35.3,0.3856289091019358,0.4902502959236715,0.18984264893650696,0.29996826321143066,0.0004393837757338952,0.622950300358478,0.03143137718393185,37.820293327108686,0.09628195816580819,0.22471315655866592,0.020235197791459904,0.06857951372041764,3.15,-0.034836479999999996,Bs1_lower_model_5720_low_combo,5.72,5.36692,low,model lower 1+ partner diagnostic,legacy_chi_condensate,4.18,0.093,0.2303,0.14753936745002144,0.1678670136320244,0.622950300358478,37.820293327108686
11.0,6.15,37.822500000000005,35.3,0.3743679618534104,0.4785747968298203,0.18764377937926438,0.29051619677066387,0.0004148206798920847,0.6069142624396984,0.028987671004365057,35.89820891704312,0.08189261532928283,0.22471315655866592,0.022849708564639713,0.06857951372041764,3.15,-0.034836479999999996,Bs1_lower_model_5720_low_combo,5.72,5.36692,low,model lower 1+ partner diagnostic,legacy_chi_condensate,4.18,0.093,0.2303,0.14753936745002144,0.1678670136320244,0.6069142624396984,35.89820891704312
11.5,6.15,37.822500000000005,35.3,0.36467517794679505,0.4684441737711353,0.18572707001785993,0.282323509027778,0.0003935947254973725,0.5930452310686332,0.026931083479868723,34.276283759255385,0.07068475319311786,0.22471315655866592,0.025540275920209052,0.06857951372041764,3.15,-0.034836479999999996,Bs1_lower_model_5720_low_combo,5.72,5.36692,low,model lower 1+ partner diagnostic,legacy_chi_condensate,4.18,0.093,0.2303,0.14753936745002144,0.1678670136320244,0.5930452310686332,34.276283759255385
12.0,6.15,37.822500000000005,35.3,0.3562598839867913,0.4595826566951661,0.18404454725073388,0.2751630163504479,0.00037509309398435926,0.580950172101581,0.025183740953488576,32.89242272759956,0.06180997679899367,0.22471315655866592,0.02829286271854813,0.06857951372041764,3.15,-0.034836479999999996,Bs1_lower_model_5720_low_combo,5.72,5.36692,low,model lower 1+ partner diagnostic,legacy_chi_condensate,4.18,0.093,0.2303,0.14753936745002144,0.1678670136320244,0.580950172101581,32.89242272759956
12.5,6.15,37.822500000000005,35.3,0.34889698381384987,0.4517748584195534,0.18255818569589205,0.2688578320339877,0.0003588406896736309,0.5703232264305815,0.02368639711355458,31.700069246634357,0.05467843881081242,0.22471315655866592,0.031094710911566983,0.06857951372041764,3.15,-0.034836479999999996,Bs1_lower_model_5720_low_combo,5.72,5.36692,low,model lower 1+ partner diagnostic,legacy_chi_condensate,4.18,0.093,0.2303,0.14753936745002144,0.1678670136320244,0.5703232264305815,31.700069246634357
13.0,6.15,37.822500000000005,35.3,0.34240981397424686,0.4448503731253572,0.18123750729745408,0.2632684016251389,0.00034446420276415654,0.5609232331375453,0.022393340576402965,30.663727792582392,0.048871521977254376,0.22471315655866592,0.03393431488080759,0.06857951372041764,3.15,-0.034836479999999996,Bs1_lower_model_5720_low_combo,5.72,5.36692,low,model lower 1+ partner diagnostic,legacy_chi_condensate,4.18,0.093,0.2303,0.14753936745002144,0.1678670136320244,0.5609232331375453,30.663727792582392
13.5,6.15,37.822500000000005,35.3,0.3366580346280042,0.43867280474215425,0.18005783459093158,0.2582833034385994,0.0003316667126232206,0.5525577778157249,0.021268852232471935,29.75592713529568,0.044086558856625706,0.22471315655866592,0.03680136665812678,0.06857951372041764,3.15,-0.034836479999999996,Bs1_lower_model_5720_low_combo,5.72,5.36692,low,model lower 1+ partner diagnostic,legacy_chi_condensate,4.18,0.093,0.2303,0.14753936745002144,0.1678670136320244,0.5525577778157249,29.75592713529568
14.0,6.15,37.822500000000005,35.3,0.33152892954794483,0.4331318200068657,0.17899900115131165,0.2538126094237884,0.00032020943176556564,0.545071679410419,0.02028469704904351,28.955117335558676,0.04010099471613226,0.22471315655866592,0.03968668402823045,0.06857951372041764,3.15,-0.034836479999999996,Bs1_lower_model_5720_low_combo,5.72,5.36692,low,model lower 1+ partner diagnostic,legacy_chi_condensate,4.18,0.093,0.2303,0.14753936745002144,0.1678670136320244,0.545071679410419,28.955117335558676
8.0,5.95,35.4025,35.3,0.7532053742657329,0.7535889907639863,0.1952571974925308,0.5576792544002924,0.0006525388711631383,1.0502777710791453,0.17925207502421997,107.504449926409,3.131457178308297,0.22471315655866592,0.008331439573418798,0.06857951372041764,4.980468750000001,-0.055080000000000004,Bs1_lower_model_5720_low_combo,5.72,5.36692,low,model lower 1+ partner diagnostic,lattice_fperp_s,4.18,0.093,0.2303,0.14753936745002144,0.1678670136320244,1.0502777710791453,107.504449926409
8.5,5.95,35.4025,35.3,0.7085700922727587,0.7148297045406992,0.1896870489046551,0.5245508610632031,0.0005917945728409314,0.9928520226114967,0.16522089260571465,96.06985682394554,2.660406632761405,0.22471315655866592,0.010148022729249749,0.06857951372041764,4.980468750000001,-0.055080000000000004,Bs1_lower_model_5720_low_combo,5.72,5.36692,low,model lower 1+ partner diagnostic,lattice_fperp_s,4.18,0.093,0.2303,0.14753936745002144,0.1678670136320244,0.9928520226114967,96.06985682394554
9.0,5.95,35.4025,35.3,0.6721017289635358,0.6829404449019614,0.18501514135663047,0.4973827399950188,0.0005425635503120893,0.9457524773134746,0.1538851422785476,87.17120889092513,2.307870705299243,0.22471315655866592,0.012102281462014678,0.06857951372041764,4.980468750000001,-0.055080000000000004,Bs1_lower_model_5720_low_combo,5.72,5.36692,low,model lower 1+ partner diagnostic,lattice_fperp_s,4.18,0.093,0.2303,0.14753936745002144,0.1678670136320244,0.9457524773134746,87.17120889092513
9.5,5.95,35.4025,35.3,0.6418286181277015,0.6563018525250885,0.1810469537056988,0.47475290217382715,0.0005019966455625673,0.9065181728175922,0.14457143226458052,80.08867767645853,2.0369626269008982,0.22471315655866592,0.014176735714504694,0.06857951372041764,4.980468750000001,-0.055080000000000004,Bs1_lower_model_5720_low_combo,5.72,5.36692,low,model lower 1+ partner diagnostic,lattice_fperp_s,4.18,0.093,0.2303,0.14753936745002144,0.1678670136320244,0.9065181728175922,80.08867767645853
10.0,5.95,35.4025,35.3,0.6163511619561677,0.6337555871683119,0.17763927948066016,0.45564822131702737,0.0004680863706244628,0.8733949758453873,0.13680685392115904,74.34289557372894,1.8240376787823627,0.22471315655866592,0.01635447337955891,0.06857951372041764,4.980468750000001,-0.055080000000000004,Bs1_lower_model_5720_low_combo,5.72,5.36692,low,model lower 1+ partner diagnostic,lattice_fperp_s,4.18,0.093,0.2303,0.14753936745002144,0.1678670136320244,0.8733949758453873,74.34289557372894
10.5,5.95,35.4025,35.3,0.5946519529704279,0.6144536690579341,0.1746845737269674,0.4393297115552327,0.0004393837757338952,0.8451029015593581,0.13025107433819955,69.6044937859381,1.6534106168325553,0.22471315655866592,0.018619508947456034,0.06857951372041764,4.980468750000001,-0.055080000000000004,Bs1_lower_model_5720_low_combo,5.72,5.36692,low,model lower 1+ partner diagnostic,lattice_fperp_s,4.18,0.093,0.2303,0.14753936745002144,0.1678670136320244,0.8451029015593581,69.6044937859381
11.0,5.95,35.4025,35.3,0.5759758411814236,0.5977625991627108,0.17210064591833713,0.42524713256448166,0.0004148206798920847,0.8206885584080963,0.1246538594687267,65.640949004312,1.5143614745027507,0.22471315655866592,0.020956994236787423,0.06857951372041764,4.980468750000001,-0.055080000000000004,Bs1_lower_model_5720_low_combo,5.72,5.36692,low,model lower 1+ partner diagnostic,lattice_fperp_s,4.18,0.093,0.2303,0.14753936745002144,0.1678670136320244,0.8206885584080963,65.640949004312
11.5,5.95,35.4025,35.3,0.5597519268101244,0.5832005572802557,0.16982369881026974,0.4129832637444885,0.0003935947254973725,0.7994288160227025,0.1198277000204363,62.284171385667406,1.399369940636232,0.22471315655866592,0.023353322297001065,0.06857951372041764,4.980468750000001,-0.055080000000000004,Bs1_lower_model_5720_low_combo,5.72,5.36692,low,model lower 1+ partner diagnostic,lattice_fperp_s,4.18,0.093,0.2303,0.14753936745002144,0.1678670136320244,0.7994288160227025,62.284171385667406
12.0,5.95,35.4025,35.3,0.545541489569062,0.5703952050940626,0.1678035201014226,0.4022165918986557,0.00037509309398435926,0.780766277243764,0.1156296984102379,59.41008693039599,1.303037395259941,0.22471315655866592,0.025796156576433155,0.06857951372041764,4.980468750000001,-0.055080000000000004,Bs1_lower_model_5720_low_combo,5.72,5.36692,low,model lower 1+ partner diagnostic,lattice_fperp_s,4.18,0.093,0.2303,0.14753936745002144,0.1678670136320244,0.780766277243764,59.41008693039599
12.5,5.95,35.4025,35.3,0.5330024191051658,0.5590546837237022,0.16600009371774585,0.39269574931628265,0.0003588406896736309,0.764265053992061,0.11194929839833517,56.92540086398958,1.2214082412044664,0.22471315655866592,0.02827440963970143,0.06857951372041764,4.980468750000001,-0.055080000000000004,Bs1_lower_model_5720_low_combo,5.72,5.36692,low,model lower 1+ partner diagnostic,lattice_fperp_s,4.18,0.093,0.2303,0.14753936745002144,0.1678670136320244,0.764265053992061,56.92540086398958
13.0,5.95,35.4025,35.3,0.5218644097206392,0.548947271207587,0.1643811680828082,0.3842216389220147,0.00034446420276415654,0.7495798310559091,0.10869979564618382,54.75879449523656,1.1515307745778391,0.22471315655866592,0.030778189357029025,0.06857951372041764,4.980468750000001,-0.055080000000000004,Bs1_lower_model_5720_low_combo,5.72,5.36692,low,model lower 1+ partner diagnostic,lattice_fperp_s,4.18,0.093,0.2303,0.14753936745002144,0.1678670136320244,0.7495798310559091,54.75879449523656
13.5,5.95,35.4025,35.3,0.5119113366486994,0.5398868509272048,0.1629204824294566,0.37663470178512504,0.0003316667126232206,0.736433822322498,0.10581235151449692,52.85493537016871,1.091166001327502,0.22471315655866592,0.033298725510205046,0.06857951372041764,4.980468750000001,-0.055080000000000004,Bs1_lower_model_5720_low_combo,5.72,5.36692,low,model lower 1+ partner diagnostic,lattice_fperp_s,4.18,0.093,0.2303,0.14753936745002144,0.1678670136320244,0.736433822322498,52.85493537016871
14.0,5.95,35.4025,35.3,0.5029685218732611,0.5317223579371844,0.16159645379174628,0.36980569471367253,0.00032020943176556564,0.7246027989879598,0.10323169873864652,51.170317100038375,1.0385902509711538,0.22471315655866592,0.0358282859706817,0.06857951372041764,4.980468750000001,-0.055080000000000004,Bs1_lower_model_5720_low_combo,5.72,5.36692,low,model lower 1+ partner diagnostic,lattice_fperp_s,4.18,0.093,0.2303,0.14753936745002144,0.1678670136320244,0.7246027989879598,51.170317100038375
8.0,6.05,36.6025,35.3,0.7695165180533963,0.7689087822527403,0.20215486242862984,0.5661013809529473,0.0006525388711631383,1.0722063475854244,0.1837115542907925,112.04044927395854,3.289205719474015,0.22471315655866592,0.008625756399383675,0.06857951372041764,4.980468750000001,-0.055080000000000004,Bs1_lower_model_5720_low_combo,5.72,5.36692,low,model lower 1+ partner diagnostic,lattice_fperp_s,4.18,0.093,0.2303,0.14753936745002144,0.1678670136320244,1.0722063475854244,112.04044927395854
8.5,6.05,36.6025,35.3,0.7255209094505906,0.7307496163089785,0.1968548495867734,0.5333029721493641,0.0005917945728409314,1.01564001998209,0.1698556492923069,100.53046801694535,2.8117589442916184,0.22471315655866592,0.010531491208837042,0.06857951372041764,4.980468750000001,-0.055080000000000004,Bs1_lower_model_5720_low_combo,5.72,5.36692,low,model lower 1+ partner diagnostic,lattice_fperp_s,4.18,0.093,0.2303,0.14753936745002144,0.1678670136320244,1.01564001998209,100.53046801694535
9.0,6.05,36.6025,35.3,0.6896422698164766,0.6994135936760486,0.19243197177725282,0.5064390583484837,0.0005425635503120893,0.9693327685226723,0.1586815024022592,91.5722494231649,2.453978204747704,0.22471315655866592,0.012587434021141632,0.06857951372041764,4.980468750000001,-0.055080000000000004,Bs1_lower_model_5720_low_combo,5.72,5.36692,low,model lower 1+ partner diagnostic,lattice_fperp_s,4.18,0.093,0.2303,0.14753936745002144,0.1678670136320244,0.9693327685226723,91.5722494231649
9.5,6.05,36.6025,35.3,0.6599142548432301,0.6732863534244672,0.1886939583566493,0.48409039842225526,0.0005019966455625673,0.9308307855182238,0.14951717688760285,84.44220598744673,2.1787142318013646,0.22471315655866592,0.014775528247188446,0.06857951372041764,4.980468750000001,-0.055080000000000004,Bs1_lower_model_5720_low_combo,5.72,5.36692,low,model lower 1+ partner diagnostic,lattice_fperp_s,4.18,0.093,0.2303,0.14753936745002144,0.1678670136320244,0.9308307855182238,84.44220598744673
10.0,6.05,36.6025,35.3,0.6349419186190919,0.6512139238023039,0.18549956968149817,0.46524626775018135,0.0004680863706244628,0.8983861911133908,0.14189103632879857,78.65824085299829,1.9621310711012594,0.22471315655866592,0.017078136002043304,0.06857951372041764,4.980468750000001,-0.055080000000000004,Bs1_lower_model_5720_low_combo,5.72,5.36692,low,model lower 1+ partner diagnostic,lattice_fperp_s,4.18,0.093,0.2303,0.14753936745002144,0.1678670136320244,0.8983861911133908,78.65824085299829
10.5,6.05,36.6025,35.3,0.6137119230616748,0.6323521460495608,0.18274298108940754,0.44916978118441936,0.0004393837757338952,0.870724470475158,0.13546386100100533,73.88896673630971,1.7884013671068988,0.22471315655866592,0.019478449063265676,0.06857951372041764,4.980468750000001,-0.055080000000000004,Bs1_lower_model_5720_low_combo,5.72,5.36692,low,model lower 1+ partner diagnostic,lattice_fperp_s,4.18,0.093,0.2303,0.14753936745002144,0.1678670136320244,0.870724470475158,73.88896673630971
11.0,6.05,36.6025,35.3,0.5954726837091714,0.6160708686869324,0.18034350915101707,0.4353125388560232,0.0004148206798920847,0.8468970244821961,0.12998639240965543,69.90034314209211,1.6466976854687132,0.22471315655866592,0.02196074199345691,0.06857951372041764,4.980468750000001,-0.055080000000000004,Bs1_lower_model_5720_low_combo,5.72,5.36692,low,model lower 1+ partner diagnostic,lattice_fperp_s,4.18,0.093,0.2303,0.14753936745002144,0.1678670136320244,0.8468970244821961,69.90034314209211
11.5,6.05,36.6025,35.3,0.5796564314462193,0.6018912105206888,0.17823867976322214,0.42325893603196935,0.0003935947254973725,0.826184930478918,0.1252719779861855,66.52312341546144,1.5294171762914717,0.22471315655866592,0.024510509213162727,0.06857951372041764,4.980468750000001,-0.055080000000000004,Bs1_lower_model_5720_low_combo,5.72,5.36692,low,model lower 1+ partner diagnostic,lattice_fperp_s,4.18,0.093,0.2303,0.14753936745002144,0.1678670136320244,0.826184930478918,66.52312341546144
12.0,6.05,36.6025,35.3,0.5658272015217785,0.5894434198761926,0.17637944511066428,0.41268888167154405,0.00037509309398435926,0.8080344946693057,0.12117847433363976,63.63234023310728,1.4310969440984866,0.22471315655866592,0.027114519291306094,0.06857951372041764,4.980468750000001,-0.055080000000000004,Bs1_lower_model_5720_low_combo,5.72,5.36692,low,model lower 1+ partner diagnostic,lattice_fperp_s,4.18,0.093,0.2303,0.14753936745002144,0.1678670136320244,0.8080344946693057,63.63234023310728
12.5,6.05,36.6025,35.3,0.5536453153022092,0.5784379203859493,0.17472681667324672,0.40335226302302896,0.0003588406896736309,0.7920130970063597,0.11759599086235561,61.13400107944395,1.3477307125923579,0.22471315655866592,0.02976081205147091,0.06857951372041764,4.980468750000001,-0.055080000000000004,Bs1_lower_model_5720_low_combo,5.72,5.36692,low,model lower 1+ partner diagnostic,lattice_fperp_s,4.18,0.093,0.2303,0.14753936745002144,0.1678670136320244,0.7920130970063597,61.13400107944395
13.0,6.05,36.6025,35.3,0.5428426188795838,0.5686450097218272,0.17324945207171116,0.39505109344735184,0.00034446420276415654,0.7777783140053582,0.11443841232979612,58.95623668357227,1.276326368206456,0.22471315655866592,0.032438657688443145,0.06857951372041764,4.980468750000001,-0.055080000000000004,Bs1_lower_model_5720_low_combo,5.72,5.36692,low,model lower 1+ partner diagnostic,lattice_fperp_s,4.18,0.093,0.2303,0.14753936745002144,0.1678670136320244,0.7777783140053582,58.95623668357227
13.5,6.05,36.6025,35.3,0.5332048968144932,0.559880363227216,0.17192189723326978,0.387626799281323,0.0003316667126232206,0.76505592536034,0.11163742287166795,57.04327610484127,1.2146123659635621,0.22471315655866592,0.035138491979626436,0.06857951372041764,4.980468750000001,-0.055080000000000004,Bs1_lower_model_5720_low_combo,5.72,5.36692,low,model lower 1+ partner diagnostic,lattice_fperp_s,4.18,0.093,0.2303,0.14753936745002144,0.1678670136320244,0.76505592536034,57.04327610484127
14.0,6.05,36.6025,35.3,0.5245591699295626,0.5519945102879417,0.17072328691030128,0.3809510139458748,0.00032020943176556564,0.7536239851479596,0.10913822041303622,55.35126080330558,1.160838570368127,0.22471315655866592,0.03785183772138837,0.06857951372041764,4.980468750000001,-0.055080000000000004,Bs1_lower_model_5720_low_combo,5.72,5.36692,low,model lower 1+ partner diagnostic,lattice_fperp_s,4.18,0.093,0.2303,0.14753936745002144,0.1678670136320244,0.7536239851479596,55.35126080330558
8.0,6.15,37.822500000000005,35.3,0.7844571848227293,0.78213196354061,0.20801721034301632,0.5734622143264305,0.0006525388711631383,1.091631861100932,0.18826407793630584,116.13697217600445,3.454244039610177,0.22471315655866592,0.008875897229193224,0.06857951372041764,4.980468750000001,-0.055080000000000004,Bs1_lower_model_5720_low_combo,5.72,5.36692,low,model lower 1+ partner diagnostic,lattice_fperp_s,4.18,0.093,0.2303,0.14753936745002144,0.1678670136320244,1.091631861100932,116.13697217600445
8.5,6.15,37.822500000000005,35.3,0.7411862000195881,0.7446134894194835,0.20300115536520869,0.5410205394814338,0.0005917945728409314,1.0360071555651529,0.1746293370048032,104.60287079330953,2.972025313122136,0.22471315655866592,0.01086031097328934,0.06857951372041764,4.980468750000001,-0.055080000000000004,Bs1_lower_model_5720_low_combo,5.72,5.36692,low,model lower 1+ partner diagnostic,lattice_fperp_s,4.18,0.093,0.2303,0.14753936745002144,0.1678670136320244,1.0360071555651529,104.60287079330953
9.0,6.15,37.822500000000005,35.3,0.7059812139325468,0.7138730664800873,0.19884224688148439,0.5144882560482908,0.0005425635503120893,0.9905752712426372,0.16366081227322338,95.62975822568819,2.6104026299802117,0.22471315655866592,0.013006745397451188,0.06857951372041764,4.980468750000001,-0.055080000000000004,Bs1_lower_model_5720_low_combo,5.72,5.36692,low,model lower 1+ partner diagnostic,lattice_fperp_s,4.18,0.093,0.2303,0.14753936745002144,0.1678670136320244,0.9905752712426372,95.62975822568819
9.5,6.15,37.822500000000005,35.3,0.6768805366558848,0.6883004552032899,0.19535004170728035,0.4924484168504469,0.0005019966455625673,0.952888453664092,0.15468798405264095,88.49163570478989,2.3320145348411705,0.22471315655866592,0.015296727486525006,0.06857951372041764,4.980468750000001,-0.055080000000000004,Bs1_lower_model_5720_low_combo,5.72,5.36692,low,model lower 1+ partner diagnostic,lattice_fperp_s,4.18,0.093,0.2303,0.14753936745002144,0.1678670136320244,0.952888453664092,88.49163570478989
10.0,6.15,37.822500000000005,35.3,0.6524934360967286,0.6667454143211149,0.19238495421118226,0.4738923737393082,0.0004680863706244628,0.9212043025497187,0.14724049929091176,82.70466542878933,2.112869415671047,0.22471315655866592,0.017712043313128773,0.06857951372041764,4.980468750000001,-0.055080000000000004,Bs1_lower_model_5720_low_combo,5.72,5.36692,low,model lower 1+ partner diagnostic,lattice_fperp_s,4.18,0.093,0.2303,0.14753936745002144,0.1678670136320244,0.9212043025497187,82.70466542878933
10.5,6.15,37.822500000000005,35.3,0.6318103689805304,0.6483671440277868,0.18984264893650696,0.45808511131554597,0.0004393837757338952,0.8942532372939493,0.140980294351212,77.93618367339582,1.9370236341058424,0.22471315655866592,0.020235197791459904,0.06857951372041764,4.980468750000001,-0.055080000000000004,Bs1_lower_model_5720_low_combo,5.72,5.36692,low,model lower 1+ partner diagnostic,lattice_fperp_s,4.18,0.093,0.2303,0.14753936745002144,0.1678670136320244,0.8942532372939493,77.93618367339582
11.0,6.15,37.822500000000005,35.3,0.6140831582481419,0.6325385084565447,0.18764377937926438,0.4444799083973882,0.0004148206798920847,0.8710910889238148,0.13565914905366755,73.95120171924421,1.7935614912014408,0.22471315655866592,0.022849708564639713,0.06857951372041764,4.980468750000001,-0.055080000000000004,Bs1_lower_model_5720_low_combo,5.72,5.36692,low,model lower 1+ partner diagnostic,lattice_fperp_s,4.18,0.093,0.2303,0.14753936745002144,0.1678670136320244,0.8710910889238148,73.95120171924421
11.5,6.15,37.822500000000005,35.3,0.5987470900746018,0.6187833300731747,0.18572707001785993,0.43266266532981734,0.0003935947254973725,0.8510029068647431,0.131091342036795,70.57976057934765,1.674812188350718,0.22471315655866592,0.025540275920209052,0.06857951372041764,4.980468750000001,-0.055080000000000004,Bs1_lower_model_5720_low_combo,5.72,5.36692,low,model lower 1+ partner diagnostic,lattice_fperp_s,4.18,0.093,0.2303,0.14753936745002144,0.1678670136320244,0.8510029068647431,70.57976057934765
12.0,6.15,37.822500000000005,35.3,0.5853689383463668,0.6067342804011735,0.18404454725073388,0.4223146400564553,0.00037509309398435926,0.8334385575263601,0.1271355647451281,67.6963526830542,1.5752598604829913,0.22471315655866592,0.02829286271854813,0.06857951372041764,4.980468750000001,-0.055080000000000004,Bs1_lower_model_5720_low_combo,5.72,5.36692,low,model lower 1+ partner diagnostic,lattice_fperp_s,4.18,0.093,0.2303,0.14753936745002144,0.1678670136320244,0.8334385575263601,67.6963526830542
12.5,6.15,37.822500000000005,35.3,0.5736114801765788,0.5961039557679106,0.18255818569589205,0.41318692938234497,0.0003588406896736309,0.8179686131516171,0.12368267530797172,65.20657246604048,1.4908564720259436,0.22471315655866592,0.031094710911566983,0.06857951372041764,4.980468750000001,-0.055080000000000004,Bs1_lower_model_5720_low_combo,5.72,5.36692,low,model lower 1+ partner diagnostic,lattice_fperp_s,4.18,0.093,0.2303,0.14753936745002144,0.1678670136320244,0.8179686131516171,65.20657246604048
13.0,6.15,37.822500000000005,35.3,0.5632087656809707,0.5866646036761751,0.18123750729745408,0.4050826321759569,0.00034446420276415654,0.8042535151979779,0.12064723054468385,63.038232729792526,1.41857665313923,0.22471315655866592,0.03393431488080759,0.06857951372041764,4.980468750000001,-0.055080000000000004,Bs1_lower_model_5720_low_combo,5.72,5.36692,low,model lower 1+ partner diagnostic,lattice_fperp_s,4.18,0.093,0.2303,0.14753936745002144,0.1678670136320244,0.8042535151979779,63.038232729792526
13.5,6.15,37.822500000000005,35.3,0.5539485599522345,0.5782336514610671,0.18005783459093158,0.3978441501575123,0.0003316667126232206,0.7920216176913486,0.11796151857589976,61.135316477811195,1.3561221306376212,0.22471315655866592,0.03680136665812678,0.06857951372041764,4.980468750000001,-0.055080000000000004,Bs1_lower_model_5720_low_combo,5.72,5.36692,low,model lower 1+ partner diagnostic,lattice_fperp_s,4.18,0.093,0.2303,0.14753936745002144,0.1678670136320244,0.7920216176913486,61.135316477811195
14.0,6.15,37.822500000000005,35.3,0.5456596661196159,0.570663205049518,0.17899900115131165,0.3913439944664407,0.00032020943176556564,0.7810532913023118,0.1155712809178166,59.453773920433,1.3017211080119195,0.22471315655866592,0.03968668402823045,0.06857951372041764,4.980468750000001,-0.055080000000000004,Bs1_lower_model_5720_low_combo,5.72,5.36692,low,model lower 1+ partner diagnostic,lattice_fperp_s,4.18,0.093,0.2303,0.14753936745002144,0.1678670136320244,0.7810532913023118,59.453773920433
