sector,state,scenario,M2,s0,theta_deg,quoted_combo,GA_basis,GB_basis,f1_GeV,f2_GeV,rho_AB,g_low,g_high,g_quoted,Gamma_low_keV,Gamma_high_keV,Gamma_quoted_keV,chi_effective
Bs,B_{s1}(5750),lattice_fperp_s,6.0,36.5,35.3,low,0.5497920318653685,0.6339926222531497,0.448804208775972,0.19667693065789485,0.6561573080128956,0.6580556173690016,-0.01854538689968485,0.6580556173690016,53.493083147732584,0.042485841500147524,53.493083147732584,4.980468750000001
Bs,B_{s1}(5750),lattice_fperp_s,6.4,36.5,35.3,low,0.49800148105603526,0.5814987800040988,0.448804208775972,0.19667693065789485,0.6561573080128956,0.6011077633854558,-0.02494340439986752,0.6011077633854558,44.6351606511416,0.07685708062437405,44.6351606511416,4.980468750000001
Bs,B_{s1}(5750),lattice_fperp_s,6.8,36.5,35.3,low,0.4576126578223125,0.5401779379381951,0.448804208775972,0.19667693065789485,0.6561573080128956,0.5564295253585388,-0.02950070066895765,0.5564295253585388,38.24659361848588,0.10750708597208702,38.24659361848588,4.980468750000001
Bs,B_{s1}(5750),lattice_fperp_s,7.2,36.5,35.3,low,0.4254180294685722,0.5069626167483745,0.448804208775972,0.19667693065789485,0.6561573080128956,0.5206220154959482,-0.03282041484817942,0.5206220154959482,33.48246985818468,0.13306399576709912,33.48246985818468,4.980468750000001
Bs,B_{s1}(5750),lattice_fperp_s,7.6,36.5,35.3,low,0.3992726099266398,0.47978260661229166,0.448804208775972,0.19667693065789485,0.6561573080128956,0.4913991134900904,-0.035284610072320706,0.4913991134900904,29.829169749296277,0.15379530339001246,29.829169749296277,4.980468750000001
Bs,B_{s1}(5750),lattice_fperp_s,8.0,36.5,35.3,low,0.37769715655009495,0.45719808811974294,0.448804208775972,0.19667693065789485,0.6561573080128956,0.46717577685555467,-0.037143083304853344,0.46717577685555467,26.960817780728615,0.17042304982004106,26.960817780728615,4.980468750000001
Bs,B_{s1}(5750),lattice_fperp_s,8.4,36.5,35.3,low,0.35964398569621253,0.43818126439082583,0.448804208775972,0.19667693065789485,0.6561573080128956,0.44682378482261437,-0.038563701080745104,0.44682378482261437,24.66294839192985,0.1837087507813756,24.66294839192985,4.980468750000001
Bs,B_{s1}(5750),lattice_fperp_s,8.8,36.5,35.3,low,0.3443535833944268,0.42198158784599993,0.448804208775972,0.19667693065789485,0.6561573080128956,0.4295214371877909,-0.0396620160004581,0.4295214371877909,22.789884098318748,0.19432201226806806,22.789884098318748,4.980468750000001
Bs,B_{s1}(5750),lattice_fperp_s,9.2,36.5,35.3,low,0.33126393547452654,0.40803989890921805,0.448804208775972,0.19667693065789485,0.6561573080128956,0.41465806775497793,-0.04051927344425078,0.41465806775497793,21.239909771242264,0.20281297098418086,21.239909771242264,4.980468750000001
Bs,B_{s1}(5750),lattice_fperp_s,9.6,36.5,35.3,low,0.31995154141681875,0.3959321736592156,0.448804208775972,0.19667693065789485,0.6561573080128956,0.401771649542545,-0.04119368153040419,0.401771649542545,19.940268619823257,0.2096204468954499,19.940268619823257,4.980468750000001
Bs,B_{s1}(5750),lattice_fperp_s,10.0,36.5,35.3,low,0.31009205932442424,0.38533174305245643,0.448804208775972,0.19667693065789485,0.6561573080128956,0.39050699138544165,-0.041727648948625615,0.39050699138544165,18.837794525921147,0.21509002020940093,18.837794525921147,4.980468750000001
Bs,B_{s1}(5750),lattice_fperp_s,10.4,36.5,35.3,low,0.3014334494151347,0.3759833488538911,0.448804208775972,0.19667693065789485,0.6561573080128956,0.38058709774062816,-0.04215254179611464,0.38058709774062816,17.892892417119754,0.2194926407760147,17.892892417119754,4.980468750000001
Bs,B_{s1}(5750),lattice_fperp_s,10.8,36.5,35.3,low,0.293777271238481,0.36768496910797543,0.448804208775972,0.19667693065789485,0.6561573080128956,0.3717931490129093,-0.042491875468218504,0.3717931490129093,17.075569375810232,0.22304075591495343,17.075569375810232,4.980468750000001
Bs,B_{s1}(5750),lattice_fperp_s,11.2,36.5,35.3,low,0.2869654183262447,0.3602748551242797,0.448804208775972,0.19667693065789485,0.6561573080128956,0.3639502517214716,-0.04276349706209985,0.3639502517214716,16.362756835867398,0.2259013647658419,16.362756835867398,4.980468750000001
Bs,B_{s1}(5750),lattice_fperp_s,11.600000000000001,36.5,35.3,low,0.2808705517468071,0.3536221333630006,0.448804208775972,0.19667693065789485,0.6561573080128956,0.3569171274215164,-0.042981103236897786,0.3569171274215164,15.736465945982156,0.22820625593109103,15.736465945982156,4.980468750000001
Bs,B_{s1}(5750),lattice_fperp_s,12.0,36.5,35.3,low,0.27538909586138033,0.34761988973524904,0.448804208775972,0.19667693065789485,0.6561573080128956,0.35057853906252995,-0.04315531243917801,0.35057853906252995,15.182492738273469,0.23005991694607072,15.182492738273469,4.980468750000001
Bs,B_{s1}(5750),lattice_fperp_s,12.4,36.5,35.3,low,0.27043603848553216,0.3421800109056127,0.448804208775972,0.19667693065789485,0.6561573080128956,0.34483965128678873,-0.04329443319492036,0.34483965128678873,14.689493546857255,0.2315456065221072,14.689493546857255,4.980468750000001
Bs,B_{s1}(5750),lattice_fperp_s,12.8,36.5,35.3,low,0.26594102119331753,0.33722928786148976,0.448804208775972,0.19667693065789485,0.6561573080128956,0.3396217776838292,-0.043405021870402696,0.3396217776838292,14.24831441423539,0.23273000939634314,14.24831441423539,4.980468750000001
Bs,B_{s1}(5750),lattice_fperp_s,13.2,36.5,35.3,low,0.261845365020573,0.3327064388525863,0.448804208775972,0.19667693065789485,0.6561573080128956,0.33485913655373595,-0.04349229250281325,0.33485913655373595,13.851497704790606,0.23366680944764953,13.851497704790606,4.980468750000001
Bs,B_{s1}(5750),lattice_fperp_s,13.600000000000001,36.5,35.3,low,0.25809978314874965,0.32855981048535293,0.448804208775972,0.19667693065789485,0.6561573080128956,0.3304963493994362,-0.043560421307290875,0.3304963493994362,13.492914292165933,0.2343994408182243,13.492914292165933,4.980468750000001
Bs,B_{s1}(5750),lattice_fperp_s,14.0,36.5,35.3,low,0.2546626041687789,0.32474558494058725,0.448804208775972,0.19667693065789485,0.6561573080128956,0.3264864928989092,-0.043612775274145296,0.3264864928989092,13.167486015071376,0.23496321475362986,13.167486015071376,4.980468750000001
Bs,B_{s1}(5750),lattice_fperp_s,14.4,36.5,35.3,low,0.2514983790371354,0.32122636905210433,0.448804208775972,0.19667693065789485,0.6561573080128956,0.32278956786688046,-0.04365208543177256,0.32278956786688046,12.870973886460867,0.23538697148823445,12.870973886460867,4.980468750000001
Bs,B_{s1}(5750),lattice_fperp_s,14.8,36.5,35.3,low,0.24857677935018122,0.3179700744217299,0.448804208775972,0.19667693065789485,0.6561573080128956,0.319371285588713,-0.04368057934586404,0.319371285588713,12.599814789514163,0.2356943696391892,12.599814789514163,4.980468750000001
Bs,B_{s1}(5750),lattice_fperp_s,15.200000000000001,36.5,35.3,low,0.245871718933162,0.3149490214503424,0.448804208775972,0.19667693065789485,0.6561573080128956,0.31620209801115107,-0.04370008329175252,0.31620209801115107,12.350994337421357,0.23590489782374938,12.350994337421357,4.980468750000001
Bs,B_{s1}(5750),lattice_fperp_s,15.600000000000001,36.5,35.3,low,0.24336064815584735,0.3121392171696322,0.448804208775972,0.19667693065789485,0.6561573080128956,0.3132564169730922,-0.043712101656033495,0.3132564169730922,12.12194699337037,0.23603467244430731,12.12194699337037,4.980468750000001
Bs,B_{s1}(5750),lattice_fperp_s,16.0,36.5,35.3,low,0.24102398297296623,0.30951976909408224,0.448804208775972,0.19667693065789485,0.6561573080128956,0.3105119812045835,-0.04371787909297832,0.3105119812045835,11.910476943552048,0.23609707006436198,11.910476943552048,4.980468750000001
Bs,B_{s1}(5750),lattice_fperp_s,16.4,36.5,35.3,low,0.23884463987963217,0.30707240635329114,0.448804208775972,0.19667693065789485,0.6561573080128956,0.3079493397369659,-0.04371844951442238,0.3079493397369659,11.714694916182932,0.23610323119171048,11.714694916182932,4.980468750000001
Bs,B_{s1}(5750),lattice_fperp_s,16.8,36.5,35.3,low,0.2368076547518245,0.3047810860558564,0.448804208775972,0.19667693065789485,0.6561573080128956,0.30555142769597904,-0.043714674950476505,0.30555142769597904,11.532967359698887,0.23606246358525537,11.532967359698887,4.980468750000001
Bs,B_{s1}(5750),lattice_fperp_s,17.200000000000003,36.5,35.3,low,0.2348998685893118,0.30263166783377576,0.448804208775972,0.19667693065789485,0.6561573080128956,0.3033032159171961,-0.043707276561787765,0.3033032159171961,11.363875278394854,0.2359825666594395,11.363875278394854,4.980468750000001
Bs,B_{s1}(5750),lattice_fperp_s,17.6,36.5,35.3,low,0.23310966696895544,0.3006116432816559,0.448804208775972,0.19667693065789485,0.6561573080128956,0.3011914199376849,-0.043696859529381335,0.3011914199376849,11.206180672394497,0.23587009362090383,11.206180672394497,4.980468750000001
Bs,B_{s1}(5750),lattice_fperp_s,18.0,36.5,35.3,low,0.23142676288663036,0.2987099098650246,0.448804208775972,0.19667693065789485,0.6561573080128956,0.2992042570395522,-0.04368393313801466,0.2992042570395522,11.058799008667961,0.2357305642265685,11.058799008667961,4.980468750000001
Bs,B_{s1}(5750),lattice_fperp_s,6.0,38.0,35.3,low,0.5567183975443726,0.6414090880196817,0.448804208775972,0.19667693065789485,0.6561573080128956,0.6659479138981069,-0.018135990694472387,0.6659479138981069,54.783901008108714,0.040630764766334246,54.783901008108714,4.980468750000001
Bs,B_{s1}(5750),lattice_fperp_s,6.4,38.0,35.3,low,0.5053971497333885,0.5894169812451645,0.448804208775972,0.19667693065789485,0.6561573080128956,0.6095342702257038,-0.024505396138551874,0.6095342702257038,45.89534985460888,0.07418154651706453,45.89534985460888,4.980468750000001
Bs,B_{s1}(5750),lattice_fperp_s,6.8,38.0,35.3,low,0.46544888739090073,0.5485671029080577,0.448804208775972,0.19667693065789485,0.6561573080128956,0.5653574949806102,-0.029035783844047838,0.5653574949806102,39.4837811738052,0.10414526696555373,39.4837811738052,4.980468750000001
Bs,B_{s1}(5750),lattice_fperp_s,7.2,38.0,35.3,low,0.4336679626463246,0.5157939987231055,0.448804208775972,0.19667693065789485,0.6561573080128956,0.5300208528104874,-0.03233018924105005,0.5300208528104874,34.70230650818425,0.1291186336677559,34.70230650818425,4.980468750000001
Bs,B_{s1}(5750),lattice_fperp_s,7.6,38.0,35.3,low,0.40791127005709954,0.4890294772919827,0.448804208775972,0.19667693065789485,0.6561573080128956,0.5012403695972357,-0.03477056963377759,0.5012403695972357,31.035911970190348,0.14934684056941644,31.035911970190348,4.980468750000001
Bs,B_{s1}(5750),lattice_fperp_s,8.0,38.0,35.3,low,0.38670138417247135,0.46683566816046473,0.448804208775972,0.19667693065789485,0.6561573080128956,0.47743307568833887,-0.036606618157879946,0.47743307568833887,28.157716625728128,0.1655356912059422,28.157716625728128,4.980468750000001
Bs,B_{s1}(5750),lattice_fperp_s,8.4,38.0,35.3,low,0.36899234256985214,0.4481866194977879,0.448804208775972,0.19667693065789485,0.6561573080128956,0.457472712991773,-0.03800610190852574,0.457472712991773,25.852516123020298,0.17843460562587382,25.852516123020298,4.980468750000001
Bs,B_{s1}(5750),lattice_fperp_s,8.8,38.0,35.3,low,0.35402624069129957,0.4323335082185218,0.448804208775972,0.19667693065789485,0.6561573080128956,0.44053941599874674,-0.03908447971277961,0.44053941599874674,23.97408118936142,0.18870399665726562,23.97408118936142,4.980468750000001
Bs,B_{s1}(5750),lattice_fperp_s,9.2,38.0,35.3,low,0.34124255648315927,0.4187187730344836,0.448804208775972,0.19667693065789485,0.6561573080128956,0.4260242191282588,-0.03992290942263378,0.4260242191282588,22.42027867818839,0.19688688825404532,22.42027867818839,4.980468750000001
Bs,B_{s1}(5750),lattice_fperp_s,9.6,38.0,35.3,low,0.33021916502666887,0.4069198631093644,0.448804208775972,0.19667693065789485,0.6561573080128956,0.4134666629404161,-0.040579518016039144,0.4134666629404161,21.118031149762288,0.20341650914134082,21.118031149762288,4.980468750000001
Bs,B_{s1}(5750),lattice_fperp_s,10.0,38.0,35.3,low,0.3206329879554678,0.39661146216610776,0.448804208775972,0.19667693065789485,0.6561573080128956,0.40251299589062395,-0.041096639308057306,0.40251299589062395,20.013923810560453,0.20863398135817388,20.013923810560453,4.980468750000001
Bs,B_{s1}(5750),lattice_fperp_s,10.4,38.0,35.3,low,0.31223314339886477,0.3875395514183455,0.448804208775972,0.19667693065789485,0.6561573080128956,0.39288754155082134,-0.04150557051014172,0.39288754155082134,19.068166849389723,0.21280665427857934,19.068166849389723,4.980468750000001
Bs,B_{s1}(5750),lattice_fperp_s,10.8,38.0,35.3,low,0.3048222506083525,0.37950324304418825,0.448804208775972,0.19667693065789485,0.6561573080128956,0.3843726874262139,-0.04182976376064095,0.3843726874262139,18.250613529279512,0.21614403366316673,18.250613529279512,4.980468750000001
Bs,B_{s1}(5750),lattice_fperp_s,11.2,38.0,35.3,low,0.29824317232233183,0.3723418254832428,0.448804208775972,0.19667693065789485,0.6561573080128956,0.3767946439476359,-0.042087008130363264,0.3767946439476359,17.53807285331104,0.21881069015712576,17.53807285331104,4.980468750000001
Bs,B_{s1}(5750),lattice_fperp_s,11.600000000000001,38.0,35.3,low,0.29236945594178243,0.3659253735208408,0.448804208775972,0.19667693065789485,0.6561573080128956,0.3700131421039379,-0.04229094707521892,0.3700131421039379,16.912457858207844,0.2209363882988204,16.912457858207844,4.980468750000001
Bs,B_{s1}(5750),lattice_fperp_s,12.0,38.0,35.3,low,0.28709833658240597,0.3601478404287004,0.448804208775972,0.19667693065789485,0.6561573080128956,0.3639138681333117,-0.04245215026222213,0.3639138681333117,16.359485476413052,0.22262391395834175,16.359485476413052,4.980468750000001
Bs,B_{s1}(5750),lattice_fperp_s,12.4,38.0,35.3,low,0.2823455440802791,0.3549219066166693,0.448804208775972,0.19667693065789485,0.6561573080128956,0.35840283163487224,-0.042578881480348336,0.35840283163487224,15.8677479284438,0.22395508385020943,15.8677479284438,4.980468750000001
Bs,B_{s1}(5750),lattice_fperp_s,12.8,38.0,35.3,low,0.2780413996295351,0.3501750899989394,0.448804208775972,0.19667693065789485,0.6561573080128956,0.35340212005052074,-0.042677656044163084,0.35340212005052074,15.428039044251157,0.22499535185138356,15.428039044251157,4.980468750000001
Bs,B_{s1}(5750),lattice_fperp_s,13.2,38.0,35.3,low,0.2741278472921763,0.34584677516189,0.448804208775972,0.19667693065789485,0.6561573080128956,0.3488466610521594,-0.04275365029358618,0.3488466610521594,15.032858491416356,0.22579734416404876,15.032858491416356,4.980468750000001
Bs,B_{s1}(5750),lattice_fperp_s,13.600000000000001,38.0,35.3,low,0.27055617197075926,0.34188592012940444,0.448804208775972,0.19667693065789485,0.6561573080128956,0.3446817270658423,-0.04281100579710903,0.3446817270658423,14.676042102877467,0.22640358045965184,14.676042102877467,4.980468750000001
Bs,B_{s1}(5750),lattice_fperp_s,14.0,38.0,35.3,low,0.2672852274678938,0.33824926872084854,0.448804208775972,0.19667693065789485,0.6561573080128956,0.34086099271217785,-0.04285305767165577,0.34086099271217785,14.352482871755054,0.22684857682081383,14.352482871755054,4.980468750000001
Bs,B_{s1}(5750),lattice_fperp_s,14.4,38.0,35.3,low,0.26428004777725517,0.3348999442750416,0.448804208775972,0.19667693065789485,0.6561573080128956,0.3373450087100318,-0.042882507593347295,0.3373450087100318,14.057918004606634,0.22716047841042564,14.057918004606634,4.980468750000001
Bs,B_{s1}(5750),lattice_fperp_s,14.8,38.0,35.3,low,0.2615107492683771,0.33180633395467046,0.448804208775972,0.19667693065789485,0.6561573080128956,0.33409999266779467,-0.04290155606813939,0.33409999266779467,13.788764696839582,0.22736233328940092,13.788764696839582,4.980468750000001
Bs,B_{s1}(5750),lattice_fperp_s,15.200000000000001,38.0,35.3,low,0.2589516557986156,0.3289411965508504,0.448804208775972,0.19667693065789485,0.6561573080128956,0.33109686328928145,-0.04291200439736777,0.33109686328928145,13.541992254893668,0.22747309131330176,13.541992254893668,4.980468750000001
Bs,B_{s1}(5750),lattice_fperp_s,15.600000000000001,38.0,35.3,low,0.2565805962004242,0.3262809437114676,0.448804208775972,0.19667693065789485,0.6561573080128956,0.32831046321881363,-0.042915333892499435,0.32831046321881363,13.315021621883467,0.22750839145565227,13.315021621883467,4.980468750000001
Bs,B_{s1}(5750),lattice_fperp_s,16.0,38.0,35.3,low,0.25437833617636696,0.3238050568497065,0.448804208775972,0.19667693065789485,0.6561573080128956,0.3257189292928732,-0.04291276786280116,0.3257189292928732,13.105645769170136,0.2274811855232825,13.105645769170136,4.980468750000001
Bs,B_{s1}(5750),lattice_fperp_s,16.4,38.0,35.3,low,0.25232811582396086,0.32149561102718566,0.448804208775972,0.19667693065789485,0.6561573080128956,0.3233031788776987,-0.04290532045289172,0.3233031788776987,12.911966123500047,0.22740223472555263,12.911966123500047,4.980468750000001
Bs,B_{s1}(5750),lattice_fperp_s,16.8,38.0,35.3,low,0.25041527078967835,0.31933688379436925,0.448804208775972,0.19667693065789485,0.6561573080128956,0.3210464882980645,-0.04289383536592641,0.3210464882980645,12.73234142474828,0.2272805069372961,12.73234142474828,4.980468750000001
Bs,B_{s1}(5750),lattice_fperp_s,17.200000000000003,38.0,35.3,low,0.24862692009611576,0.3173150319658029,0.448804208775972,0.19667693065789485,0.6561573080128956,0.31893414482700333,-0.04287901675166215,0.31893414482700333,12.565346298403663,0.22712349601198314,12.565346298403663,4.980468750000001
Bs,B_{s1}(5750),lattice_fperp_s,17.6,38.0,35.3,low,0.2469517074743009,0.3154178230702648,0.448804208775972,0.19667693065789485,0.6561573080128956,0.3169531578178023,-0.04286145398409126,0.3169531578178023,12.409737478574597,0.22693747960748276,12.409737478574597,4.980468750000001
Bs,B_{s1}(5750),lattice_fperp_s,18.0,38.0,35.3,low,0.24537958590098297,0.31363441107331064,0.448804208775972,0.19667693065789485,0.6561573080128956,0.315092017678582,-0.04284164164335005,0.315092017678582,12.264426099461527,0.22672772827621793,12.264426099461527,4.980468750000001
Bs,B_{s1}(5750),lattice_fperp_s,6.0,39.5,35.3,low,0.5624202991832069,0.6470611567122653,0.448804208775972,0.19667693065789485,0.6561573080128956,0.6721288574413777,-0.01728819930189248,0.6721288574413777,55.80556535155926,0.036920871972940306,55.80556535155926,4.980468750000001
Bs,B_{s1}(5750),lattice_fperp_s,6.4,39.5,35.3,low,0.51158124180964,0.5955463962713707,0.448804208775972,0.19667693065789485,0.6561573080128956,0.6162374758544035,-0.023585200137018012,0.6162374758544035,46.9103464302741,0.06871500146033332,46.9103464302741,4.980468750000001
Bs,B_{s1}(5750),lattice_fperp_s,6.8,39.5,35.3,low,0.47209230732555096,0.5551511874126218,0.448804208775972,0.19667693065789485,0.6561573080128956,0.5725581695042234,-0.02804656669784333,0.5725581695042234,40.49595635739405,0.09716991844356739,40.49595635739405,4.980468750000001
Bs,B_{s1}(5750),lattice_fperp_s,7.2,39.5,35.3,low,0.4407483321409469,0.5228105643297798,0.448804208775972,0.19667693065789485,0.6561573080128956,0.5376947338854041,-0.03127527190878802,0.5376947338854041,35.71445230384653,0.12082995579436952,35.71445230384653,4.980468750000001
Bs,B_{s1}(5750),lattice_fperp_s,7.6,39.5,35.3,low,0.4154069790396355,0.4964571035308079,0.448804208775972,0.19667693065789485,0.6561573080128956,0.5093640321075149,-0.033653166054532474,0.5093640321075149,32.050069656495474,0.13990211664270868,32.050069656495474,4.980468750000001
Bs,B_{s1}(5750),lattice_fperp_s,8.0,39.5,35.3,low,0.39459175742165137,0.4746538660395647,0.448804208775972,0.19667693065789485,0.6561573080128956,0.48598411125565655,-0.035429808677715606,0.48598411125565655,29.175383248390894,0.15506366430118337,29.175383248390894,4.980468750000001
Bs,B_{s1}(5750),lattice_fperp_s,8.4,39.5,35.3,low,0.37725772680073477,0.4563759165834281,0.448804208775972,0.19667693065789485,0.6561573080128956,0.4664298235095636,-0.036772818929950234,0.4664298235095636,26.874788252198776,0.1670422283405411,26.874788252198776,4.980468750000001
Bs,B_{s1}(5750),lattice_fperp_s,8.8,39.5,35.3,low,0.3626480382407495,0.4408754810597829,0.448804208775972,0.19667693065789485,0.6561573080128956,0.44988244947377026,-0.03779750159725228,0.44988244947377026,25.00175703555975,0.17648126837738312,25.00175703555975,4.980468750000001
Bs,B_{s1}(5750),lattice_fperp_s,9.2,39.5,35.3,low,0.3502032236624401,0.4275960447818821,0.448804208775972,0.19667693065789485,0.6561573080128956,0.4357341673728693,-0.0385848598922464,0.4357341673728693,23.453931898327806,0.1839103976710438,23.453931898327806,4.980468750000001
Bs,B_{s1}(5750),lattice_fperp_s,9.6,39.5,35.3,low,0.339502187615432,0.4161160786450088,0.448804208775972,0.19667693065789485,0.6561573080128956,0.42352563460458587,-0.0391928691459104,0.42352563460458587,22.15806499955608,0.18975207918619247,22.15806499955608,4.980468750000001
Bs,B_{s1}(5750),lattice_fperp_s,10.0,39.5,35.3,low,0.33022284243225525,0.40611124922788067,0.448804208775972,0.19667693065789485,0.6561573080128956,0.41290417412479496,-0.03966371678920249,0.41290417412479496,21.060611399123697,0.19433867847976657,21.060611399123697,4.980468750000001
Bs,B_{s1}(5750),lattice_fperp_s,10.4,39.5,35.3,low,0.3221152498084425,0.39732847353752193,0.448804208775972,0.19667693065789485,0.6561573080128956,0.4035951326751542,-0.04002856027246652,0.4035951326751542,20.1216814052689,0.19793033880944766,20.1216814052689,4.980468750000001
Bs,B_{s1}(5750),lattice_fperp_s,10.8,39.5,35.3,low,0.31498292109110687,0.3895677482636687,0.448804208775972,0.19667693065789485,0.6561573080128956,0.39538186495368643,-0.040310719331789424,0.39538186495368643,19.311051383313266,0.20073057304001835,19.311051383313266,4.980468750000001
Bs,B_{s1}(5750),lattice_fperp_s,11.2,39.5,35.3,low,0.3086695580246823,0.3826691935337762,0.448804208775972,0.19667693065789485,0.6561573080128956,0.3880914908959563,-0.04052785830607495,0.3880914908959563,18.605471042440353,0.20289892049070715,18.605471042440353,4.980468750000001
Bs,B_{s1}(5750),lattice_fperp_s,11.600000000000001,39.5,35.3,low,0.3030494941161171,0.3765036632340666,0.448804208775972,0.19667693065789485,0.6561573080128956,0.3815845935470417,-0.040693503616667466,0.3815845935470417,17.98680771079949,0.20456088536727007,17.98680771079949,4.980468750000001
Bs,B_{s1}(5750),lattice_fperp_s,12.0,39.5,35.3,low,0.2980206990509293,0.3709658385403287,0.448804208775972,0.19667693065789485,0.6561573080128956,0.37574765525796344,-0.04081811543354222,0.37574765525796344,17.440743164600512,0.20581561795049275,17.440743164600512,4.980468750000001
Bs,B_{s1}(5750),lattice_fperp_s,12.4,39.5,35.3,low,0.293499587796486,0.3659690786786701,0.448804208775972,0.19667693065789485,0.6561573080128956,0.37048742809184787,-0.040909855307758675,0.37048742809184787,16.95584271016006,0.20674181050271734,16.95584271016006,4.980468750000001
Bs,B_{s1}(5750),lattice_fperp_s,12.8,39.5,35.3,low,0.2894171197660963,0.361441533819195,0.448804208775972,0.19667693065789485,0.6561573080128956,0.36572669106058836,-0.040975143225513586,0.36572669106058836,16.5228797308385,0.20740221434539116,16.5228797308385,4.980468750000001
Bs,B_{s1}(5750),lattice_fperp_s,13.2,39.5,35.3,low,0.28571583307452425,0.3573231769835316,0.448804208775972,0.19667693065789485,0.6561573080128956,0.361401015500979,-0.04101906671991897,0.361401015500979,16.134338542239025,0.2078471041954895,16.134338542239025,4.980468750000001
Bs,B_{s1}(5750),lattice_fperp_s,13.600000000000001,39.5,35.3,low,0.28234756533331923,0.3535635136220734,0.448804208775972,0.19667693065789485,0.6561573080128956,0.35745627266838104,-0.04104568467024926,0.35745627266838104,15.784043650431583,0.20811694256052046,15.784043650431583,4.980468750000001
Bs,B_{s1}(5750),lattice_fperp_s,14.0,39.5,35.3,low,0.27927168451480894,0.35011979676272387,0.448804208775972,0.19667693065789485,0.6561573080128956,0.3538466942247569,-0.04105825521696413,0.3538466942247569,15.466879908674443,0.20824443680876556,15.466879908674443,4.980468750000001
Bs,B_{s1}(5750),lattice_fperp_s,14.4,39.5,35.3,low,0.2764537029675593,0.3469556234438052,0.448804208775972,0.19667693065789485,0.6561573080128956,0.3505333491015038,-0.04105940837673998,0.3505333491015038,15.178578910361045,0.20825613445539323,15.178578910361045,4.980468750000001
Bs,B_{s1}(5750),lattice_fperp_s,14.8,39.5,35.3,low,0.2738641822069261,0.34403982160780416,0.448804208775972,0.19667693065789485,0.6561573080128956,0.3474829371198264,-0.041051277932819964,0.3474829371198264,14.915554241705141,0.20817366628321,14.915554241705141,4.980468750000001
Bs,B_{s1}(5750),lattice_fperp_s,15.200000000000001,39.5,35.3,low,0.2714778604916486,0.3413455603538367,0.448804208775972,0.19667693065789485,0.6561573080128956,0.3446668258716884,-0.04103560303952876,0.3446668258716884,14.674773188348922,0.2080147198540952,14.674773188348922,4.980468750000001
Bs,B_{s1}(5750),lattice_fperp_s,15.600000000000001,39.5,35.3,low,0.26927295262337736,0.33884963346164143,0.448804208775972,0.19667693065789485,0.6561573080128956,0.3420602760739253,-0.041013807097288614,0.3420602760739253,14.45365592938434,0.2077938057012376,14.45365592938434,4.980468750000001
Bs,B_{s1}(5750),lattice_fperp_s,16.0,39.5,35.3,low,0.26723058399796384,0.3365318784401969,0.448804208775972,0.19667693065789485,0.6561573080128956,0.33964181415918737,-0.040987059422676234,0.33964181415918737,14.249995663441094,0.20752286334625353,14.249995663441094,4.980468750000001
Bs,B_{s1}(5750),lattice_fperp_s,16.4,39.5,35.3,low,0.2653343301321131,0.3343747023970868,0.448804208775972,0.19667693065789485,0.6561573080128956,0.3373927207848613,-0.04095632379049138,0.3373927207848613,14.061894822704843,0.20721174295994405,14.061894822704843,4.980468750000001
Bs,B_{s1}(5750),lattice_fperp_s,16.8,39.5,35.3,low,0.2635698396695824,0.33236269271625124,0.448804208775972,0.19667693065789485,0.6561573080128956,0.33529661127058635,-0.040922396883046545,0.33529661127058635,13.887713759189712,0.20686858999899227,13.887713759189712,4.980468750000001
Bs,B_{s1}(5750),lattice_fperp_s,17.200000000000003,39.5,35.3,low,0.2619245239178566,0.330482295528664,0.448804208775972,0.19667693065789485,0.6561573080128956,0.3333390894417164,-0.04088593892503838,0.3333390894417164,13.726029179019099,0.2065001537715511,13.726029179019099,4.980468750000001
Bs,B_{s1}(5750),lattice_fperp_s,17.6,39.5,35.3,low,0.2603872997553923,0.3287215487241748,0.448804208775972,0.19667693065789485,0.6561573080128956,0.33150746046893226,-0.04084749822759629,0.33150746046893226,13.575600253900811,0.20611203607101736,13.575600253900811,4.980468750000001
Bs,B_{s1}(5750),lattice_fperp_s,18.0,39.5,35.3,low,0.2589483756179777,0.32706985911070574,0.448804208775972,0.19667693065789485,0.6561573080128956,0.32979049141380484,-0.04080753095501182,0.32979049141380484,13.435340822530572,0.20570889236941156,13.435340822530572,4.980468750000001
Bs,B_{s1}(5750),lattice_fperp_s,6.0,40.5,35.3,low,0.5656428405468484,0.6500453943092432,0.448804208775972,0.19667693065789485,0.6561573080128956,0.6754755858291908,-0.01657226776212467,0.6754755858291908,56.36269379334307,0.03392628543444881,56.36269379334307,4.980468750000001
Bs,B_{s1}(5750),lattice_fperp_s,6.4,40.5,35.3,low,0.5151225856011872,0.5988257048594761,0.448804208775972,0.19667693065789485,0.6561573080128956,0.6199151833420354,-0.022798266156509598,0.6199151833420354,47.47193947400434,0.06420606694362055,47.47193947400434,4.980468750000001
Bs,B_{s1}(5750),lattice_fperp_s,6.8,40.5,35.3,low,0.4759410686867246,0.5587150168809254,0.448804208775972,0.19667693065789485,0.6561573080128956,0.5765550275076299,-0.02719115151964526,0.5765550275076299,41.063310146864254,0.09133298003703755,41.063310146864254,4.980468750000001
Bs,B_{s1}(5750),lattice_fperp_s,7.2,40.5,35.3,low,0.4448927110344033,0.5266479826697132,0.448804208775972,0.19667693065789485,0.6561573080128956,0.5419984844405783,-0.03035399192005058,0.5419984844405783,36.288462878927774,0.11381619344784039,36.288462878927774,4.980468750000001
Bs,B_{s1}(5750),lattice_fperp_s,7.6,40.5,35.3,low,0.41983507446488516,0.5005570872886989,0.448804208775972,0.19667693065789485,0.6561573080128956,0.5139623138275097,-0.03266866238484848,0.5139623138275097,32.631345344708926,0.13183633875464784,32.631345344708926,4.980468750000001
Bs,B_{s1}(5750),lattice_fperp_s,8.0,40.5,35.3,low,0.39929178481957317,0.47900550121014934,0.448804208775972,0.19667693065789485,0.6561573080128956,0.4908646848104328,-0.03438469841053762,0.4908646848104328,29.764322684577216,0.14605043917591962,29.764322684577216,4.980468750000001
Bs,B_{s1}(5750),lattice_fperp_s,8.4,40.5,35.3,low,0.38221816529509695,0.46096853460970494,0.448804208775972,0.19667693065789485,0.6561573080128956,0.4715807242953606,-0.03566966199277772,0.4715807242953606,27.471635691686668,0.15717027614257642,27.471635691686668,4.980468750000001
Bs,B_{s1}(5750),lattice_fperp_s,8.8,40.5,35.3,low,0.36785772724718707,0.4456987480125162,0.448804208775972,0.19667693065789485,0.6561573080128956,0.45529208774610663,-0.03663877897711261,0.45529208774610663,25.606642269492447,0.16582668241524134,25.606642269492447,4.980468750000001
Bs,B_{s1}(5750),lattice_fperp_s,9.2,40.5,35.3,low,0.35565142312006215,0.4326400169078923,0.448804208775972,0.19667693065789485,0.6561573080128956,0.4413913906394155,-0.03737295999610393,0.4413913906394155,24.06689948927017,0.17253905707372633,24.06689948927017,4.980468750000001
Bs,B_{s1}(5750),lattice_fperp_s,9.6,40.5,35.3,low,0.34517861222446233,0.4213712338894778,0.448804208775972,0.19667693065789485,0.6561573080128956,0.42941976305424895,-0.037930079987544225,0.42941976305424895,22.779095964048313,0.17772148988218173,22.779095964048313,4.980468750000001
Bs,B_{s1}(5750),lattice_fperp_s,10.0,40.5,35.3,low,0.33611767745336557,0.4115685017188972,0.448804208775972,0.19667693065789485,0.6561573080128956,0.4190250169337806,-0.03835222231415759,0.4190250169337806,21.68963945744837,0.18169940141024302,21.68963945744837,4.980468750000001
Bs,B_{s1}(5750),lattice_fperp_s,10.4,40.5,35.3,low,0.3282191539184001,0.40297917611398654,0.448804208775972,0.19667693065789485,0.6561573080128956,0.4099329908913648,-0.03867043959228071,0.4099329908913648,20.758605265677982,0.18472711443235051,20.758605265677982,4.980468750000001
Bs,B_{s1}(5750),lattice_fperp_s,10.8,40.5,35.3,low,0.32128702028766054,0.3954036867383516,0.448804208775972,0.19667693065789485,0.6561573080128956,0.40192752510217156,-0.038907947973814284,0.40192752510217156,19.9557440944062,0.18700321851218682,19.9557440944062,4.980468750000001
Bs,B_{s1}(5750),lattice_fperp_s,11.2,40.5,35.3,low,0.31516543347873405,0.38868257537052975,0.448804208775972,0.19667693065789485,0.6561573080128956,0.3948362123118377,-0.03908231082971082,0.3948362123118377,19.25778715357274,0.18868305404523464,19.25778715357274,4.980468750000001
Bs,B_{s1}(5750),lattice_fperp_s,11.600000000000001,40.5,35.3,low,0.3097291660700746,0.38268710257905875,0.448804208775972,0.19667693065789485,0.6561573080128956,0.38852009161303297,-0.03920695712541218,0.38852009161303297,18.646588777607032,0.1898885174673818,18.646588777607032,4.980468750000001
Bs,B_{s1}(5750),lattice_fperp_s,12.0,40.5,35.3,low,0.30487660827808155,0.37731233900704986,0.448804208775972,0.19667693065789485,0.6561573080128956,0.3828660821175629,-0.0392922536428536,0.3828660821175629,18.10782199442531,0.19071563841223613,18.10782199442531,4.980468750000001
Bs,B_{s1}(5750),lattice_fperp_s,12.4,40.5,35.3,low,0.300524575708905,0.37247201489133747,0.448804208775972,0.19667693065789485,0.6561573080128956,0.3777813519659018,-0.03934627292435627,0.3777813519659018,17.630046640830052,0.19124039342915167,17.630046640830052,4.980468750000001
Bs,B_{s1}(5750),lattice_fperp_s,12.8,40.5,35.3,low,0.2966044079456465,0.36809463242988294,0.448804208775972,0.19667693065789485,0.6561573080128956,0.3731890749702803,-0.03937535046381084,0.3731890749702803,17.204033163117128,0.19152315743361337,17.204033163117128,4.980468750000001
Bs,B_{s1}(5750),lattice_fperp_s,13.2,40.5,35.3,low,0.2930590027723497,0.36412049766648563,0.448804208775972,0.19667693065789485,0.6561573080128956,0.36902519596252753,-0.03938449383264254,0.36902519596252753,16.822264892840582,0.19161211512756365,16.822264892840582,4.980468750000001
Bs,B_{s1}(5750),lattice_fperp_s,13.600000000000001,40.5,35.3,low,0.28984053731537274,0.36049943039358207,0.448804208775972,0.19667693065789485,0.6561573080128956,0.36523593875067595,-0.03937768640793175,0.36523593875067595,16.478566853050037,0.19154588234445188,16.478566853050037,4.980468750000001
Bs,B_{s1}(5750),lattice_fperp_s,14.0,40.5,35.3,low,0.28690869950829756,0.357188979861555,0.448804208775972,0.19667693065789485,0.6561573080128956,0.3617758672339175,-0.03935811515854016,0.3617758672339175,16.16782556105167,0.19135552780742132,16.16782556105167,4.980468750000001
Bs,B_{s1}(5750),lattice_fperp_s,14.4,40.5,35.3,low,0.2842293028737301,0.35415302192457765,0.448804208775972,0.19667693065789485,0.6561573080128956,0.35860636306358806,-0.03932834309356749,0.35860636306358806,15.885775143281702,0.19106613923050508,15.885775143281702,4.980468750000001
Bs,B_{s1}(5750),lattice_fperp_s,14.8,40.5,35.3,low,0.28177319218066205,0.3513606467396768,0.448804208775972,0.19667693065789485,0.6561573080128956,0.35569442016557196,-0.03929044096306515,0.35569442016557196,15.62883236900658,0.19069804214952477,15.62883236900658,4.980468750000001
Bs,B_{s1}(5750),lattice_fperp_s,15.200000000000001,40.5,35.3,low,0.27951537194149,0.34878526987363284,0.448804208775972,0.19667693065789485,0.6561573080128956,0.35301168257859633,-0.03924608866040397,0.35301168257859633,15.393968184194511,0.19026775308668753,15.393968184194511,4.980468750000001
Bs,B_{s1}(5750),lattice_fperp_s,15.600000000000001,40.5,35.3,low,0.2774343071520885,0.3464039166996136,0.448804208775972,0.19667693065789485,0.6561573080128956,0.35053367078628445,-0.039196653890191495,0.35053367078628445,15.17860676916581,0.18978872859654003,15.17860676916581,4.980468750000001
Bs,B_{s1}(5750),lattice_fperp_s,16.0,40.5,35.3,low,0.2755113582801385,0.34419664231483926,0.448804208775972,0.19667693065789485,0.6561573080128956,0.3482391552821549,-0.03914325363161974,0.3482391552821549,14.980545557021639,0.1892719567532459,14.980545557021639,4.980468750000001
Bs,B_{s1}(5750),lattice_fperp_s,16.4,40.5,35.3,low,0.2737303217089642,0.3421460582603302,0.448804208775972,0.19667693065789485,0.6561573080128956,0.34610964603178823,-0.03908680247792236,0.34610964603178823,14.797891362753475,0.18872642643467819,14.797891362753475,4.980468750000001
Bs,B_{s1}(5750),lattice_fperp_s,16.8,40.5,35.3,low,0.27207705363006945,0.340236944020251,0.448804208775972,0.19667693065789485,0.6561573080128956,0.3441289738313932,-0.03902805088965164,0.3441289738313932,14.629009002689127,0.18815950136537632,14.629009002689127,4.980468750000001
Bs,B_{s1}(5750),lattice_fperp_s,17.200000000000003,40.5,35.3,low,0.2705391604282411,0.3384559262788929,0.448804208775972,0.19667693065789485,0.6561573080128956,0.3422829450328244,-0.038967615641756784,0.3422829450328244,14.472479676357349,0.18757721957334117,14.472479676357349,4.980468750000001
Bs,B_{s1}(5750),lattice_fperp_s,17.6,40.5,35.3,low,0.2691057423951157,0.33679121267968254,0.448804208775972,0.19667693065789485,0.6561573080128956,0.3405590552209182,-0.03890600418902666,0.3405590552209182,14.327067037055114,0.1869845341584498,14.327067037055114,4.980468750000001
Bs,B_{s1}(5750),lattice_fperp_s,18.0,40.5,35.3,low,0.267767180477629,0.33523236969046577,0.448804208775972,0.19667693065789485,0.6561573080128956,0.3389462505507607,-0.03884363426390945,0.3389462505507607,14.191689361549296,0.18638550766706943,14.191689361549296,4.980468750000001
Bs,B_{s1}(5830),lattice_fperp_s,6.0,38.0,35.3,high,0.592530518788347,0.6734473713289832,0.45777090845868357,0.18602847174792542,0.695838956778873,0.6948999889105785,-0.020402400230749716,-0.020402400230749716,102.45505517498256,0.08831842338240588,0.08831842338240588,4.980468750000001
Bs,B_{s1}(5830),lattice_fperp_s,6.4,38.0,35.3,high,0.5353610250386757,0.6159282972800213,0.45777090845868357,0.18602847174792542,0.695838956778873,0.633022395182322,-0.027439706942571352,-0.027439706942571352,85.02114153460688,0.15975252072289023,0.15975252072289023,4.980468750000001
Bs,B_{s1}(5830),lattice_fperp_s,6.8,38.0,35.3,high,0.4909839139962472,0.5708456668371776,0.45777090845868357,0.18602847174792542,0.695838956778873,0.5846897601245077,-0.03237803259618112,-0.03237803259618112,72.53368767788682,0.22242812143641122,0.22242812143641122,4.980468750000001
Bs,B_{s1}(5830),lattice_fperp_s,7.2,38.0,35.3,high,0.45575977155995817,0.5347474618102072,0.45777090845868357,0.18602847174792542,0.695838956778873,0.5461082612088062,-0.035918547411538805,-0.035918547411538805,63.277057391387565,0.273732467308522,0.273732467308522,4.980468750000001
Bs,B_{s1}(5830),lattice_fperp_s,7.6,38.0,35.3,high,0.4272655778379526,0.5053137787532549,0.45777090845868357,0.18602847174792542,0.695838956778873,0.5147370744502476,-0.03850193043480357,-0.03850193043480357,56.21596650653363,0.31452400130276115,0.31452400130276115,4.980468750000001
Bs,B_{s1}(5830),lattice_fperp_s,8.0,38.0,35.3,high,0.40383701669999694,0.480937257587669,0.45777090845868357,0.18602847174792542,0.695838956778873,0.48882135190447584,-0.040414121679030066,-0.040414121679030066,50.697800447873625,0.3465413568087297,0.3465413568087297,4.980468750000001
Bs,B_{s1}(5830),lattice_fperp_s,8.4,38.0,35.3,high,0.3842995980680421,0.4604744521660947,0.45777090845868357,0.18602847174792542,0.695838956778873,0.46711637470682804,-0.04184585715061394,-0.04184585715061394,46.29551988149253,0.3715298552571946,0.3715298552571946,4.980468750000001
Bs,B_{s1}(5830),lattice_fperp_s,8.8,38.0,35.3,high,0.36780470713314484,0.4430929885932134,0.45777090845868357,0.18602847174792542,0.695838956778873,0.4487184950197944,-0.0429274765235185,-0.0429274765235185,42.72053893540167,0.3909844640128927,0.3909844640128927,4.980468750000001
Bs,B_{s1}(5830),lattice_fperp_s,9.2,38.0,35.3,high,0.35372632156748346,0.42817454260207377,0.45777090845868357,0.18602847174792542,0.695838956778873,0.4329581242428908,-0.04374995926181939,-0.04374995926181939,39.77228737825,0.4061103780883867,0.4061103780883867,4.980468750000001
Bs,B_{s1}(5830),lattice_fperp_s,9.6,38.0,35.3,high,0.3415940498163657,0.41525148291440905,0.45777090845868357,0.18602847174792542,0.695838956778873,0.41933003926994555,-0.04437801526778107,-0.04437801526778107,37.307893780458464,0.4178539698008912,0.4178539698008912,4.980468750000001
Bs,B_{s1}(5830),lattice_fperp_s,10.0,38.0,35.3,high,0.33104859513249213,0.40396444673435206,0.45777090845868357,0.18602847174792542,0.695838956778873,0.40744683105174995,-0.04485844573412471,-0.04485844573412471,35.22335102432472,0.42695020456927546,0.42695020456927546,4.980468750000001
Bs,B_{s1}(5830),lattice_fperp_s,10.4,38.0,35.3,high,0.3218114515667435,0.39403328744563354,0.45777090845868357,0.18602847174792542,0.695838956778873,0.39700710094791375,-0.045225608771482274,-0.045225608771482274,33.44146782981485,0.43396791849863997,0.43396791849863997,4.980468750000001
Bs,B_{s1}(5830),lattice_fperp_s,10.8,38.0,35.3,high,0.3136638570599445,0.38523677486106883,0.45777090845868357,0.18602847174792542,0.695838956778873,0.38777328759454993,-0.045505067875742745,-0.045505067875742745,31.903957595224913,0.4393476573532193,0.4393476573532193,4.980468750000001
Bs,B_{s1}(5830),lattice_fperp_s,11.2,38.0,35.3,high,0.30643190284417793,0.3773981509474,0.45777090845868357,0.18602847174792542,0.695838956778873,0.37955592247302006,-0.0457160738325625,-0.0457160738325625,30.566120920477466,0.4434315940473561,0.4434315940473561,4.980468750000001
Bs,B_{s1}(5830),lattice_fperp_s,11.600000000000001,38.0,35.3,high,0.29997582009025725,0.3703746811729148,0.45777090845868357,0.18602847174792542,0.695838956778873,0.37220226314707,-0.04587328224639736,-0.04587328224639736,29.393195350489957,0.4464865825042815,0.4464865825042815,4.980468750000001
Bs,B_{s1}(5830),lattice_fperp_s,12.0,38.0,35.3,high,0.2941821532040368,0.3640499818647454,0.45777090845868357,0.18602847174792542,0.695838956778873,0.3655879619553199,-0.045987960811825414,-0.045987960811825414,28.357801344907266,0.44872171540584427,0.44872171540584427,4.980468750000001
Bs,B_{s1}(5830),lattice_fperp_s,12.4,38.0,35.3,high,0.2889579614725827,0.35832830817436756,0.45777090845868357,0.18602847174792542,0.695838956778873,0.35961087454642504,-0.046068850121062294,-0.046068850121062294,27.438124001338622,0.45030163808983503,0.45030163808983503,4.980468750000001
Bs,B_{s1}(5830),lattice_fperp_s,12.8,38.0,35.3,high,0.2842264679217757,0.3531302477568309,0.45777090845868357,0.18602847174792542,0.695838956778873,0.35418639991257117,-0.046122785526823036,-0.046122785526823036,26.61659793075022,0.4513566424453073,0.4513566424453073,4.980468750000001
Bs,B_{s1}(5830),lattice_fperp_s,13.2,38.0,35.3,high,0.27992375536950365,0.34838943636022807,0.45777090845868357,0.18602847174792542,0.695838956778873,0.3492439318950155,-0.046155151832624385,-0.046155151832624385,25.878942165871088,0.4519903367348101,0.4519903367348101,4.980468750000001
Bs,B_{s1}(5830),lattice_fperp_s,13.600000000000001,38.0,35.3,high,0.2759962301186436,0.3440500258554416,0.45777090845868357,0.18602847174792542,0.695838956778873,0.34472412775886874,-0.046170219466616584,-0.046170219466616584,25.21344244216722,0.45228549497150056,0.45228549497150056,4.980468750000001
Bs,B_{s1}(5830),lattice_fperp_s,14.0,38.0,35.3,high,0.2723986551583257,0.34006471287445805,0.45777090845868357,0.18602847174792542,0.695838956778873,0.34057678459495727,-0.04617139559876739,-0.04617139559876739,24.610410851665904,0.4523085381492672,0.4523085381492672,4.980468750000001
Bs,B_{s1}(5830),lattice_fperp_s,14.4,38.0,35.3,high,0.2690926106123669,0.33639318973304566,0.45777090845868357,0.18602847174792542,0.695838956778873,0.33675917290359103,-0.04616141351782432,-0.04616141351782432,24.061774391725827,0.45211298450313375,0.45211298450313375,4.980468750000001
Bs,B_{s1}(5830),lattice_fperp_s,14.8,38.0,35.3,high,0.2660452780476531,0.3330009167011209,0.45777090845868357,0.18602847174792542,0.695838956778873,0.333234717595394,-0.04614247671729149,-0.04614247671729149,23.56075834894637,0.4517421198936674,0.4517421198936674,4.980468750000001
Bs,B_{s1}(5830),lattice_fperp_s,15.200000000000001,38.0,35.3,high,0.26322847265601756,0.3298581411445404,0.45777090845868357,0.18602847174792542,0.695838956778873,0.3299719455337676,-0.046116369428824404,-0.046116369428824404,23.101640266598018,0.45123107557024406,0.45123107557024406,4.980468750000001
Bs,B_{s1}(5830),lattice_fperp_s,15.600000000000001,38.0,35.3,high,0.260617866871819,0.3269391080137641,0.45777090845868357,0.18602847174792542,0.695838956778873,0.32694363940551846,-0.04608454206987164,-0.04608454206987164,22.679557011814197,0.4506084533744614,0.4506084533744614,4.980468750000001
Bs,B_{s1}(5830),lattice_fperp_s,16.0,38.0,35.3,high,0.2581923630926255,0.3242214198809005,0.45777090845868357,0.18602847174792542,0.695838956778873,0.32412615265042727,-0.04604817777409715,-0.04604817777409715,22.290352191089916,0.4498976035579115,0.4498976035579115,4.980468750000001
Bs,B_{s1}(5830),lattice_fperp_s,16.4,38.0,35.3,high,0.2559335834562312,0.3216855147723353,0.45777090845868357,0.18602847174792542,0.695838956778873,0.3214988511034027,-0.04600824454104336,-0.04600824454104336,21.930454512835297,0.4491176345483896,0.4491176345483896,4.980468750000001
Bs,B_{s1}(5830),lattice_fperp_s,16.8,38.0,35.3,high,0.2538254522027835,0.3193142374687781,0.45777090845868357,0.18602847174792542,0.695838956778873,0.31904365506557913,-0.04596553637079017,-0.04596553637079017,21.59678009512273,0.4482842147993378,0.4482842147993378,4.980468750000001
Bs,B_{s1}(5830),lattice_fperp_s,17.200000000000003,38.0,35.3,high,0.2518538517826129,0.3170924854828006,0.45777090845868357,0.18602847174792542,0.695838956778873,0.31674466152760067,-0.04592070590152756,-0.04592070590152756,21.28665345395643,0.4474102125343193,0.4474102125343193,4.980468750000001
Bs,B_{s1}(5830),lattice_fperp_s,17.6,38.0,35.3,high,0.25000633809417044,0.31500691509115464,0.45777090845868357,0.18602847174792542,0.695838956778873,0.3145878307828662,-0.045874290448482756,-0.045874290448482756,20.99774317804303,0.4465062084664197,0.4465062084664197,4.980468750000001
Bs,B_{s1}(5830),lattice_fperp_s,18.0,38.0,35.3,high,0.24827190343073435,0.31304569596051074,0.45777090845868357,0.18602847174792542,0.695838956778873,0.3125607250894769,-0.045826732886130796,-0.045826732886130796,20.72800923440685,0.4455809084919041,0.4455809084919041,4.980468750000001
Bs,B_{s1}(5830),lattice_fperp_s,6.0,39.0,35.3,high,0.5967070693763706,0.6775823051698414,0.45777090845868357,0.18602847174792542,0.695838956778873,0.6993739466567976,-0.01980718829782884,-0.01980718829782884,103.77856987398847,0.08324045443928735,0.08324045443928735,4.980468750000001
Bs,B_{s1}(5830),lattice_fperp_s,6.4,39.0,35.3,high,0.5398582126474303,0.6203804710892977,0.45777090845868357,0.18602847174792542,0.695838956778873,0.637839682048812,-0.02679855606893393,-0.02679855606893393,86.32008339118256,0.15237424648543876,0.15237424648543876,4.980468750000001
Bs,B_{s1}(5830),lattice_fperp_s,6.8,39.0,35.3,high,0.4957844343433884,0.5755979468710786,0.45777090845868357,0.18602847174792542,0.695838956778873,0.5898318383031955,-0.0316934065837333,-0.0316934065837333,73.81509872801082,0.21312118693563806,0.21312118693563806,4.980468750000001
Bs,B_{s1}(5830),lattice_fperp_s,7.2,39.0,35.3,high,0.46084708489362486,0.5397834735332296,0.45777090845868357,0.18602847174792542,0.695838956778873,0.5515574134546867,-0.03519280387932409,-0.03519280387932409,64.54613390702437,0.2627825487885736,0.2627825487885736,4.980468750000001
Bs,B_{s1}(5830),lattice_fperp_s,7.6,39.0,35.3,high,0.43262401393240896,0.5106180101731874,0.45777090845868357,0.18602847174792542,0.695838956778873,0.5204765161277795,-0.037737305113796096,-0.037737305113796096,57.47659870076706,0.302155530994149,0.302155530994149,4.980468750000001
Bs,B_{s1}(5830),lattice_fperp_s,8.0,39.0,35.3,high,0.409451817064085,0.48649510057484013,0.45777090845868357,0.18602847174792542,0.695838956778873,0.49483527587684256,-0.03961272183097873,-0.03961272183097873,51.95293486352305,0.33293400149470975,0.33293400149470975,4.980468750000001
Bs,B_{s1}(5830),lattice_fperp_s,8.4,39.0,35.3,high,0.3901569181121036,0.466272204242532,0.45777090845868357,0.18602847174792542,0.695838956778873,0.4733899534103,-0.041009660829114135,-0.041009660829114135,47.5474089717485,0.3568298167819868,0.3568298167819868,4.980468750000001
Bs,B_{s1}(5830),lattice_fperp_s,8.8,39.0,35.3,high,0.37389159343329526,0.4491178301535135,0.45777090845868357,0.18602847174792542,0.695838956778873,0.45523785592191407,-0.042058335488149655,-0.042058335488149655,43.97091676891372,0.3753124263959241,0.3753124263959241,4.980468750000001
Bs,B_{s1}(5830),lattice_fperp_s,9.2,39.0,35.3,high,0.3600306742801515,0.4344144994984179,0.45777090845868357,0.18602847174792542,0.695838956778873,0.43971030943917644,-0.042849604088154164,-0.042849604088154164,41.022495725864324,0.38956722271154,0.38956722271154,4.980468750000001
Bs,B_{s1}(5830),lattice_fperp_s,9.6,39.0,35.3,high,0.3481045768892839,0.42169538097009973,0.45777090845868357,0.18602847174792542,0.695838956778873,0.42630295632776144,-0.043448061687281034,-0.043448061687281034,38.558974126820104,0.40052496839751306,0.40052496839751306,4.980468750000001
Bs,B_{s1}(5830),lattice_fperp_s,10.0,39.0,35.3,high,0.3377547626720142,0.4106018624903949,0.45777090845868357,0.18602847174792542,0.695838956778873,0.414629199763429,-0.04390040156820248,-0.04390040156820248,36.47611271405384,0.40890815107857775,0.40890815107857775,4.980468750000001
Bs,B_{s1}(5830),lattice_fperp_s,10.4,39.0,35.3,high,0.32870343318488987,0.40085449792655203,0.45777090845868357,0.18602847174792542,0.695838956778873,0.40438839901129014,-0.04424088104639507,-0.04424088104639507,34.696539204276526,0.4152755064436872,0.4152755064436872,4.980468750000001
Bs,B_{s1}(5830),lattice_fperp_s,10.8,39.0,35.3,high,0.3207324839916978,0.3922327081257063,0.45777090845868357,0.18602847174792542,0.695838956778873,0.39534369713412487,-0.04449496985478047,-0.04449496985478047,33.161824815622936,0.4200593110946958,0.4200593110946958,4.980468750000001
Bs,B_{s1}(5830),lattice_fperp_s,11.2,39.0,35.3,high,0.3136686159321643,0.3845603385056266,0.45777090845868357,0.18602847174792542,0.695838956778873,0.387306278573357,-0.04468183180279164,-0.04468183180279164,31.827157750947613,0.42359489824046,0.42359489824046,4.980468750000001
Bs,B_{s1}(5830),lattice_fperp_s,11.600000000000001,39.0,35.3,high,0.3073726242701371,0.3776952128912136,0.45777090845868357,0.18602847174792542,0.695838956778873,0.38012400507404465,-0.044816041964826255,-0.044816041964826255,30.65768622027057,0.42614341151751267,0.42614341151751267,4.980468750000001
Bs,B_{s1}(5830),lattice_fperp_s,12.0,39.0,35.3,high,0.30173157481580026,0.3715214636795381,0.45777090845868357,0.18602847174792542,0.695838956778873,0.3736730874114288,-0.044908793560910466,-0.044908793560910466,29.625959356399207,0.42790913561771765,0.42790913561771765,4.980468750000001
Bs,B_{s1}(5830),lattice_fperp_s,12.4,39.0,35.3,high,0.2966530085205375,0.3659438227322711,0.45777090845868357,0.18602847174792542,0.695838956778873,0.36785189709004296,-0.04496875835318983,-0.04496875835318983,28.710105097937475,0.4290526360950543,0.4290526360950543,4.980468750000001
Bs,B_{s1}(5830),lattice_fperp_s,12.8,39.0,35.3,high,0.292060593275451,0.3608833179723246,0.45777090845868357,0.18602847174792542,0.695838956778873,0.3625763095315613,-0.04500270809667579,-0.04500270809667579,27.892512119160227,0.4297007182726097,0.4297007182726097,4.980468750000001
Bs,B_{s1}(5830),lattice_fperp_s,13.2,39.0,35.3,high,0.28789082281586775,0.3562739918006165,0.45777090845868357,0.18602847174792542,0.695838956778873,0.357776158637738,-0.045015968828504525,-0.045015968828504525,27.158862459644073,0.4299539912757383,0.4299539912757383,4.980468750000001
Bs,B_{s1}(5830),lattice_fperp_s,13.600000000000001,39.0,35.3,high,0.2840904831271776,0.3520603718149544,0.45777090845868357,0.18602847174792542,0.695838956778873,0.353392508273521,-0.04501275665915396,-0.04501275665915396,26.49741202836189,0.4298926336822281,0.4298926336822281,4.980468750000001
Bs,B_{s1}(5830),lattice_fperp_s,14.0,39.0,35.3,high,0.28061468819378343,0.3481955019731283,0.45777090845868357,0.18602847174792542,0.695838956778873,0.3493755313997349,-0.04499642852954109,-0.04499642852954109,25.8984488619514,0.4295808078777532,0.4295808078777532,4.980468750000001
Bs,B_{s1}(5830),lattice_fperp_s,14.4,39.0,35.3,high,0.27742534281808623,0.3446393958643523,0.45777090845868357,0.18602847174792542,0.695838956778873,0.3456828461974765,-0.04496967125236617,-0.04496967125236617,25.353880570137616,0.4290700564459004,0.4290700564459004,4.980468750000001
Bs,B_{s1}(5830),lattice_fperp_s,14.8,39.0,35.3,high,0.27448992911995446,0.3413578111502234,0.45777090845868357,0.18602847174792542,0.695838956778873,0.34227819941698334,-0.04493464528744626,-0.04493464528744626,24.85691684198835,0.4284019288125939,0.4284019288125939,4.980468750000001
Bs,B_{s1}(5830),lattice_fperp_s,15.200000000000001,39.0,35.3,high,0.2717805407340672,0.33832127070284757,0.45777090845868357,0.18602847174792542,0.695838956778873,0.33913041607974187,-0.04489309498903103,-0.04489309498903103,24.40182271129485,0.42761002323119973,0.42761002323119973,4.980468750000001
Bs,B_{s1}(5830),lattice_fperp_s,15.600000000000001,39.0,35.3,high,0.26927310827494544,0.3355042749232067,0.45777090845868357,0.18602847174792542,0.695838956778873,0.33621255532857913,-0.04484643379095477,-0.04484643379095477,23.983725059274125,0.42672158251743864,0.42672158251743864,4.980468750000001
Bs,B_{s1}(5830),lattice_fperp_s,16.0,39.0,35.3,high,0.26694677374686376,0.33288466345103,0.45777090845868357,0.18602847174792542,0.695838956778873,0.3335012271670465,-0.044795810496841774,-0.044795810496841774,23.59845957402263,0.4257587474378656,0.4257587474378656,4.980468750000001
Bs,B_{s1}(5830),lattice_fperp_s,16.4,39.0,35.3,high,0.2647833818627188,0.330443094524169,0.45777090845868357,0.18602847174792542,0.695838956778873,0.33097603575339746,-0.044742161210347464,-0.044742161210347464,23.242448743018016,0.4247395461010111,0.4247395461010111,4.980468750000001
Bs,B_{s1}(5830),lattice_fperp_s,16.8,39.0,35.3,high,0.26276706381185017,0.32816261767045535,0.45777090845868357,0.18602847174792542,0.695838956778873,0.3286191229775629,-0.044686250269639224,-0.044686250269639224,22.912603859381964,0.42367867871587467,0.42367867871587467,4.980468750000001
Bs,B_{s1}(5830),lattice_fperp_s,17.200000000000003,39.0,35.3,high,0.2608838946484986,0.3260283209531331,0.45777090845868357,0.18602847174792542,0.695838956778873,0.3264147920562737,-0.04462870270249312,-0.04462870270249312,22.60624576361723,0.42258814292308494,0.42258814292308494,4.980468750000001
Bs,B_{s1}(5830),lattice_fperp_s,17.6,39.0,35.3,high,0.259121609696004,0.3240270381577658,0.45777090845868357,0.18602847174792542,0.695838956778873,0.3243491953955794,-0.044570030098954716,-0.044570030098954716,22.321040316097964,0.42147773429749336,0.42147773429749336,4.980468750000001
Bs,B_{s1}(5830),lattice_fperp_s,18.0,39.0,35.3,high,0.25746936855551356,0.32214710446928996,0.45777090845868357,0.18602847174792542,0.695838956778873,0.3224100743903494,-0.04451065134207413,-0.04451065134207413,22.054945536199565,0.4203554486372427,0.4203554486372427,4.980468750000001
Bs,B_{s1}(5830),lattice_fperp_s,6.0,40.0,35.3,high,0.6003708118900546,0.6810217278932204,0.45777090845868357,0.18602847174792542,0.695838956778873,0.7031684059001306,-0.019058254230748514,-0.019058254230748514,104.90772772609576,0.07706461516449792,0.07706461516449792,4.980468750000001
Bs,B_{s1}(5830),lattice_fperp_s,6.4,40.0,35.3,high,0.5438445277716293,0.6241225408108521,0.45777090845868357,0.18602847174792542,0.695838956778873,0.6419681011779942,-0.025983470525051577,-0.025983470525051577,87.44111358689446,0.14324619598984534,0.14324619598984534,4.980468750000001
Bs,B_{s1}(5830),lattice_fperp_s,6.8,40.0,35.3,high,0.5000789104705882,0.579629129470788,0.45777090845868357,0.18602847174792542,0.695838956778873,0.5942792881363997,-0.030815109644904422,-0.030815109644904422,74.93245662304975,0.2014727047119941,0.2014727047119941,4.980468750000001
Bs,B_{s1}(5830),lattice_fperp_s,7.2,40.0,35.3,high,0.4654354518989073,0.5440903702000428,0.45777090845868357,0.18602847174792542,0.695838956778873,0.556309113065648,-0.03425420971148202,-0.03425420971148202,65.66306196449827,0.24895261159041,0.24895261159041,4.980468750000001
Bs,B_{s1}(5830),lattice_fperp_s,7.6,40.0,35.3,high,0.4374923667913001,0.515187566753921,0.45777090845868357,0.18602847174792542,0.695838956778873,0.5255180640417105,-0.03674125555808778,-0.03674125555808778,58.59547510520621,0.28641566598874835,0.28641566598874835,4.980468750000001
Bs,B_{s1}(5830),lattice_fperp_s,8.0,40.0,35.3,high,0.4145867551412439,0.49131473787676605,0.45777090845868357,0.18602847174792542,0.695838956778873,0.5001527940113721,-0.038561957377743705,-0.038561957377743705,53.0755105589657,0.3155054914023966,0.3155054914023966,4.980468750000001
Bs,B_{s1}(5830),lattice_fperp_s,8.4,40.0,35.3,high,0.3955456262090822,0.4713298937582016,0.45777090845868357,0.18602847174792542,0.695838956778873,0.47897017076493886,-0.03990680361478536,-0.03990680361478536,48.67497270913529,0.3378957035940449,0.3378957035940449,4.980468750000001
Bs,B_{s1}(5830),lattice_fperp_s,8.8,40.0,35.3,high,0.3795218828992925,0.45440213237165644,0.45777090845868357,0.18602847174792542,0.695838956778873,0.4610681509595906,-0.040905880550011375,-0.040905880550011375,45.10441239366798,0.35502609345369884,0.35502609345369884,4.980468750000001
Bs,B_{s1}(5830),lattice_fperp_s,9.2,40.0,35.3,high,0.36589099701322236,0.4399145768269016,0.45777090845868357,0.18602847174792542,0.695838956778873,0.4457787244338112,-0.041649916235367845,-0.041649916235367845,42.162607004474346,0.3680586650963188,0.3680586650963188,4.980468750000001
Bs,B_{s1}(5830),lattice_fperp_s,9.6,40.0,35.3,high,0.3541840212103722,0.42740099369032925,0.45777090845868357,0.18602847174792542,0.695838956778873,0.432598192971703,-0.04220337613629187,-0.04220337613629187,39.70618703835722,0.37790546385503004,0.37790546385503004,4.980468750000001
Bs,B_{s1}(5830),lattice_fperp_s,10.0,40.0,35.3,high,0.3440430373543707,0.4165033536306601,0.45777090845868357,0.18602847174792542,0.695838956778873,0.42114060253425845,-0.042612827045710545,-0.042612827045710545,37.630761803391074,0.38527380032414876,0.38527380032414876,4.980468750000001
Bs,B_{s1}(5830),lattice_fperp_s,10.4,40.0,35.3,high,0.33519084402364807,0.4069427711623993,0.45777090845868357,0.18602847174792542,0.695838956778873,0.4111059308335066,-0.04291240445362802,-0.04291240445362802,35.8588424757959,0.39070995867867125,0.39070995867867125,4.980468750000001
Bs,B_{s1}(5830),lattice_fperp_s,10.8,40.0,35.3,high,0.32740990596233677,0.3984992015629261,0.45777090845868357,0.18602847174792542,0.695838956778873,0.4022579104887276,-0.04312746186203582,-0.04312746186203582,34.331910266620774,0.3946358919793514,0.3946358919793514,4.980468750000001
Bs,B_{s1}(5830),lattice_fperp_s,11.2,40.0,35.3,high,0.32052746304460455,0.39099699631852225,0.45777090845868357,0.18602847174792542,0.695838956778873,0.39440828423370816,-0.043277052937444035,-0.043277052937444035,33.005083726113746,0.3973782926228265,0.3973782926228265,4.980468750000001
Bs,B_{s1}(5830),lattice_fperp_s,11.600000000000001,40.0,35.3,high,0.31440481856036845,0.3842944561657759,0.45777090845868357,0.18602847174792542,0.695838956778873,0.3874054399585887,-0.04337564889323094,-0.04337564889323094,31.843457146238258,0.3991910095574309,0.3991910095574309,4.980468750000001
Bs,B_{s1}(5830),lattice_fperp_s,12.0,40.0,35.3,high,0.3089295154475211,0.3782761613713289,0.45777090845868357,0.18602847174792542,0.695838956778873,0.38112608255827346,-0.04343434536162431,-0.04343434536162431,30.819537985996778,0.40027212104295545,0.40027212104295545,4.980468750000001
Bs,B_{s1}(5830),lattice_fperp_s,12.4,40.0,35.3,high,0.30400954163807764,0.37284726333856544,0.45777090845868357,0.18602847174792542,0.695838956778873,0.37546904641584705,-0.04346172264745444,-0.04346172264745444,29.911422092903095,0.40077687449476007,0.40077687449476007,4.980468750000001
Bs,B_{s1}(5830),lattice_fperp_s,12.8,40.0,35.3,high,0.2995689830160505,0.36792918229966337,0.45777090845868357,0.18602847174792542,0.695838956778873,0.37035063979602234,-0.04346446695040641,-0.04346446695040641,29.10147358624089,0.40082748858995754,0.40082748858995754,4.980468750000001
Bs,B_{s1}(5830),lattice_fperp_s,13.2,40.0,35.3,high,0.295544723725831,0.36345632705579756,0.45777090845868357,0.18602847174792542,0.695838956778873,0.3657011008658669,-0.04344782437396697,-0.04344782437396697,28.375355901033938,0.40052059307468657,0.40052059307468657,4.980468750000001
Bs,B_{s1}(5830),lattice_fperp_s,13.600000000000001,40.0,35.3,high,0.291883914112451,0.3593735671408159,0.45777090845868357,0.18602847174792542,0.695838956778873,0.36146187077007835,-0.04341593640818897,-0.04341593640818897,27.721311055261232,0.3999328950573143,0.3999328950573143,4.980468750000001
Bs,B_{s1}(5830),lattice_fperp_s,14.0,40.0,35.3,high,0.28854200805686786,0.35563426547691285,0.45777090845868357,0.18602847174792542,0.695838956778873,0.3575834744089379,-0.043372090366588484,-0.043372090366588484,27.129616937411072,0.39912551319672346,0.39912551319672346,4.980468750000001
Bs,B_{s1}(5830),lattice_fperp_s,14.4,40.0,35.3,high,0.2854812273797319,0.35219873313644584,0.45777090845868357,0.18602847174792542,0.695838956778873,0.3540238582058489,-0.04331890810669813,-0.04331890810669813,26.592173985897077,0.3981473088798597,0.3981473088798597,4.980468750000001
Bs,B_{s1}(5830),lattice_fperp_s,14.8,40.0,35.3,high,0.2826693498885481,0.34903300523785863,0.45777090845868357,0.18602847174792542,0.695838956778873,0.3507470750605262,-0.04325848949148044,-0.04325848949148044,26.102187087878914,0.3970374594161915,0.3970374594161915,4.980468750000001
Bs,B_{s1}(5830),lattice_fperp_s,15.200000000000001,40.0,35.3,high,0.2800787450628019,0.346107863482064,0.45777090845868357,0.18602847174792542,0.695838956778873,0.3477222355930544,-0.04319252233440528,-0.04319252233440528,25.653918360848685,0.39582745590438,0.39582745590438,4.980468750000001
Bs,B_{s1}(5830),lattice_fperp_s,15.600000000000001,40.0,35.3,high,0.2776856009330462,0.34339804979948274,0.45777090845868357,0.18602847174792542,0.695838956778873,0.34492266545931455,-0.0431223672969872,-0.0431223672969872,25.242493268526864,0.39454266231142093,0.39454266231142093,4.980468750000001
Bs,B_{s1}(5830),lattice_fperp_s,16.0,40.0,35.3,high,0.27546929982362944,0.3408816293120299,0.45777090845868357,0.18602847174792542,0.695838956778873,0.3423252234713628,-0.04304912390762893,-0.04304912390762893,24.86374727001072,0.3932035382185022,0.3932035382185022,4.980468750000001
Bs,B_{s1}(5830),lattice_fperp_s,16.4,40.0,35.3,high,0.2734119109200267,0.3385394708651833,0.45777090845868357,0.18602847174792542,0.695838956778873,0.33990974618487896,-0.04297368223746464,-0.04297368223746464,24.514103562621774,0.3918266024489128,0.3918266024489128,4.980468750000001
Bs,B_{s1}(5830),lattice_fperp_s,16.8,40.0,35.3,high,0.2714977752006486,0.3363548208130496,0.45777090845868357,0.18602847174792542,0.695838956778873,0.33765859268199655,-0.04289676359748967,-0.04289676359748967,24.190474886822226,0.3904251960489602,0.3904251960489602,4.980468750000001
Bs,B_{s1}(5830),lattice_fperp_s,17.200000000000003,40.0,35.3,high,0.2697131639067101,0.33431295127933874,0.45777090845868357,0.18602847174792542,0.695838956778873,0.3355562692866578,-0.042818952773012044,-0.042818952773012044,23.89018410524871,0.389010089117447,0.389010089117447,4.980468750000001
Bs,B_{s1}(5830),lattice_fperp_s,17.6,40.0,35.3,high,0.2680459959484554,0.33240086828517523,0.45777090845868357,0.18602847174792542,0.695838956778873,0.33358911846506734,-0.04274072369175708,-0.04274072369175708,23.610899543531154,0.3875899655148717,0.3875899655148717,4.980468750000001
Bs,B_{s1}(5830),lattice_fperp_s,18.0,40.0,35.3,high,0.26648560284050005,0.33060706829619135,0.45777090845868357,0.18602847174792542,0.695838956778873,0.3317450595849862,-0.04266245996535144,-0.04266245996535144,23.35058202276117,0.38617181161055253,0.38617181161055253,4.980468750000001
Bs,B_{s1}(5830),lattice_fperp_s,6.0,41.0,35.3,high,0.6035806919541225,0.6838740234349183,0.45777090845868357,0.18602847174792542,0.695838956778873,0.7063811827394647,-0.018207608797300552,-0.018207608797300552,105.86856468844225,0.0703387440579179,0.0703387440579179,4.980468750000001
Bs,B_{s1}(5830),lattice_fperp_s,6.4,41.0,35.3,high,0.5473735868512253,0.6272583064782442,0.45777090845868357,0.18602847174792542,0.695838956778873,0.6455002397527049,-0.0250480564367873,-0.0250480564367873,88.40597085845182,0.13311801969989795,0.13311801969989795,4.980468750000001
Bs,B_{s1}(5830),lattice_fperp_s,6.8,41.0,35.3,high,0.5039158836593473,0.5830383482040143,0.45777090845868357,0.18602847174792542,0.695838956778873,0.5981195084684586,-0.02979790365046514,-0.02979790365046514,75.90400952600179,0.18839102331325205,0.18839102331325205,4.980468750000001
Bs,B_{s1}(5830),lattice_fperp_s,7.2,41.0,35.3,high,0.469568633763102,0.5477626360091438,0.45777090845868357,0.18602847174792542,0.695838956778873,0.5604456960001053,-0.0331583083485546,-0.0331583083485546,66.64320249708076,0.2332778552443169,0.2332778552443169,4.980468750000001
Bs,B_{s1}(5830),lattice_fperp_s,7.6,41.0,35.3,high,0.44190992985794325,0.5191123672143665,0.45777090845868357,0.18602847174792542,0.695838956778873,0.5299391696669244,-0.03556979013232155,-0.03556979013232155,59.58553236708486,0.2684425697638802,0.2684425697638802,4.980468750000001
Bs,B_{s1}(5830),lattice_fperp_s,8.0,41.0,35.3,high,0.41927697098265004,0.49548165016217566,0.45777090845868357,0.18602847174792542,0.695838956778873,0.504846682650076,-0.037318034862947505,-0.037318034862947505,54.07640297725437,0.2954787915748886,0.2954787915748886,4.980468750000001
Bs,B_{s1}(5830),lattice_fperp_s,8.4,41.0,35.3,high,0.40049701579703567,0.47572871790030613,0.45777090845868357,0.18602847174792542,0.695838956778873,0.48392535322527497,-0.03859346639169328,-0.03859346639169328,49.68731551445849,0.3160213017562083,0.3160213017562083,4.980468750000001
Bs,B_{s1}(5830),lattice_fperp_s,8.8,41.0,35.3,high,0.38472331581668273,0.45902297914096857,0.45777090845868357,0.18602847174792542,0.695838956778873,0.46627348764313226,-0.03952607977783665,-0.03952607977783665,46.12859493326885,0.3314791891194935,0.3314791891194935,4.980468750000001
Bs,B_{s1}(5830),lattice_fperp_s,9.2,41.0,35.3,high,0.3713317538460084,0.4447479229499658,0.45777090845868357,0.18602847174792542,0.695838956778873,0.4512234876284578,-0.0402064950466887,-0.0402064950466887,43.19884924637461,0.34298980660630607,0.34298980660630607,4.980468750000001
Bs,B_{s1}(5830),lattice_fperp_s,9.6,41.0,35.3,high,0.35985382957012774,0.43243771367966694,0.45777090845868357,0.18602847174792542,0.695838956778873,0.43827210278222056,-0.04069905987383224,-0.04069905987383224,40.75458142707878,0.3514451357798487,0.3514451357798487,4.980468750000001
Bs,B_{s1}(5830),lattice_fperp_s,10.0,41.0,35.3,high,0.34993208914804314,0.42173473498712477,0.45777090845868357,0.18602847174792542,0.695838956778873,0.4270338440681417,-0.041050218512377175,-0.041050218512377175,38.69130462102002,0.35753596000481147,0.35753596000481147,4.980468750000001
Bs,B_{s1}(5830),lattice_fperp_s,10.4,41.0,35.3,high,0.34128979951843774,0.41236051787284245,0.45777090845868357,0.18602847174792542,0.695838956778873,0.4172091581902483,-0.04129398269715648,-0.04129398269715648,36.93145756788578,0.3617948036876818,0.3617948036876818,4.980468750000001
Bs,B_{s1}(5830),lattice_fperp_s,10.8,41.0,35.3,high,0.33370988868401086,0.4040954294759248,0.45777090845868357,0.18602847174792542,0.695838956778873,0.40856224159051113,-0.04145558341718407,-0.04145558341718407,35.41646713799877,0.36463205495593304,0.36463205495593304,4.980468750000001
Bs,B_{s1}(5830),lattice_fperp_s,11.2,41.0,35.3,high,0.327020048445362,0.39676422300258907,0.45777090845868357,0.18602847174792542,0.695838956778873,0.40090528943309506,-0.041553954742074434,-0.041553954742074434,34.10141143570957,0.3663646030545435,0.3663646030545435,4.980468750000001
Bs,B_{s1}(5830),lattice_fperp_s,11.600000000000001,41.0,35.3,high,0.32108201858675406,0.39022558713948924,0.45777090845868357,0.18602847174792542,0.695838956778873,0.3940871265530424,-0.04160345230918641,-0.04160345230918641,32.95135503449815,0.3672379233926569,0.3672379233926569,4.980468750000001
Bs,B_{s1}(5830),lattice_fperp_s,12.0,41.0,35.3,high,0.31578376054930485,0.38436447407164875,0.45777090845868357,0.18602847174792542,0.695838956778873,0.38798487675175397,-0.04161506088843177,-0.04161506088843177,31.938783992166588,0.3674428922144817,0.3674428922144817,4.980468750000001
Bs,B_{s1}(5830),lattice_fperp_s,12.4,41.0,35.3,high,0.311033661327039,0.3790863898103357,0.45777090845868357,0.18602847174792542,0.695838956778873,0.38249777383575256,-0.04159725503207689,-0.04159725503207689,31.041779223545014,0.36712852354518466,0.36712852354518466,4.980468750000001
Bs,B_{s1}(5830),lattice_fperp_s,12.8,41.0,35.3,high,0.30675618576682023,0.3743130913082774,0.45777090845868357,0.18602847174792542,0.695838956778873,0.37754250535700745,-0.04155662048078719,-0.04155662048078719,30.242694955493302,0.3664116100668728,0.3664116100668728,4.980468750000001
Bs,B_{s1}(5830),lattice_fperp_s,13.2,41.0,35.3,high,0.30288857677856357,0.3699793061188932,0.45777090845868357,0.18602847174792542,0.695838956778873,0.3730496685397434,-0.04149830820615172,-0.04149830820615172,29.5271886605938,0.36538403354162713,0.36538403354162713,4.980468750000001
Bs,B_{s1}(5830),lattice_fperp_s,13.600000000000001,41.0,35.3,high,0.29937832356668587,0.3660302048237415,0.45777090845868357,0.18602847174792542,0.695838956778873,0.3689610436506482,-0.04142636982234444,-0.04142636982234444,28.883499456586907,0.36411832633585983,0.36411832633585983,4.980468750000001
Bs,B_{s1}(5830),lattice_fperp_s,14.0,41.0,35.3,high,0.29618119952112143,0.3624194341860345,0.45777090845868357,0.18602847174792542,0.695838956778873,0.36522747533584415,-0.04134400788060112,-0.04134400788060112,28.301904712501198,0.3626719200652966,0.3626719200652966,4.980468750000001
Bs,B_{s1}(5830),lattice_fperp_s,14.4,41.0,35.3,high,0.2932597273501683,0.35910757256353176,0.45777090845868357,0.18602847174792542,0.695838956778873,0.36180721112039393,-0.04125376440044827,-0.04125376440044827,27.77430619085163,0.3610904063907029,0.3610904063907029,4.980468750000001
Bs,B_{s1}(5830),lattice_fperp_s,14.8,41.0,35.3,high,0.2905819679637096,0.35606090654995465,0.45777090845868357,0.18602847174792542,0.695838956778873,0.35866458720008576,-0.04115766411265594,-0.04115766411265594,27.29391152153224,0.3594100518939492,0.3594100518939492,4.980468750000001
Bs,B_{s1}(5830),lattice_fperp_s,15.200000000000001,41.0,35.3,high,0.288120557053362,0.35325045430873475,0.45777090845868357,0.18602847174792542,0.695838956778873,0.3557689805827417,-0.04105732416960216,-0.04105732416960216,26.85498664640583,0.3576597473047564,0.3576597473047564,4.980468750000001
Bs,B_{s1}(5830),lattice_fperp_s,15.600000000000001,41.0,35.3,high,0.28585193289110883,0.350651180038789,0.45777090845868357,0.18602847174792542,0.695838956778873,0.35309396732515,-0.04095403880108881,-0.04095403880108881,26.452661667411768,0.35586252576477584,0.35586252576477584,4.980468750000001
Bs,B_{s1}(5830),lattice_fperp_s,16.0,41.0,35.3,high,0.28375571299169944,0.34824135775501347,0.45777090845868357,0.18602847174792542,0.695838956778873,0.3506166415748378,-0.040848845091021484,-0.040848845091021484,26.082777282647992,0.35403675113022287,0.35403675113022287,4.980468750000001
Bs,B_{s1}(5830),lattice_fperp_s,16.4,41.0,35.3,high,0.28181418758279186,0.34600205262360495,0.45777090845868357,0.18602847174792542,0.695838956778873,0.34831706106184984,-0.04074257441522646,-0.04074257441522646,25.741762359596095,0.3521970523799923,0.3521970523799923,4.980468750000001
Bs,B_{s1}(5830),lattice_fperp_s,16.8,41.0,35.3,high,0.28001190541120563,0.34391669552495024,0.45777090845868357,0.18602847174792542,0.695838956778873,0.3461777927573621,-0.04063589290780321,-0.04063589290780321,25.42653560503215,0.35035506168554176,0.35035506168554176,4.980468750000001
Bs,B_{s1}(5830),lattice_fperp_s,17.200000000000003,41.0,35.3,high,0.2783353330513767,0.34197073206038237,0.45777090845868357,0.18602847174792542,0.695838956778873,0.3441835384288055,-0.04052933347408659,-0.04052933347408659,25.134426036725753,0.34851999990453,0.34851999990453,4.980468750000001
Bs,B_{s1}(5830),lattice_fperp_s,17.6,41.0,35.3,high,0.27677257310976183,0.3401513313897244,0.45777090845868357,0.18602847174792542,0.695838956778873,0.34232082433954647,-0.04042332124779639,-0.04042332124779639,24.8631082391045,0.3466991429369275,0.3466991429369275,4.980468750000001
Bs,B_{s1}(5830),lattice_fperp_s,18.0,41.0,35.3,high,0.27531312991554097,0.3384471434499488,0.45777090845868357,0.18602847174792542,0.695838956778873,0.34057774276446756,-0.04031819393277135,-0.04031819393277135,24.610549328388633,0.3448981946203645,0.3448981946203645,4.980468750000001
