fB_scheme,M2,s0_root,s0,GA_stage2,GB_hard,GB_soft2p,GB_3p_sigma_matched,GB_3p_xgamma_unmatched_axial_ratio,GB_3p_xgamma_matched_S_T2_T3,GB_3p_xgamma_T4_tensor_only,GB_3p_full_matched,GB_3p_full_ratio_diagnostic,GB_stage2_sigma_matched,GB_stage2_full_matched,GB_stage2_full_ratio_diagnostic,hard_qcd_side,G2460_sigma_matched,G2536_sigma_matched,G2460_full_matched,G2536_full_matched,G2460_full_ratio_diagnostic,G2536_full_ratio_diagnostic,Gamma2460_keV_sigma_matched,Gamma2536_keV_sigma_matched,Gamma2460_keV_full_matched,Gamma2536_keV_full_matched,Gamma2460_keV_full_ratio_diagnostic,Gamma2536_keV_full_ratio_diagnostic,fB
fB_equal_fT_diagnostic,3.0,2.5,6.25,-0.3123740953170627,-0.7657846555855715,0.3204266853878664,-0.0036640993170747797,0.005313350871717194,0.00605441894352224,-0.0009880907624067155,0.0014022288640407451,0.0016492515546424136,-0.4490220695147799,-0.4439557413336644,-0.4437087186430627,-0.06552070799308397,-0.5469715423454632,0.004530585030038059,-0.5428367214731724,0.001602968662951454,-0.5426351169697696,0.0014602247177915584,62.88748298723179,0.006369549763449849,61.94028329925526,0.0007973522574984814,61.89428375389725,0.000661667121537216,0.256
fB_converted_fT_M_over_msum_central,3.0,2.5,6.25,-0.3123740953170627,-0.4243807625790339,0.17757331660242398,-0.0020305620529265803,0.0029445404505592737,0.0033552238341210865,-0.0005475778447490763,0.0007770839364454301,0.0009139783976326935,-0.2488380080295365,-0.24603036204016449,-0.24589346757897723,-0.06552070799308397,-0.383593804832438,-0.11114730117926624,-0.3813023794008737,-0.11276972082079464,-0.381190654685225,-0.11284882632892757,30.929857474744356,3.8335224185423393,30.561437665885585,3.94625526389076,30.543530787334838,3.951793630324933,0.4619457079970653
fB_equal_fT_diagnostic,3.25,2.5,6.25,-0.31629730363853326,-0.7488861605240041,0.3037152745390171,-0.003362598592898251,0.00487614134299032,0.0055562305654306325,-0.0009067856299204056,0.001286846342611977,0.001513542750092069,-0.4485334845778853,-0.44388403964237505,-0.443657343234895,-0.07276806009220518,-0.5488398456531232,0.0010463747142271385,-0.5450452588682454,-0.0016403424909087194,-0.5448602434085648,-0.0017713407383914137,63.317829156839046,0.00033976186846325254,62.4453180821349,0.0008349668500105569,62.40293118617956,0.0009736534016895771,0.256
fB_converted_fT_M_over_msum_central,3.25,2.5,6.25,-0.31629730363853326,-0.415015993817531,0.16831222573558863,-0.001863477081569553,0.0027022486889594654,0.0030791389553494414,-0.0005025203551866285,0.0007131415185932606,0.0008387716073899125,-0.24856724516351195,-0.24599062656334914,-0.24586499647455248,-0.07276806009220518,-0.3856398809200841,-0.11450564135066588,-0.38353700562519155,-0.11599456005389833,-0.3834344741872795,-0.11606715635856144,31.260695045907372,4.068683716815607,30.920698508684172,4.17518196358735,30.904168578759116,4.180409754125094,0.4619457079970653
fB_equal_fT_diagnostic,3.5,2.5,6.25,-0.3192657468638789,-0.735217565532848,0.29043784189296334,-0.0031239946070163527,0.004530139068850842,0.005161970375650468,-0.0008424417423994891,0.0011955340262346256,0.0014061444618344895,-0.447903718246901,-0.44358418961365004,-0.44337357917805015,-0.07967106853476695,-0.5500412072277555,-0.001740198661935477,-0.5465158775387319,-0.00423627121640241,-0.5463439904453756,-0.0043579740623885255,63.595326718840134,0.0009397186030983879,62.782747458896885,0.005568877663948401,62.74326151761215,0.0058934478631851904,0.256
fB_converted_fT_M_over_msum_central,3.5,2.5,6.25,-0.3192657468638789,-0.40744116357848004,0.16095416893682007,-0.001731248078618942,0.002510501951959218,0.0028606487586955017,-0.000466862408981705,0.0006625382710948544,0.000779253873340276,-0.2482182427202789,-0.2458244563705651,-0.2457077407683197,-0.07967106853476695,-0.38707038445744735,-0.11712997317363993,-0.3851167254348251,-0.11851324086696721,-0.3850214694444838,-0.11858068586760923,31.493043810453845,4.257319571629349,31.175936638314774,4.358468511481721,31.160516235842763,4.363430666828179,0.4619457079970653
fB_equal_fT_diagnostic,3.75,2.5,6.25,-0.32157873533178094,-0.7239550750846059,0.2796575300086069,-0.00293094379906606,0.004250193960941677,0.004842980531879081,-0.0007903820945831947,0.0011216546382298266,0.001319250161875617,-0.44722848887506506,-0.44317589043776917,-0.4429782949141234,-0.08622665179103486,-0.5508267051767624,-0.004018101936735352,-0.547519227254585,-0.0063599268422914745,-0.5473579621201061,-0.00647410892217426,63.77709371003277,0.00501005004850328,63.01348504203659,0.012551753558472437,62.97637079616297,0.013006491674830535,0.256
fB_converted_fT_M_over_msum_central,3.75,2.5,6.25,-0.32157873533178094,-0.4011997427689846,0.15497996072442818,-0.0016242636300577511,0.002355362621981502,0.0026838717076443125,-0.0004380121142170743,0.000621595963369487,0.000731098991923751,-0.24784404567461418,-0.24559818608118694,-0.2454886830526327,-0.08622665179103486,-0.38810156620367176,-0.11923392262357585,-0.3862686357674336,-0.12053170971293262,-0.38617926622960286,-0.12059498687287579,31.66106653234696,4.4116375780896195,31.36271424941715,4.508196085780686,31.348203379141253,4.5129307854773355,0.4619457079970653
fB_equal_fT_diagnostic,4.0,2.5,6.25,-0.32342584840426253,-0.7145289579295887,0.27074482576366704,-0.002771836149477521,0.004019470201708793,0.00458007707747785,-0.0007474758343587338,0.001060765093641596,0.001247634052231272,-0.4465559683153992,-0.44272336707228005,-0.4425364981136904,-0.09244091507821293,-0.5513452042399491,-0.005914221481273685,-0.5482172742976517,-0.008128919330831763,-0.5480647635161275,-0.008236902983313421,63.89721834027446,0.0108541378366141,63.174262652851404,0.020505284117608408,63.13911813459141,0.021053682302238346,0.256
fB_converted_fT_M_over_msum_central,4.0,2.5,6.25,-0.32342584840426253,-0.3959759990477858,0.15004073897779147,-0.0015360897221946982,0.0022275006647404284,0.002538176481643549,-0.00041423442253748897,0.0005878523369113621,0.0006914109425457301,-0.24747134979218904,-0.24534740773308297,-0.2452438491274486,-0.09244091507821293,-0.38886476345638843,-0.12095678619239228,-0.3871313345027997,-0.12218412230499551,-0.38704681643196515,-0.12224396443483188,31.785711212299308,4.540050064474734,31.502962696800395,4.632652351278081,31.48920881665249,4.63719133174789,0.4619457079970653
fB_equal_fT_diagnostic,4.25,2.5,6.25,-0.32493188844603843,-0.7065335994328927,0.26326242575461545,-0.0026386353422758213,0.0038263142406352244,0.004359981108283912,-0.0007115558235315734,0.001009789942476517,0.001187678898359403,-0.4459098090205531,-0.44226138373580076,-0.4420834947799179,-0.09832557222071124,-0.5516881260710127,-0.00751674544662595,-0.5487105090515274,-0.009625015814413662,-0.5485653271877712,-0.00972781030386416,63.9767277481857,0.017533146032268722,63.28799040521035,0.028747697556516374,63.25450443146268,0.029365023305649586,0.256
fB_converted_fT_M_over_msum_central,4.25,2.5,6.25,-0.32493188844603843,-0.3915451498381918,0.14589415991199056,-0.0014622728080999974,0.002120457942665505,0.0024162042084126738,-0.0003943283543295525,0.0005596030459831235,0.0006581851345655077,-0.2471132627343012,-0.2450913868802181,-0.2449928047916357,-0.09832557222071124,-0.389442791868692,-0.122392845419245,-0.38779266298169934,-0.12356120179708385,-0.38771220643349863,-0.12361816820859883,31.88027724773749,4.648493485216153,31.610686352953962,4.737665683004734,31.59757097908966,4.742035178012284,0.4619457079970653
fB_equal_fT_diagnostic,4.5,2.5,6.25,-0.32618178387503105,-0.6996729647518177,0.25689783413577205,-0.0025256179775914028,0.0036624265123832126,0.004173235495111347,-0.0006810786436375042,0.0009665388738824403,0.0011368085347918096,-0.44530074859363705,-0.44180859174216325,-0.44163832208125386,-0.10389555997225614,-0.5519133105653017,-0.008888782301299913,-0.549063230088358,-0.010906751763467115,-0.5489242666176395,-0.011005143385224792,64.028965621698,0.024517980955404226,63.3693818859351,0.03691399262913808,63.33730938719836,0.037583011277769626,0.256
fB_converted_fT_M_over_msum_central,4.5,2.5,6.25,-0.32618178387503105,-0.3877431392383523,0.14236704530476002,-0.00139964110732144,0.002029635021906208,0.0023127139580552004,-0.0003774385815319854,0.0005356342692017752,0.0006299939145847678,-0.2467757350409137,-0.2448404596643905,-0.2447461000190075,-0.10389555997225614,-0.3898895844337509,-0.12360797501357979,-0.38831013345181375,-0.1247262886451854,-0.3882331229982301,-0.12478081508570407,31.9534692125823,4.74125318136545,31.695105229727595,4.827431978381932,31.682534801184687,4.831653706164545,0.4619457079970653
fB_equal_fT_diagnostic,4.75,2.5,6.25,-0.32723501575893715,-0.6937262978916644,0.25142224298726884,-0.0024286066423149432,0.003521749304083865,0.00401293763874672,-0.0006549177795504639,0.0009294132168813122,0.0010931426617689216,-0.4447326615467105,-0.4413746416875142,-0.44121091224262665,-0.10916746063097973,-0.5520582914462262,-0.01007663786420665,-0.5493176852109004,-0.012017095242674414,-0.5491840594563248,-0.01211170755073876,64.0626092933578,0.031508771146366195,63.428130675933225,0.04481249970188139,63.39727566736638,0.04552090789401419,0.256
fB_converted_fT_M_over_msum_central,4.75,2.5,6.25,-0.32723501575893715,-0.38444762920363423,0.1393325949142701,-0.0013458795907604255,0.0019516748532085004,0.0022238804641641708,-0.0003629408146075552,0.0005150600587961896,0.0006057952624480747,-0.24646091388012456,-0.24459997423056792,-0.24450923902691604,-0.10916746063097973,-0.39024126512463714,-0.12464947895318579,-0.3887224823237634,-0.12572483711819965,-0.3886484299133195,-0.12577726914742987,32.011139315388014,4.82148809285025,31.762455417221293,4.9050374430642245,31.750354947330173,4.909129469741205,0.4619457079970653
fB_equal_fT_diagnostic,5.0,2.5,6.25,-0.3281343053116057,-0.6885258541317832,0.24666454154611356,-0.0023444865463259136,0.0033997658241958053,0.0038739407779592536,-0.0006322332716845898,0.0008972209599487506,0.0010552792778698915,-0.4442057991319956,-0.4409640916257209,-0.44080603330779977,-0.1141584707253449,-0.5521479605493149,-0.0111150333358499,-0.5495022811973992,-0.012988278734371972,-0.5493732838627189,-0.01307961393847995,64.08342196235063,0.03833731583956112,63.470767372254414,0.052348394194872444,63.44097095803031,0.05308722380359266,0.256
fB_converted_fT_M_over_msum_central,5.0,2.5,6.25,-0.3281343053116057,-0.38156565935418596,0.13669598297513832,-0.0012992621112592885,0.0018840743315222126,0.0021468515065494864,-0.00035036956670302734,0.0004972198285871709,0.0005848122202629242,-0.2461689384903069,-0.24437245655046047,-0.2442848641587847,-0.1141584707253449,-0.3905226343581666,-0.12555214316662344,-0.3890564579171578,-0.12659025395263096,-0.38898497047370617,-0.1266408698839988,32.057316886061,4.8915717101848815,31.817057053731236,4.972796714749234,31.805365634380518,4.976774162457161,0.4619457079970653
fB_equal_fT_diagnostic,5.25,2.5,6.25,-0.3289110256125428,-0.6839420392836797,0.24249437430709408,-0.0022708913321086623,0.00329304459156076,0.0037523348332095825,-0.0006123869888650879,0.0008690565122358324,0.0010221532594520983,-0.4437185563086943,-0.44057860846434976,-0.4404255117171335,-0.11888573791542052,-0.5521991371136319,-0.012030500950793832,-0.5496365076469711,-0.013844943752814864,-0.549511559636649,-0.013933411875462098,64.09530182639308,0.04491253691711416,63.501779058893774,0.059481588075079035,63.47291081970233,0.06024418229394026,0.256
fB_converted_fT_M_over_msum_central,5.25,2.5,6.25,-0.3289110256125428,-0.37902541148349467,0.13438496937612082,-0.0012584772863037633,0.0018249318065856129,0.002079460206409701,-0.0003393711997654461,0.0004816117203404917,0.0005664545202818498,-0.2458989193936776,-0.24415883038703334,-0.244073987587092,-0.11888573791542052,-0.3907510953712779,-0.12634208639491296,-0.38933094332287027,-0.12734761009450826,-0.3892616999245905,-0.1273966371533284,32.09483578367967,4.953318482812426,31.861967751817478,5.032476572275464,31.850635312055136,5.036352185144362,0.4619457079970653
fB_equal_fT_diagnostic,5.5,2.5,6.25,-0.32958867499392275,-0.6798732478054502,0.23881079541186334,-0.0022059932428456666,0.0031989351558390213,0.0036450996883538576,-0.0005948860433531071,0.0008442204021550838,0.0009929419129933545,-0.44326844563643253,-0.4402182319914318,-0.4400695104805935,-0.12336594572063299,-0.552223369735992,-0.012843655967615442,-0.5497339757225315,-0.01460624517837772,-0.5496125985070829,-0.0146921850373255,64.10092744664473,0.05118909972663311,63.52430283561545,0.0662029491460784,63.49625453541261,0.06698428751586367,0.256
fB_converted_fT_M_over_msum_central,5.5,2.5,6.25,-0.32958867499392275,-0.3767705780682368,0.13234361217579577,-0.001222512213864055,0.0017727784579827548,0.002020032882791749,-0.00032967256641198815,0.0004678481025157061,0.0005502662441186997,-0.2456494781063051,-0.24395911778992535,-0.24387669964832237,-0.12336594572063299,-0.39093910182182434,-0.12703928307769596,-0.38955953522684705,-0.12801607067447132,-0.3894922706833803,-0.12806369662598413,32.12572750907597,5.008137362381472,31.899393629124244,5.085447196962635,31.888378558469324,5.089231789212161,0.4619457079970653
fB_equal_fT_diagnostic,5.75,2.5,6.25,-0.330185166360253,-0.6762387623941362,0.23553448735196114,-0.0021483595895532563,0.003115359958918335,0.0035498680223747443,-0.0005793440846085374,0.0008221643482129506,0.0009670003693650791,-0.4428526346317283,-0.43988211069396205,-0.43973727467280993,-0.1276150645676153,-0.5522286978285967,-0.01357075455320672,-0.5498043415807528,-0.015287294459058687,-0.5496861354594929,-0.015370989058166806,64.1021644001815,0.05714893678960986,63.540566076965916,0.07252060615964598,63.51324698949059,0.0733168488037415,0.256
fB_converted_fT_M_over_msum_central,5.75,2.5,6.25,-0.330185166360253,-0.37475642738085274,0.130527955381469,-0.0011905729296853374,0.0017264629493822686,0.00196725761923024,-0.0003210595597972906,0.0004556251297476119,0.0005358900196969313,-0.24541904492906907,-0.24377284686963613,-0.24369258197968682,-0.1276150645676153,-0.39109572372779333,-0.1276592596722931,-0.38975219961077306,-0.12861052777218177,-0.3896866924169218,-0.12865690945080926,32.151473721480805,5.057138021078432,31.930954385557488,5.132786553226385,31.920221763957784,5.1364893633834825,0.4619457079970653
fB_equal_fT_diagnostic,6.0,2.5,6.25,-0.3307143723761713,-0.6729736961175434,0.23260230975320798,-0.0020968524525923943,0.003040668890967388,0.003464759579956377,-0.0005654542519853115,0.0008024528753786714,0.0009438164383749936,-0.4424682388169279,-0.4395689334889568,-0.4394275699259605,-0.1316482139116941,-0.5522207836858366,-0.014224785528057726,-0.5498545516225598,-0.01590017121724152,-0.5497391795049308,-0.015981859229929007,64.10032708152323,0.0627901640725432,63.55217209720226,0.07845195409663533,63.52550548354407,0.07926012733735054,0.256
fB_converted_fT_M_over_msum_central,6.0,2.5,6.25,-0.3307143723761713,-0.37294700053190144,0.12890300800716503,-0.0011620288241038555,0.0016850708267487492,0.0019200924201994475,-0.00031336212460092677,0.0004447014714946651,0.0005230420026448937,-0.24520602134884026,-0.24359929105324174,-0.24352095052209152,-0.1316482139116941,-0.3912276729075631,-0.12821426189478927,-0.38991635991620455,-0.1291427232464288,-0.389852423263906,-0.12918799291965222,32.17317212409374,5.101205705657549,31.95785814199366,5.175353793260249,31.947378402487118,5.178982764874575,0.4619457079970653
fB_equal_fT_diagnostic,3.0,2.55,6.5024999999999995,-0.3386204771288879,-0.7989502317525216,0.3261463827240981,-0.0036640993170747797,0.005313350871717194,0.00605441894352224,-0.0009880907624067155,0.0014022288640407451,0.0016492515546424136,-0.4764679483454982,-0.4714016201643827,-0.471154597473781,-0.06835836217642023,-0.5845378275944415,-0.0010302634299522717,-0.5804030067221506,-0.003957879797038877,-0.5802014022187478,-0.004100623742198828,71.82241302407547,0.00032937962637713465,70.80991235638055,0.004860997125794663,70.76072888311019,0.005217951131780734,0.256
fB_converted_fT_M_over_msum_central,3.0,2.55,6.5024999999999995,-0.3386204771288879,-0.44276038458169814,0.18074304519330991,-0.0020305620529265803,0.0029445404505592737,0.0033552238341210865,-0.0005475778447490763,0.0007770839364454301,0.0009139783976326935,-0.2640479014413148,-0.2612402554519428,-0.26110336099075554,-0.06835836217642023,-0.41117384242934657,-0.12377880710543648,-0.40888241699778227,-0.12540122674696486,-0.4087706922821336,-0.12548033225509778,35.53740457476645,4.754367511557407,35.14241637038102,4.879819225631154,35.123214077022276,4.885977735305484,0.4619457079970653
fB_equal_fT_diagnostic,3.25,2.55,6.5024999999999995,-0.3435125164911094,-0.7832755690611471,0.3096459666773566,-0.003362598592898251,0.00487614134299032,0.0055562305654306325,-0.0009067856299204056,0.001286846342611977,0.001513542750092069,-0.47699220097668876,-0.47234275604117854,-0.47211605963369846,-0.07610962344172045,-0.5877925921176984,-0.004719897265576478,-0.5839980053328208,-0.007406614470712336,-0.5838129898731401,-0.00753761271819503,72.62446840620237,0.006912979280466109,71.68981789374557,0.017023138882308178,71.64440121950555,0.017630628850467556,0.256
fB_converted_fT_M_over_msum_central,3.25,2.55,6.5024999999999995,-0.3435125164911094,-0.4340738364018473,0.17159888293605896,-0.001863477081569553,0.0027022486889594654,0.0030791389553494414,-0.0005025203551866285,0.0007131415185932606,0.0008387716073899125,-0.2643384305473579,-0.2617618119471951,-0.26163618185839843,-0.07610962344172045,-0.41423785639804467,-0.1276034998620649,-0.4121349811031521,-0.12909241856529732,-0.41203244966524,-0.12916501486996046,36.06901820878373,5.0527212091138605,35.703739547762524,5.171322690151154,35.68597691872649,5.17714060698676,0.4619457079970653
fB_equal_fT_diagnostic,3.5,2.55,6.5024999999999995,-0.34733987880191153,-0.7706919532194938,0.2965555879199636,-0.0031239946070163527,0.004530139068850842,0.005161970375650468,-0.0008424417423994891,0.0011955340262346256,0.0014061444618344895,-0.4772603599065465,-0.47294083127329556,-0.47273022083769567,-0.08351521277874092,-0.5902231171930461,-0.007688593836113311,-0.5866977875040225,-0.010184666390580244,-0.5865259004106662,-0.01030636923656636,73.22631518109884,0.018343998317920166,72.35418409824315,0.03218798418409488,72.31179454491429,0.032961848473549604,0.256
fB_converted_fT_M_over_msum_central,3.5,2.55,6.5024999999999995,-0.34733987880191153,-0.4271002773889693,0.1643444872270422,-0.001731248078618942,0.002510501951959218,0.0028606487586955017,-0.000466862408981705,0.0006625382710948544,0.000779253873340276,-0.26448703824054604,-0.2620932518908322,-0.2619765362885868,-0.08351521277874092,-0.41657081121520567,-0.13064128002621578,-0.41461715219258344,-0.13202454771954306,-0.4145218962022421,-0.13209199272018507,36.476437975935745,5.296159032992882,36.135101451127596,5.4089073254489115,36.11849968028112,5.414435038964316,0.4619457079970653
fB_equal_fT_diagnostic,3.75,2.55,6.5024999999999995,-0.3504192203104692,-0.7603975041684551,0.2859421679998244,-0.00293094379906606,0.004250193960941677,0.004842980531879081,-0.0007903820945831947,0.0011216546382298266,0.001319250161875617,-0.4773862799676967,-0.47333368153040084,-0.47313608600675505,-0.09056712642983109,-0.5921053062570966,-0.010128996326542905,-0.5887978283349193,-0.012470821232098972,-0.5886365632004404,-0.012585003311981757,73.69408923132993,0.03183706256714448,72.87308389684287,0.04826032820224428,72.83317111947241,0.04914811117761365,0.256
fB_converted_fT_M_over_msum_central,3.75,2.55,6.5024999999999995,-0.3504192203104692,-0.42139532351356135,0.1584627668159222,-0.0016242636300577511,0.002355362621981502,0.0026838717076443125,-0.0004380121142170743,0.000621595963369487,0.000731098991923751,-0.2645568203276969,-0.2623109607342697,-0.2622014577057154,-0.09056712642983109,-0.4184071839684444,-0.1331141222729383,-0.41657425353220634,-0.13441190936229505,-0.41648488399437555,-0.13447518652223825,36.79874563094191,5.498553175351584,36.47704082173282,5.606291361727503,36.46139133515184,5.611571157243073,0.4619457079970653
fB_equal_fT_diagnostic,4.0,2.55,6.5024999999999995,-0.3529540801424659,-0.7518401274431152,0.2771792349086965,-0.002771836149477521,0.004019470201708793,0.00458007707747785,-0.0007474758343587338,0.001060765093641596,0.001247634052231272,-0.47743272868389625,-0.4736001274407771,-0.47341325848218746,-0.09726798137719503,-0.5936080028810607,-0.012170949976220924,-0.5904800729387634,-0.014385647825779002,-0.5903275621572391,-0.01449363147826066,74.06861849351162,0.04596731305752486,73.2900877364761,0.06421833065692802,73.25223350365845,0.06518603909465606,0.256
fB_converted_fT_M_over_msum_central,4.0,2.55,6.5024999999999995,-0.3529540801424659,-0.41665301634680457,0.15360654489959477,-0.0015360897221946982,0.0022275006647404284,0.002538176481643549,-0.00041423442253748897,0.0005878523369113621,0.0006914109425457301,-0.26458256116940454,-0.26245861911029844,-0.2623550605046641,-0.09726798137719503,-0.4198929801176251,-0.13516804212577627,-0.41815955116403636,-0.13639537823837952,-0.4180750330932019,-0.13645522036821583,37.06056003084823,5.669545043755504,36.755200107321315,5.772972286391353,36.74034374611619,5.778039067196981,0.4619457079970653
fB_equal_fT_diagnostic,4.25,2.55,6.5024999999999995,-0.3550805995670937,-0.7446285336561383,0.26983195529294424,-0.0026386353422758213,0.0038263142406352244,0.004359981108283912,-0.0007115558235315734,0.001009789942476517,0.001187678898359403,-0.47743521370546993,-0.4737867884207176,-0.4736088994648347,-0.10362709816260206,-0.5948388564635001,-0.013905046426032242,-0.5918612394440147,-0.016013316793819954,-0.5917160575802586,-0.016116111283270507,74.37610135283332,0.05999914340591204,73.63334809517143,0.07957245449925764,73.59722842773002,0.08059733443853377,0.256
fB_converted_fT_M_over_msum_central,4.25,2.55,6.5024999999999995,-0.3550805995670937,-0.4126565120444466,0.1495348465396556,-0.0014622728080999974,0.002120457942665505,0.0024162042084126738,-0.0003943283543295525,0.0005596030459831235,0.0006581851345655077,-0.264583938312891,-0.26256206245880787,-0.2624634803702255,-0.10362709816260206,-0.4211229295191121,-0.13690277877138715,-0.41947280063211945,-0.138071135149226,-0.4193923440839188,-0.13812810156074098,37.2779934056633,5.8160039152725185,36.98642544690837,5.9156974495580625,36.97223852116674,5.92057994111011,0.4619457079970653
fB_equal_fT_diagnostic,4.5,2.55,6.5024999999999995,-0.3568929990172252,-0.7384784269935883,0.2635898573860869,-0.0025256179775914028,0.0036624265123832126,0.004173235495111347,-0.0006810786436375042,0.0009665388738824403,0.0011368085347918096,-0.4774141875850928,-0.473922030733619,-0.4737517610727096,-0.10965784525795542,-0.5958690050969736,-0.015396363849496275,-0.5930189246200299,-0.017414333311663532,-0.5928799611493115,-0.01751272493342121,74.63393516001169,0.07355911497518573,73.92168461412759,0.09410525349826786,73.88704420098097,0.09517165387802674,0.256
fB_converted_fT_M_over_msum_central,4.5,2.55,6.5024999999999995,-0.3568929990172252,-0.4092482602123443,0.14607561521335086,-0.00139964110732144,0.002029635021906208,0.0023127139580552004,-0.0003774385815319854,0.0005356342692017752,0.0006299939145847678,-0.26457228610631484,-0.2626370107297916,-0.2625426510844086,-0.10965784525795542,-0.4221607285560049,-0.13838867940729102,-0.42058127757406777,-0.1395069930388966,-0.42050426712048405,-0.1395615194794153,37.4619526840195,5.942939289700765,37.182160522420766,6.039376705926203,37.16854530440136,6.044098620753215,0.4619457079970653
fB_equal_fT_diagnostic,4.75,2.55,6.5024999999999995,-0.3584584382443124,-0.7331787521253185,0.2582258058590703,-0.0024286066423149432,0.003521749304083865,0.00401293763874672,-0.0006549177795504639,0.0009294132168813122,0.0010931426617689216,-0.4773815529085631,-0.47402353304936684,-0.47385980360447927,-0.11537585183286632,-0.596746971703599,-0.016692835844360154,-0.5940063654682732,-0.018633293222827974,-0.5938727397136976,-0.01872790553089232,74.85403177868838,0.08646899450365063,74.16806481819992,0.10774060259964093,74.13469935460851,0.10883750655677642,0.256
fB_converted_fT_M_over_msum_central,4.75,2.55,6.5024999999999995,-0.3584584382443124,-0.40631129869762506,0.14310297759134488,-0.0013458795907604255,0.0019516748532085004,0.0022238804641641708,-0.0003629408146075552,0.0005150600587961896,0.0006057952624480747,-0.2645542006970406,-0.262693261047484,-0.2626025258438321,-0.11537585183286632,-0.4230505693665456,-0.1396767439971421,-0.4215317865656718,-0.140752102162156,-0.4214577341552279,-0.14080453419138622,37.62004558293427,6.054082975225657,37.350412967444704,6.147661455021421,37.33729108553036,6.152242479348201,0.4619457079970653
fB_equal_fT_diagnostic,5.0,2.55,6.5024999999999995,-0.3598260340545179,-0.7285698439125888,0.25357008301238665,-0.0023444865463259136,0.0033997658241958053,0.0038739407779592536,-0.0006322332716845898,0.0008972209599487506,0.0010552792778698915,-0.4773442474465281,-0.4741025399402534,-0.47394448162233227,-0.12079781564999191,-0.5975068009797192,-0.017830539438773108,-0.5948611216278034,-0.01970378483729518,-0.594732124293123,-0.019795120041403103,75.04477424527661,0.09865727788328503,74.38166933848628,0.12047570503194933,74.34941308105303,0.12159520328992626,0.256
fB_converted_fT_M_over_msum_central,5.0,2.55,6.5024999999999995,-0.3598260340545179,-0.4037571446443824,0.14052287991294285,-0.0012992621112592885,0.0018840743315222126,0.0021468515065494864,-0.00035036956670302734,0.0004972198285871709,0.0005848122202629242,-0.2645335268426988,-0.2627370449028523,-0.2626494525111766,-0.12079781564999191,-0.4238239723228876,-0.14080483689024376,-0.4223577958818788,-0.14184294767625133,-0.4222863084384272,-0.14189356360761912,37.75772203162867,6.152268931319828,37.496935805107356,6.2433209235822,37.48424356525306,6.247777512959375,0.4619457079970653
fB_equal_fT_diagnostic,5.25,2.55,6.5024999999999995,-0.36103252579519596,-0.7245288873078952,0.2494935021705094,-0.0022708913321086623,0.00329304459156076,0.0037523348332095825,-0.0006123869888650879,0.0008690565122358324,0.0010221532594520983,-0.47730627646949453,-0.47416632862515,-0.47401323187793376,-0.12594071786967734,-0.5981729918891365,-0.018837144519045834,-0.5956103624224758,-0.020651587321066867,-0.5954854144121536,-0.0207400554437141,75.2122100529882,0.11011089763937042,74.5691580664103,0.13234484804801877,74.53787489464385,0.1334811653989803,0.256
fB_converted_fT_M_over_msum_central,5.25,2.55,6.5024999999999995,-0.36103252579519596,-0.4015177366947188,0.1382637298062225,-0.0012584772863037633,0.0018249318065856129,0.002079460206409701,-0.0003393711997654461,0.0004816117203404917,0.0005664545202818498,-0.26451248417480006,-0.2627723951681558,-0.26268755236821445,-0.12594071786967734,-0.42450397906172643,-0.14180165981801504,-0.4230838270133188,-0.14280718351761035,-0.42301458361503896,-0.1428562105764305,37.87898040636332,6.2396868221071236,37.62596073094367,6.328492526849936,37.61364574267011,6.332838535595118,0.4619457079970653
fB_equal_fT_diagnostic,5.5,2.55,6.5024999999999995,-0.36210594547921204,-0.7209600040453019,0.2458961049358388,-0.0022059932428456666,0.0031989351558390213,0.0036450996883538576,-0.0005948860433531071,0.0008442204021550838,0.0009929419129933545,-0.47726989235230877,-0.474219678707308,-0.47407095719646974,-0.13082131560977572,-0.5987635811919914,-0.0197342275126256,-0.5962741871785309,-0.02149681672338788,-0.5961528099630822,-0.021582756582335605,75.36080069646427,0.12084826655324549,74.73546960611682,0.14339977543750806,74.70504648826675,0.14454863301553889,0.256
fB_converted_fT_M_over_msum_central,5.5,2.55,6.5024999999999995,-0.36210594547921204,-0.39953994125381026,0.13627013255846646,-0.001222512213864055,0.0017727784579827548,0.002020032882791749,-0.00032967256641198815,0.0004678481025157061,0.0005502662441186997,-0.2644923209092078,-0.26280196059282807,-0.2627195424512251,-0.13082131560977572,-0.4251078068113098,-0.1426893694688275,-0.4237282402163325,-0.14366615706560285,-0.42366097567286576,-0.14371378301711565,37.98681754249665,6.31805498778675,37.74066675267192,6.404852218513732,37.72868545436233,6.40909939471735,0.4619457079970653
fB_equal_fT_diagnostic,5.75,2.55,6.5024999999999995,-0.36306806095838057,-0.7177873466208535,0.24269941341154996,-0.0021483595895532563,0.003115359958918335,0.0035498680223747443,-0.0005793440846085374,0.0008221643482129506,0.0009670003693650791,-0.4772362927988568,-0.47426576886109056,-0.47412093283993845,-0.13545582371016088,-0.5992921250985843,-0.020538861879311088,-0.5968677688507402,-0.022255401785163054,-0.5967495627294803,-0.022339096384271173,75.49390522517469,0.13090399848960557,74.88433966160528,0.1536990000402945,74.85468180010083,0.15485718755312744,0.256
fB_converted_fT_M_over_msum_central,5.75,2.55,6.5024999999999995,-0.36306806095838057,-0.3977817253280029,0.13449859747100731,-0.0011905729296853374,0.0017264629493822686,0.00196725761923024,-0.0003210595597972906,0.0004556251297476119,0.0005358900196969313,-0.2644737007866809,-0.262827502727248,-0.26274723783729864,-0.13545582371016088,-0.42564857599455863,-0.14348534785714404,-0.4243050518775384,-0.1444366159570327,-0.4242395446836871,-0.14448299763566022,38.083523204060874,6.388740873224065,37.84348771958065,6.473732842636054,37.831803534767026,6.477891217638133,0.4619457079970653
fB_equal_fT_diagnostic,6.0,2.55,6.5024999999999995,-0.36393604244196204,-0.7149501937175228,0.23984100541895723,-0.0020968524525923943,0.003040668890967388,0.003464759579956377,-0.0005654542519853115,0.0008024528753786714,0.0009438164383749936,-0.4772060407511579,-0.47430673542318685,-0.47416537186019053,-0.13985972495170446,-0.5997690049833915,-0.021264735571971505,-0.5974027729201147,-0.0229401212611553,-0.5972874008024857,-0.02302180927384273,75.61409985887934,0.14032018121395406,75.0186453957209,0.16330202950734682,74.98967256657315,0.16446711221472082,0.256
fB_converted_fT_M_over_msum_central,6.0,2.55,6.5024999999999995,-0.36393604244196204,-0.39620943851879786,0.1329145315657811,-0.0011620288241038555,0.0016850708267487492,0.0019200924201994475,-0.00031336212460092677,0.0004447014714946651,0.0005230420026448937,-0.26445693577712065,-0.2628502054815221,-0.26277186495037186,-0.13985972495170446,-0.42613646315816966,-0.14420342796198565,-0.4248251501668111,-0.14513188931362525,-0.42476121351451257,-0.14517715898684866,38.17087747619519,6.452846474234718,37.93631902617802,6.536207959216896,37.92490096999041,6.540286155225872,0.4619457079970653
fB_equal_fT_diagnostic,3.0,2.6,6.760000000000001,-0.3642413640468297,-0.8306379372806951,0.331504090159276,-0.0036640993170747797,0.005313350871717194,0.00605441894352224,-0.0009880907624067155,0.0014022288640407451,0.0016492515546424136,-0.5027979464384938,-0.4977316182573784,-0.4974845955667767,-0.07106956941430187,-0.6208319536338744,-0.006725442186836961,-0.6166971327615837,-0.009653058553923566,-0.6164955282581809,-0.009795802499083461,81.01825272536682,0.014035951251644025,79.94266245558087,0.02891545594778796,79.89040287616412,0.029776949503127554,0.256
fB_converted_fT_M_over_msum_central,3.0,2.6,6.760000000000001,-0.3642413640468297,-0.4603210036648048,0.18371216706122914,-0.0020305620529265803,0.0029445404505592737,0.0033552238341210865,-0.0005475778447490763,0.0007770839364454301,0.0009139783976326935,-0.27863939865650217,-0.27583175266713017,-0.2756948582059429,-0.07106956941430187,-0.4378877366512113,-0.13625716809339514,-0.435596311219647,-0.1378795877349235,-0.4354845865039983,-0.13795869324305643,40.30512895037381,5.761278648420201,39.8844067235002,5.899295027090609,39.863949697473586,5.906066161360943,0.4619457079970653
fB_equal_fT_diagnostic,3.25,2.6,6.760000000000001,-0.3702533485302997,-0.8163480307509106,0.3152377480927791,-0.003362598592898251,0.00487614134299032,0.0055562305654306325,-0.0009067856299204056,0.001286846342611977,0.001513542750092069,-0.5044728812510297,-0.4998234363155195,-0.49959673990803943,-0.07932322119061451,-0.6256730019667673,-0.010664174863006248,-0.6218784151818895,-0.013350892068142106,-0.6216933997222089,-0.0134818903156248,82.28668761058066,0.03529024545684587,81.29160830725529,0.055312174664752994,81.24324526199939,0.056402940076031104,0.256
fB_converted_fT_M_over_msum_central,3.25,2.6,6.760000000000001,-0.3702533485302997,-0.45240185643971986,0.1746977233789217,-0.001863477081569553,0.0027022486889594654,0.0030791389553494414,-0.0005025203551866285,0.0007131415185932606,0.0008387716073899125,-0.2795676101423677,-0.2769909915422049,-0.27686536145340823,-0.07932322119061451,-0.4421193560078187,-0.1406274005371859,-0.44001648071292615,-0.14211631924041832,-0.43991394927501404,-0.14218891554508145,41.08788695446666,6.136773038291816,40.69795957223259,6.267409411963284,40.67899512736146,6.273814122913546,0.4619457079970653
fB_equal_fT_diagnostic,3.5,2.6,6.760000000000001,-0.3750796282749904,-0.8049995131401245,0.3023561436801174,-0.0031239946070163527,0.004530139068850842,0.005161970375650468,-0.0008424417423994891,0.0011955340262346256,0.0014061444618344895,-0.5057673640670236,-0.5014478354337726,-0.5012372249981727,-0.0872329149744389,-0.6295183806004899,-0.01385505641803536,-0.6259930509114662,-0.016351128972502293,-0.6258211638181099,-0.01647283181848841,83.3012617947737,0.0595685132484556,82.37089294846274,0.08296514029432143,82.32566385365355,0.08420476973798692,0.256
fB_converted_fT_M_over_msum_central,3.5,2.6,6.760000000000001,-0.3750796282749904,-0.44611276129700733,0.1675590257515755,-0.001731248078618942,0.002510501951959218,0.0028606487586955017,-0.000466862408981705,0.0006625382710948544,0.000779253873340276,-0.2802849836240508,-0.277891197274337,-0.27777448167209157,-0.0872329149744389,-0.4454937340202242,-0.14415176912114935,-0.44354007499760195,-0.14553503681447666,-0.4434448190072606,-0.14560248181511867,41.71746877710202,6.448224020173614,41.3523772163882,6.572570963194681,41.33461720377866,6.578664200649218,0.4619457079970653
fB_equal_fT_diagnostic,3.75,2.6,6.760000000000001,-0.37905489419730787,-0.7958128077286064,0.2919299692095242,-0.00293094379906606,0.004250193960941677,0.004842980531879081,-0.0007903820945831947,0.0011216546382298266,0.001319250161875617,-0.5068137823181483,-0.5027611838808524,-0.5025635883572066,-0.09478526530785206,-0.6326695395923418,-0.01649473960309683,-0.6293620616701645,-0.018836564508652953,-0.6292007965356856,-0.01895074658853574,84.13730569991243,0.08442889230176535,83.25989700602685,0.11010411694267808,83.21723412856424,0.11144300449028406,0.256
fB_converted_fT_M_over_msum_central,3.75,2.6,6.760000000000001,-0.37905489419730787,-0.44102169422000015,0.16178107258897392,-0.0016242636300577511,0.002355362621981502,0.0026838717076443125,-0.0004380121142170743,0.000621595963369487,0.000731098991923751,-0.280864885261084,-0.2786190256676568,-0.2785095226391025,-0.09478526530785206,-0.4482641512669191,-0.1470610324885652,-0.446431220830681,-0.14835881957792196,-0.44634185129285026,-0.14842209673786513,42.23794371048027,6.71112588376642,41.893232090492084,6.830097480237013,41.87646084391103,6.835924991393381,0.4619457079970653
fB_equal_fT_diagnostic,4.0,2.6,6.760000000000001,-0.38239744130504666,-0.7882540679766341,0.2833358376934981,-0.002771836149477521,0.004019470201708793,0.00458007707747785,-0.0007474758343587338,0.001060765093641596,0.001247634052231272,-0.5076900664326135,-0.5038574651894944,-0.5036705962309047,-0.10197897027017958,-0.6353162243288148,-0.01871635048766629,-0.6321882943865174,-0.020931048337224423,-0.6320357836049932,-0.021039031989706025,84.84273150106046,0.10870324337215191,84.00935493672151,0.13595091188446268,83.96882654652522,0.13735727664990166,0.256
fB_converted_fT_M_over_msum_central,4.0,2.6,6.760000000000001,-0.38239744130504666,-0.4368328093726985,0.157018396737645,-0.0015360897221946982,0.0022275006647404284,0.002538176481643549,-0.00041423442253748897,0.0005878523369113621,0.0006914109425457301,-0.28135050235724823,-0.27922656029814213,-0.2791230016925078,-0.10197897027017958,-0.4505919979645522,-0.14950839328825508,-0.44885856901096344,-0.15073572940085833,-0.448774050940129,-0.15079557153069464,42.67776811117251,6.936355003487971,42.35003667895806,7.050705535992359,42.334089533644374,7.0563049116787555,0.4619457079970653
fB_equal_fT_diagnostic,4.25,2.6,6.760000000000001,-0.38525556241955233,-0.7819470313816349,0.2761414561866838,-0.0026386353422758213,0.0038263142406352244,0.004359981108283912,-0.0007115558235315734,0.001009789942476517,0.001187678898359403,-0.5084442105372269,-0.5047957852524746,-0.5046178962965917,-0.10882057041391752,-0.6375832967583557,-0.02061318264548151,-0.6346056797388705,-0.022721453013269166,-0.6344604978751143,-0.02282424750271972,85.44932013467819,0.13185307616661207,84.653059554677,0.16020363460567372,84.61433099135306,0.16165647325151317,0.256
fB_converted_fT_M_over_msum_central,4.25,2.6,6.760000000000001,-0.38525556241955233,-0.4333375904749616,0.15303143109674727,-0.0014622728080999974,0.002120457942665505,0.0024162042084126738,-0.0003943283543295525,0.0005596030459831235,0.0006581851345655077,-0.28176843218631437,-0.2797465563322312,-0.27964797424364884,-0.10882057041391752,-0.45258467328549745,-0.1515995094286218,-0.4509345443985048,-0.15276786580646065,-0.45085408785030406,-0.15282483221797563,43.056074785266,7.131744166153963,42.742681266185706,7.242094486028888,42.72743017554144,7.247496578316487,0.4619457079970653
fB_equal_fT_diagnostic,4.5,2.6,6.760000000000001,-0.38773355257251685,-0.7766198603384392,0.27003845903585383,-0.0025256179775914028,0.0036624265123832126,0.004173235495111347,-0.0006810786436375042,0.0009665388738824403,0.0011368085347918096,-0.5091070192801768,-0.5056148624287029,-0.5054445927677935,-0.11532152782844518,-0.6395561653915487,-0.022252554471542674,-0.6367060849146049,-0.02427052393370993,-0.6365671214438866,-0.024368915555467607,85.97894850655192,0.1536596746427347,85.21435290275247,0.18279253971839837,85.17716026310501,0.18427760944223684,0.256
fB_converted_fT_M_over_msum_central,4.5,2.6,6.760000000000001,-0.38773355257251685,-0.4303853911938575,0.14964928630448007,-0.00139964110732144,0.002029635021906208,0.0023127139580552004,-0.0003774385815319854,0.0005356342692017752,0.0006299939145847678,-0.28213574599669883,-0.2802004706201756,-0.2801061109747926,-0.11532152782844518,-0.45431637739654557,-0.1534096352544326,-0.45273692641460844,-0.1545279488860382,-0.45265991596102473,-0.15458247532655692,43.38619212956027,7.303069579686113,43.0850484785822,7.409932362801103,43.07039221028609,7.415162594911857,0.4619457079970653
fB_equal_fT_diagnostic,4.75,2.6,6.760000000000001,-0.3899069805461284,-0.7720718978993298,0.2648014687735725,-0.0024286066423149432,0.003521749304083865,0.00401293763874672,-0.0006549177795504639,0.0009294132168813122,0.0010931426617689216,-0.5096990357680722,-0.5063410159088759,-0.5061772864639883,-0.12149622808644521,-0.6412952642268672,-0.023684269498847665,-0.6385546579915414,-0.02562472687731543,-0.6384210322369657,-0.02571933918537983,86.44717692738897,0.17406848603562203,85.7098833724444,0.20375986955871928,85.6740153403243,0.20526730270107857,0.256
fB_converted_fT_M_over_msum_central,4.75,2.6,6.760000000000001,-0.3899069805461284,-0.4278650119279473,0.1467470631991784,-0.0013458795907604255,0.0019516748532085004,0.0022238804641641708,-0.0003629408146075552,0.0005150600587961896,0.0006057952624480747,-0.2824638283195293,-0.2806028886699727,-0.2805121534663208,-0.12149622808644521,-0.45584006963844814,-0.15499386665135564,-0.4543212868375744,-0.1560692248163695,-0.4542472344271305,-0.15612165684559973,43.67769850376886,7.454683151938178,43.38712981577717,7.55848421099037,43.372987138372444,7.563563665135067,0.4619457079970653
fB_equal_fT_diagnostic,5.0,2.6,6.760000000000001,-0.3918320281162618,-0.7681522151388916,0.26026224454861424,-0.0023444865463259136,0.0033997658241958053,0.0038739407779592536,-0.0006322332716845898,0.0008972209599487506,0.0010552792778698915,-0.5102344571366033,-0.5069927496303287,-0.5068346913124075,-0.12736062362555525,-0.6428446451479601,-0.024945975863462477,-0.6401989657960444,-0.026819221261984494,-0.6400699684613641,-0.026910556466092472,86.86539740817665,0.19310839722442638,86.15186553776003,0.22319912628646257,86.11715057576039,0.2247219632550527,0.256
fB_converted_fT_M_over_msum_central,5.0,2.6,6.760000000000001,-0.3918320281162618,-0.4256928112357427,0.14423152645649978,-0.0012992621112592885,0.0018840743315222126,0.0021468515065494864,-0.00035036956670302734,0.0004972198285871709,0.0005848122202629242,-0.28276054689050223,-0.28096406495065573,-0.28087647255898,-0.12736062362555525,-0.4571946362335965,-0.15639350924750114,-0.4557284597925877,-0.15743162003350872,-0.4556569723491361,-0.1574822359648765,43.93766800264628,7.589927248293419,43.65631265056641,7.691022692175487,43.642617506723845,7.6959689775126,0.4619457079970653
fB_equal_fT_diagnostic,5.25,2.6,6.760000000000001,-0.39355140785747234,-0.7647453831219625,0.25629284828478593,-0.0022708913321086623,0.00329304459156076,0.0037523348332095825,-0.0006123869888650879,0.0008690565122358324,0.0010221532594520983,-0.5107234261692852,-0.5075834783249408,-0.5074303815777245,-0.13293132161474808,-0.644237267848586,-0.026066671818263998,-0.6416746383819254,-0.027881114620284975,-0.6415496903716031,-0.027969582742932264,87.24216575291028,0.2108488962928871,86.54948713339436,0.241223951465274,86.51578427937369,0.2427572106508979,0.256
fB_converted_fT_M_over_msum_central,5.25,2.6,6.760000000000001,-0.39355140785747234,-0.4238048209779364,0.14203177565040176,-0.0012584772863037633,0.0018249318065856129,0.002079460206409701,-0.0003393711997654461,0.0004816117203404917,0.0005664545202818498,-0.2830315226138384,-0.28129143360719416,-0.2812065908072528,-0.13293132161474808,-0.4584093464000794,-0.1576401742981727,-0.4569891943516718,-0.158645697997768,-0.456919950953392,-0.15869472505658816,44.17145216628968,7.7114132339438335,43.89818980928012,7.810103033811763,43.884887833687046,7.814930968655036,0.4619457079970653
fB_equal_fT_diagnostic,5.5,2.6,6.760000000000001,-0.3950982323636417,-0.7617618058282912,0.25279438356680933,-0.0022059932428456666,0.0031989351558390213,0.0036450996883538576,-0.0005948860433531071,0.0008442204021550838,0.0009929419129933545,-0.5111734155043276,-0.5081232018593269,-0.5079744803484886,-0.13822497927842572,-0.6454983653945225,-0.027069063674860505,-0.6430089713810621,-0.028831652885622727,-0.6428875941656134,-0.02891759274457051,87.5840539665573,0.2273770517819655,86.90981276753206,0.2579522052739361,86.87700490352833,0.25949227759538224,0.256
fB_converted_fT_M_over_msum_central,5.5,2.6,6.760000000000001,-0.3950982323636417,-0.42215138904003285,0.14009300459506446,-0.001222512213864055,0.0017727784579827548,0.002020032882791749,-0.00032967256641198815,0.0004678481025157061,0.0005502662441186997,-0.28328089665883244,-0.2815905363424527,-0.2815081182008497,-0.13822497927842572,-0.4595067142666626,-0.15875849322969154,-0.4581271476716853,-0.1597352808264669,-0.45805988312821855,-0.1597829067779797,44.38318585191785,7.821212765295471,44.11708464111631,7.917751421023268,44.10413060545293,7.922473567052758,0.4619457079970653
fB_equal_fT_diagnostic,5.75,2.6,6.760000000000001,-0.3964986154757315,-0.7591310096025017,0.24968928091121323,-0.0021483595895532563,0.003115359958918335,0.0035498680223747443,-0.0005793440846085374,0.0008221643482129506,0.0009670003693650791,-0.5115900882808417,-0.5086195643430755,-0.5084747283219234,-0.14325791154402817,-0.6466476497685778,-0.027971191432368703,-0.6442232935207339,-0.029687731338220613,-0.644105087399474,-0.029771425937328733,87.89621151711633,0.24278513614371064,87.23838100631106,0.27349801963369336,87.20636985526403,0.2750422651417034,0.256
fB_converted_fT_M_over_msum_central,5.75,2.6,6.760000000000001,-0.3964986154757315,-0.4206934604953078,0.13837222601422386,-0.0011905729296853374,0.0017264629493822686,0.00196725761923024,-0.0003210595597972906,0.0004556251297476119,0.0005358900196969313,-0.28351180741076926,-0.2818656093513363,-0.281785344461387,-0.14325791154402817,-0.4605043912696509,-0.15976796498942264,-0.4591608671526307,-0.1607192330893113,-0.45909535995877937,-0.16076561476793882,44.5761238558034,7.920991926839454,44.316401103142546,8.015596859978986,44.30375701170962,8.02022394132612,0.4619457079970653
fB_equal_fT_diagnostic,6.0,2.6,6.760000000000001,-0.3977734650689264,-0.7567968947346161,0.2469158993843361,-0.0020968524525923943,0.003040668890967388,0.003464759579956377,-0.0005654542519853115,0.0008024528753786714,0.0009438164383749936,-0.5119778478028724,-0.5090785424749013,-0.5089371789119049,-0.14804584497211426,-0.6477007964477883,-0.028787574310840724,-0.6453345643845114,-0.030462960000024575,-0.6452191922668825,-0.030544648012712006,88.1827446307055,0.2571640802147045,87.53960912514118,0.2879680888324718,87.50831147632827,0.2895145623658185,0.256
fB_converted_fT_M_over_msum_central,6.0,2.6,6.760000000000001,-0.3977734650689264,-0.4193999461367276,0.1368352798783696,-0.0011620288241038555,0.0016850708267487492,0.0019200924201994475,-0.00031336212460092677,0.0004447014714946651,0.0005230420026448937,-0.28372669508246184,-0.2821199647868633,-0.28204162425571305,-0.14804584497211426,-0.46141645073353393,-0.16068424318465382,-0.4601051377421753,-0.16161270453629342,-0.4600412010898768,-0.16165797420951683,44.752870646598176,8.01210711659554,44.498863095534084,8.104965300726754,44.486496745217345,8.109506534283192,0.4619457079970653
