sector,state,state_label,scan,M2,s0,g_abs
Ds,Ds1_2460,D_{s1}(2460),s0,3.0,8.5,0.47641908790812587
Ds,Ds1_2460,D_{s1}(2460),s0,3.0,8.525,0.4778773637092944
Ds,Ds1_2460,D_{s1}(2460),s0,3.0,8.55,0.4793259816338905
Ds,Ds1_2460,D_{s1}(2460),s0,3.0,8.575,0.48076498809144214
Ds,Ds1_2460,D_{s1}(2460),s0,3.0,8.6,0.4821944295718281
Ds,Ds1_2460,D_{s1}(2460),s0,3.0,8.625,0.48361435263799596
Ds,Ds1_2460,D_{s1}(2460),s0,3.0,8.65,0.48502480391884367
Ds,Ds1_2460,D_{s1}(2460),s0,3.0,8.675,0.486425830102255
Ds,Ds1_2460,D_{s1}(2460),s0,3.0,8.7,0.48781747792828783
Ds,Ds1_2460,D_{s1}(2460),s0,3.0,8.725,0.4891997941825186
Ds,Ds1_2460,D_{s1}(2460),s0,3.0,8.75,0.4905728256895257
Ds,Ds1_2460,D_{s1}(2460),s0,3.0,8.775,0.4919366193065294
Ds,Ds1_2460,D_{s1}(2460),s0,3.0,8.8,0.4932912219171643
Ds,Ds1_2460,D_{s1}(2460),s0,3.0,8.825,0.49463668042539916
Ds,Ds1_2460,D_{s1}(2460),s0,3.0,8.85,0.4959730417495902
Ds,Ds1_2460,D_{s1}(2460),s0,3.0,8.875,0.4973003528166711
Ds,Ds1_2460,D_{s1}(2460),s0,3.0,8.9,0.4986186605564744
Ds,Ds1_2460,D_{s1}(2460),s0,3.0,8.925,0.4999280118961849
Ds,Ds1_2460,D_{s1}(2460),s0,3.0,8.95,0.5012284537549188
Ds,Ds1_2460,D_{s1}(2460),s0,3.0,8.975,0.5025200330384291
Ds,Ds1_2460,D_{s1}(2460),s0,3.0,9.0,0.5038027966339339
Ds,Ds1_2460,D_{s1}(2460),s0,3.0,9.025,0.5050767914050651
Ds,Ds1_2460,D_{s1}(2460),s0,3.0,9.05,0.5063420641869368
Ds,Ds1_2460,D_{s1}(2460),s0,3.0,9.075,0.5075986617813284
Ds,Ds1_2460,D_{s1}(2460),s0,3.0,9.1,0.5088466309519836
Ds,Ds1_2460,D_{s1}(2460),s0,3.0,9.125,0.510086018420019
Ds,Ds1_2460,D_{s1}(2460),s0,3.0,9.15,0.5113168708594459
Ds,Ds1_2460,D_{s1}(2460),s0,3.0,9.175,0.512539234892798
Ds,Ds1_2460,D_{s1}(2460),s0,3.0,9.2,0.5137531570868645
Ds,Ds1_2460,D_{s1}(2460),s0,3.0,9.225,0.5149586839485304
Ds,Ds1_2460,D_{s1}(2460),s0,3.0,9.25,0.5161558619207142
Ds,Ds1_2460,D_{s1}(2460),s0,3.0,9.275,0.5173447373784104
Ds,Ds1_2460,D_{s1}(2460),s0,3.0,9.3,0.518525356624826
Ds,Ds1_2460,D_{s1}(2460),s0,3.0,9.325,0.5196977658876176
Ds,Ds1_2460,D_{s1}(2460),s0,3.0,9.35,0.52086201131522
Ds,Ds1_2460,D_{s1}(2460),s0,3.0,9.375,0.5220181389732694
Ds,Ds1_2460,D_{s1}(2460),s0,3.0,9.4,0.523166194841116
Ds,Ds1_2460,D_{s1}(2460),s0,3.0,9.425,0.5243062248084301
Ds,Ds1_2460,D_{s1}(2460),s0,3.0,9.45,0.5254382746718901
Ds,Ds1_2460,D_{s1}(2460),s0,3.0,9.475,0.5265623901319606
Ds,Ds1_2460,D_{s1}(2460),s0,3.0,9.5,0.5276786167897553
Ds,Ds1_2460,D_{s1}(2460),s0,3.75,8.5,0.5073220898911991
Ds,Ds1_2460,D_{s1}(2460),s0,3.75,8.525,0.5091517666671201
Ds,Ds1_2460,D_{s1}(2460),s0,3.75,8.55,0.5109723879793331
Ds,Ds1_2460,D_{s1}(2460),s0,3.75,8.575,0.5127839762789359
Ds,Ds1_2460,D_{s1}(2460),s0,3.75,8.6,0.5145865543261552
Ds,Ds1_2460,D_{s1}(2460),s0,3.75,8.625,0.5163801451824802
Ds,Ds1_2460,D_{s1}(2460),s0,3.75,8.65,0.5181647722029281
Ds,Ds1_2460,D_{s1}(2460),s0,3.75,8.675,0.5199404590284387
Ds,Ds1_2460,D_{s1}(2460),s0,3.75,8.7,0.5217072295783957
Ds,Ds1_2460,D_{s1}(2460),s0,3.75,8.725,0.5234651080432757
Ds,Ds1_2460,D_{s1}(2460),s0,3.75,8.75,0.5252141188774185
Ds,Ds1_2460,D_{s1}(2460),s0,3.75,8.775,0.52695428679192
Ds,Ds1_2460,D_{s1}(2460),s0,3.75,8.8,0.5286856367476465
Ds,Ds1_2460,D_{s1}(2460),s0,3.75,8.825,0.5304081939483629
Ds,Ds1_2460,D_{s1}(2460),s0,3.75,8.85,0.5321219838339828
Ds,Ds1_2460,D_{s1}(2460),s0,3.75,8.875,0.5338270320739251
Ds,Ds1_2460,D_{s1}(2460),s0,3.75,8.9,0.5355233645605911
Ds,Ds1_2460,D_{s1}(2460),s0,3.75,8.925,0.5372110074029471
Ds,Ds1_2460,D_{s1}(2460),s0,3.75,8.95,0.5388899869202166
Ds,Ds1_2460,D_{s1}(2460),s0,3.75,8.975,0.540560329635682
Ds,Ds1_2460,D_{s1}(2460),s0,3.75,9.0,0.5422220622705891
Ds,Ds1_2460,D_{s1}(2460),s0,3.75,9.025,0.5438752117381577
Ds,Ds1_2460,D_{s1}(2460),s0,3.75,9.05,0.5455198051376934
Ds,Ds1_2460,D_{s1}(2460),s0,3.75,9.075,0.5471558697488006
Ds,Ds1_2460,D_{s1}(2460),s0,3.75,9.1,0.5487834330256933
Ds,Ds1_2460,D_{s1}(2460),s0,3.75,9.125,0.5504025225916055
Ds,Ds1_2460,D_{s1}(2460),s0,3.75,9.15,0.5520131662332971
Ds,Ds1_2460,D_{s1}(2460),s0,3.75,9.175,0.5536153918956531
Ds,Ds1_2460,D_{s1}(2460),s0,3.75,9.2,0.5552092276763769
Ds,Ds1_2460,D_{s1}(2460),s0,3.75,9.225,0.5567947018207766
Ds,Ds1_2460,D_{s1}(2460),s0,3.75,9.25,0.5583718427166378
Ds,Ds1_2460,D_{s1}(2460),s0,3.75,9.275,0.5599406788891896
Ds,Ds1_2460,D_{s1}(2460),s0,3.75,9.3,0.5615012389961543
Ds,Ds1_2460,D_{s1}(2460),s0,3.75,9.325,0.5630535518228874
Ds,Ds1_2460,D_{s1}(2460),s0,3.75,9.35,0.5645976462775966
Ds,Ds1_2460,D_{s1}(2460),s0,3.75,9.375,0.56613355138665
Ds,Ds1_2460,D_{s1}(2460),s0,3.75,9.4,0.567661296289963
Ds,Ds1_2460,D_{s1}(2460),s0,3.75,9.425,0.5691809102364668
Ds,Ds1_2460,D_{s1}(2460),s0,3.75,9.45,0.5706924225796571
Ds,Ds1_2460,D_{s1}(2460),s0,3.75,9.475,0.5721958627732203
Ds,Ds1_2460,D_{s1}(2460),s0,3.75,9.5,0.5736912603667383
Ds,Ds1_2460,D_{s1}(2460),s0,4.5,8.5,0.5303284143666892
Ds,Ds1_2460,D_{s1}(2460),s0,4.5,8.525,0.5324567530743833
Ds,Ds1_2460,D_{s1}(2460),s0,4.5,8.55,0.534576936544125
Ds,Ds1_2460,D_{s1}(2460),s0,4.5,8.575,0.5366889697357868
Ds,Ds1_2460,D_{s1}(2460),s0,4.5,8.6,0.5387928580262787
Ds,Ds1_2460,D_{s1}(2460),s0,4.5,8.625,0.540888607202039
Ds,Ds1_2460,D_{s1}(2460),s0,4.5,8.65,0.5429762234516324
Ds,Ds1_2460,D_{s1}(2460),s0,4.5,8.675,0.5450557133584544
Ds,Ds1_2460,D_{s1}(2460),s0,4.5,8.7,0.5471270838935414
Ds,Ds1_2460,D_{s1}(2460),s0,4.5,8.725,0.5491903424084861
Ds,Ds1_2460,D_{s1}(2460),s0,4.5,8.75,0.5512454966284517
Ds,Ds1_2460,D_{s1}(2460),s0,4.5,8.775,0.5532925546452917
Ds,Ds1_2460,D_{s1}(2460),s0,4.5,8.8,0.5553315249107651
Ds,Ds1_2460,D_{s1}(2460),s0,4.5,8.825,0.5573624162298518
Ds,Ds1_2460,D_{s1}(2460),s0,4.5,8.85,0.5593852377541648
Ds,Ds1_2460,D_{s1}(2460),s0,4.5,8.875,0.5613999989754541
Ds,Ds1_2460,D_{s1}(2460),s0,4.5,8.9,0.5634067097192097
Ds,Ds1_2460,D_{s1}(2460),s0,4.5,8.925,0.5654053801383543
Ds,Ds1_2460,D_{s1}(2460),s0,4.5,8.95,0.5673960207070257
Ds,Ds1_2460,D_{s1}(2460),s0,4.5,8.975,0.5693786422144528
Ds,Ds1_2460,D_{s1}(2460),s0,4.5,9.0,0.5713532557589167
Ds,Ds1_2460,D_{s1}(2460),s0,4.5,9.025,0.5733198727418022
Ds,Ds1_2460,D_{s1}(2460),s0,4.5,9.05,0.5752785048617325
Ds,Ds1_2460,D_{s1}(2460),s0,4.5,9.075,0.5772291641087903
Ds,Ds1_2460,D_{s1}(2460),s0,4.5,9.1,0.5791718627588243
Ds,Ds1_2460,D_{s1}(2460),s0,4.5,9.125,0.5811066133678335
Ds,Ds1_2460,D_{s1}(2460),s0,4.5,9.15,0.5830334287664374
Ds,Ds1_2460,D_{s1}(2460),s0,4.5,9.175,0.5849523220544248
Ds,Ds1_2460,D_{s1}(2460),s0,4.5,9.2,0.5868633065953807
Ds,Ds1_2460,D_{s1}(2460),s0,4.5,9.225,0.5887663960113925
Ds,Ds1_2460,D_{s1}(2460),s0,4.5,9.25,0.5906616041778319
Ds,Ds1_2460,D_{s1}(2460),s0,4.5,9.275,0.5925489452182143
Ds,Ds1_2460,D_{s1}(2460),s0,4.5,9.3,0.5944284334991298
Ds,Ds1_2460,D_{s1}(2460),s0,4.5,9.325,0.5963000836252509
Ds,Ds1_2460,D_{s1}(2460),s0,4.5,9.35,0.5981639104344129
Ds,Ds1_2460,D_{s1}(2460),s0,4.5,9.375,0.6000199289927624
Ds,Ds1_2460,D_{s1}(2460),s0,4.5,9.4,0.6018681545899784
Ds,Ds1_2460,D_{s1}(2460),s0,4.5,9.425,0.6037086027345661
Ds,Ds1_2460,D_{s1}(2460),s0,4.5,9.45,0.6055412891492137
Ds,Ds1_2460,D_{s1}(2460),s0,4.5,9.475,0.6073662297662201
Ds,Ds1_2460,D_{s1}(2460),s0,4.5,9.5,0.6091834407229896
Ds,Ds1_2536,D_{s1}(2536),s0,3.0,9.0,0.09859301995358327
Ds,Ds1_2536,D_{s1}(2536),s0,3.0,9.025,0.09843506588031278
Ds,Ds1_2536,D_{s1}(2536),s0,3.0,9.05,0.09827730520943631
Ds,Ds1_2536,D_{s1}(2536),s0,3.0,9.075,0.09811974545559132
Ds,Ds1_2536,D_{s1}(2536),s0,3.0,9.1,0.09796239399654852
Ds,Ds1_2536,D_{s1}(2536),s0,3.0,9.125,0.09780525807495605
Ds,Ds1_2536,D_{s1}(2536),s0,3.0,9.15,0.09764834480006752
Ds,Ds1_2536,D_{s1}(2536),s0,3.0,9.175,0.09749166114944888
Ds,Ds1_2536,D_{s1}(2536),s0,3.0,9.2,0.09733521397066784
Ds,Ds1_2536,D_{s1}(2536),s0,3.0,9.225,0.09717900998296264
Ds,Ds1_2536,D_{s1}(2536),s0,3.0,9.25,0.09702305577889377
Ds,Ds1_2536,D_{s1}(2536),s0,3.0,9.275,0.096867357825976
Ds,Ds1_2536,D_{s1}(2536),s0,3.0,9.3,0.09671192246829285
Ds,Ds1_2536,D_{s1}(2536),s0,3.0,9.325,0.09655675592809283
Ds,Ds1_2536,D_{s1}(2536),s0,3.0,9.35,0.0964018643073673
Ds,Ds1_2536,D_{s1}(2536),s0,3.0,9.375,0.09624725358941123
Ds,Ds1_2536,D_{s1}(2536),s0,3.0,9.4,0.09609292964036588
Ds,Ds1_2536,D_{s1}(2536),s0,3.0,9.425,0.09593889821074458
Ds,Ds1_2536,D_{s1}(2536),s0,3.0,9.45,0.0957851649369408
Ds,Ds1_2536,D_{s1}(2536),s0,3.0,9.475,0.09563173534271949
Ds,Ds1_2536,D_{s1}(2536),s0,3.0,9.5,0.09547861484069196
Ds,Ds1_2536,D_{s1}(2536),s0,3.0,9.525,0.09532580873377326
Ds,Ds1_2536,D_{s1}(2536),s0,3.0,9.55,0.0951733222166231
Ds,Ds1_2536,D_{s1}(2536),s0,3.0,9.575,0.09502116037707241
Ds,Ds1_2536,D_{s1}(2536),s0,3.0,9.6,0.09486932819753037
Ds,Ds1_2536,D_{s1}(2536),s0,3.0,9.625,0.0947178305563781
Ds,Ds1_2536,D_{s1}(2536),s0,3.0,9.65,0.09456667222934548
Ds,Ds1_2536,D_{s1}(2536),s0,3.0,9.675,0.09441585789087337
Ds,Ds1_2536,D_{s1}(2536),s0,3.0,9.7,0.09426539211545797
Ds,Ds1_2536,D_{s1}(2536),s0,3.0,9.725,0.09411527937898272
Ds,Ds1_2536,D_{s1}(2536),s0,3.0,9.75,0.09396552406003321
Ds,Ds1_2536,D_{s1}(2536),s0,3.0,9.775,0.09381613044119701
Ds,Ds1_2536,D_{s1}(2536),s0,3.0,9.8,0.09366710271035056
Ds,Ds1_2536,D_{s1}(2536),s0,3.0,9.825,0.09351844496192868
Ds,Ds1_2536,D_{s1}(2536),s0,3.0,9.85,0.09337016119818164
Ds,Ds1_2536,D_{s1}(2536),s0,3.0,9.875,0.09322225533041649
Ds,Ds1_2536,D_{s1}(2536),s0,3.0,9.9,0.09307473118022548
Ds,Ds1_2536,D_{s1}(2536),s0,3.0,9.925,0.09292759248069897
Ds,Ds1_2536,D_{s1}(2536),s0,3.0,9.95,0.09278084287762564
Ds,Ds1_2536,D_{s1}(2536),s0,3.0,9.975,0.0926344859306779
Ds,Ds1_2536,D_{s1}(2536),s0,3.0,10.0,0.09248852511458419
Ds,Ds1_2536,D_{s1}(2536),s0,3.75,9.0,0.07693047818087792
Ds,Ds1_2536,D_{s1}(2536),s0,3.75,9.025,0.07671970549015422
Ds,Ds1_2536,D_{s1}(2536),s0,3.75,9.05,0.07650886699553476
Ds,Ds1_2536,D_{s1}(2536),s0,3.75,9.075,0.07629797267525974
Ds,Ds1_2536,D_{s1}(2536),s0,3.75,9.1,0.0760870323790833
Ds,Ds1_2536,D_{s1}(2536),s0,3.75,9.125,0.07587605582953623
Ds,Ds1_2536,D_{s1}(2536),s0,3.75,9.15,0.07566505262317495
Ds,Ds1_2536,D_{s1}(2536),s0,3.75,9.175,0.07545403223182214
Ds,Ds1_2536,D_{s1}(2536),s0,3.75,9.2,0.07524300400379404
Ds,Ds1_2536,D_{s1}(2536),s0,3.75,9.225,0.07503197716511878
Ds,Ds1_2536,D_{s1}(2536),s0,3.75,9.25,0.07482096082074323
Ds,Ds1_2536,D_{s1}(2536),s0,3.75,9.275,0.07460996395572997
Ds,Ds1_2536,D_{s1}(2536),s0,3.75,9.3,0.07439899543644272
Ds,Ds1_2536,D_{s1}(2536),s0,3.75,9.325,0.0741880640117223
Ds,Ds1_2536,D_{s1}(2536),s0,3.75,9.35,0.07397717831405222
Ds,Ds1_2536,D_{s1}(2536),s0,3.75,9.375,0.07376634686071298
Ds,Ds1_2536,D_{s1}(2536),s0,3.75,9.4,0.07355557805492752
Ds,Ds1_2536,D_{s1}(2536),s0,3.75,9.425,0.07334488018699581
Ds,Ds1_2536,D_{s1}(2536),s0,3.75,9.45,0.07313426143541996
Ds,Ds1_2536,D_{s1}(2536),s0,3.75,9.475,0.07292372986801839
Ds,Ds1_2536,D_{s1}(2536),s0,3.75,9.5,0.07271329344303187
Ds,Ds1_2536,D_{s1}(2536),s0,3.75,9.525,0.0725029600102177
Ds,Ds1_2536,D_{s1}(2536),s0,3.75,9.55,0.07229273731193682
Ds,Ds1_2536,D_{s1}(2536),s0,3.75,9.575,0.07208263298422692
Ds,Ds1_2536,D_{s1}(2536),s0,3.75,9.6,0.07187265455787276
Ds,Ds1_2536,D_{s1}(2536),s0,3.75,9.625,0.07166280945945974
Ds,Ds1_2536,D_{s1}(2536),s0,3.75,9.65,0.07145310501242365
Ds,Ds1_2536,D_{s1}(2536),s0,3.75,9.675,0.07124354843808785
Ds,Ds1_2536,D_{s1}(2536),s0,3.75,9.7,0.07103414685669295
Ds,Ds1_2536,D_{s1}(2536),s0,3.75,9.725,0.0708249072884163
Ds,Ds1_2536,D_{s1}(2536),s0,3.75,9.75,0.07061583665438281
Ds,Ds1_2536,D_{s1}(2536),s0,3.75,9.775,0.07040694177766774
Ds,Ds1_2536,D_{s1}(2536),s0,3.75,9.8,0.07019822938428806
Ds,Ds1_2536,D_{s1}(2536),s0,3.75,9.825,0.06998970610418781
Ds,Ds1_2536,D_{s1}(2536),s0,3.75,9.85,0.06978137847221232
Ds,Ds1_2536,D_{s1}(2536),s0,3.75,9.875,0.0695732529290761
Ds,Ds1_2536,D_{s1}(2536),s0,3.75,9.9,0.0693653358223194
Ds,Ds1_2536,D_{s1}(2536),s0,3.75,9.925,0.06915763340725824
Ds,Ds1_2536,D_{s1}(2536),s0,3.75,9.95,0.0689501518479252
Ds,Ds1_2536,D_{s1}(2536),s0,3.75,9.975,0.06874289721800195
Ds,Ds1_2536,D_{s1}(2536),s0,3.75,10.0,0.06853587550174263
Ds,Ds1_2536,D_{s1}(2536),s0,4.5,9.0,0.06430936784639978
Ds,Ds1_2536,D_{s1}(2536),s0,4.5,9.025,0.06405394722665421
Ds,Ds1_2536,D_{s1}(2536),s0,4.5,9.05,0.06379818421046632
Ds,Ds1_2536,D_{s1}(2536),s0,4.5,9.075,0.0635420901893745
Ds,Ds1_2536,D_{s1}(2536),s0,4.5,9.1,0.06328567644038953
Ds,Ds1_2536,D_{s1}(2536),s0,4.5,9.125,0.0630289541269099
Ds,Ds1_2536,D_{s1}(2536),s0,4.5,9.15,0.06277193429963096
Ds,Ds1_2536,D_{s1}(2536),s0,4.5,9.175,0.06251462789744758
Ds,Ds1_2536,D_{s1}(2536),s0,4.5,9.2,0.062257045748348915
Ds,Ds1_2536,D_{s1}(2536),s0,4.5,9.225,0.06199919857030948
Ds,Ds1_2536,D_{s1}(2536),s0,4.5,9.25,0.06174109697217121
Ds,Ds1_2536,D_{s1}(2536),s0,4.5,9.275,0.06148275145452132
Ds,Ds1_2536,D_{s1}(2536),s0,4.5,9.3,0.061224172410561606
Ds,Ds1_2536,D_{s1}(2536),s0,4.5,9.325,0.060965370126973624
Ds,Ds1_2536,D_{s1}(2536),s0,4.5,9.35,0.06070635478477603
Ds,Ds1_2536,D_{s1}(2536),s0,4.5,9.375,0.06044713646017747
Ds,Ds1_2536,D_{s1}(2536),s0,4.5,9.4,0.06018772512542126
Ds,Ds1_2536,D_{s1}(2536),s0,4.5,9.425,0.05992813064962495
Ds,Ds1_2536,D_{s1}(2536),s0,4.5,9.45,0.059668362799614766
Ds,Ds1_2536,D_{s1}(2536),s0,4.5,9.475,0.05940843124075206
Ds,Ds1_2536,D_{s1}(2536),s0,4.5,9.5,0.05914834553775507
Ds,Ds1_2536,D_{s1}(2536),s0,4.5,9.525,0.05888811515551547
Ds,Ds1_2536,D_{s1}(2536),s0,4.5,9.55,0.05862774945990542
Ds,Ds1_2536,D_{s1}(2536),s0,4.5,9.575,0.058367257718584246
Ds,Ds1_2536,D_{s1}(2536),s0,4.5,9.6,0.05810664910179386
Ds,Ds1_2536,D_{s1}(2536),s0,4.5,9.625,0.057845932683152475
Ds,Ds1_2536,D_{s1}(2536),s0,4.5,9.65,0.05758511744043992
Ds,Ds1_2536,D_{s1}(2536),s0,4.5,9.675,0.05732421225637801
Ds,Ds1_2536,D_{s1}(2536),s0,4.5,9.7,0.05706322591940598
Ds,Ds1_2536,D_{s1}(2536),s0,4.5,9.725,0.056802167124449486
Ds,Ds1_2536,D_{s1}(2536),s0,4.5,9.75,0.05654104447368358
Ds,Ds1_2536,D_{s1}(2536),s0,4.5,9.775,0.05627986647729207
Ds,Ds1_2536,D_{s1}(2536),s0,4.5,9.8,0.05601864155421749
Ds,Ds1_2536,D_{s1}(2536),s0,4.5,9.825,0.055757378032910435
Ds,Ds1_2536,D_{s1}(2536),s0,4.5,9.85,0.05549608415206939
Ds,Ds1_2536,D_{s1}(2536),s0,4.5,9.875,0.05523476806137697
Ds,Ds1_2536,D_{s1}(2536),s0,4.5,9.9,0.05497343782223117
Ds,Ds1_2536,D_{s1}(2536),s0,4.5,9.925,0.05471210140846949
Ds,Ds1_2536,D_{s1}(2536),s0,4.5,9.95,0.054450766707089884
Ds,Ds1_2536,D_{s1}(2536),s0,4.5,9.975,0.054189441518963925
Ds,Ds1_2536,D_{s1}(2536),s0,4.5,10.0,0.053928133559547176
Bs,Bs1_5750,B_{s1}(5750),s0,10.0,39.0,0.4090827369916136
Bs,Bs1_5750,B_{s1}(5750),s0,10.0,39.05,0.40942452837691734
Bs,Bs1_5750,B_{s1}(5750),s0,10.0,39.1,0.4097646455856858
Bs,Bs1_5750,B_{s1}(5750),s0,10.0,39.15,0.4101030953986118
Bs,Bs1_5750,B_{s1}(5750),s0,10.0,39.2,0.41043988458007874
Bs,Bs1_5750,B_{s1}(5750),s0,10.0,39.25,0.4107750198780873
Bs,Bs1_5750,B_{s1}(5750),s0,10.0,39.3,0.41110850802418497
Bs,Bs1_5750,B_{s1}(5750),s0,10.0,39.35,0.41144035573339666
Bs,Bs1_5750,B_{s1}(5750),s0,10.0,39.4,0.41177056970415704
Bs,Bs1_5750,B_{s1}(5750),s0,10.0,39.45,0.41209915661824487
Bs,Bs1_5750,B_{s1}(5750),s0,10.0,39.5,0.41242612314071686
Bs,Bs1_5750,B_{s1}(5750),s0,10.0,39.55,0.4127514759198463
Bs,Bs1_5750,B_{s1}(5750),s0,10.0,39.6,0.4130752215870599
Bs,Bs1_5750,B_{s1}(5750),s0,10.0,39.65,0.4133973667568777
Bs,Bs1_5750,B_{s1}(5750),s0,10.0,39.7,0.41371791802685526
Bs,Bs1_5750,B_{s1}(5750),s0,10.0,39.75,0.4140368819775248
Bs,Bs1_5750,B_{s1}(5750),s0,10.0,39.8,0.41435426517234036
Bs,Bs1_5750,B_{s1}(5750),s0,10.0,39.85,0.41467007415762197
Bs,Bs1_5750,B_{s1}(5750),s0,10.0,39.9,0.41498431546250364
Bs,Bs1_5750,B_{s1}(5750),s0,10.0,39.95,0.41529699559888095
Bs,Bs1_5750,B_{s1}(5750),s0,10.0,40.0,0.41560812106136
Bs,Bs1_5750,B_{s1}(5750),s0,10.0,40.05,0.41591769832720893
Bs,Bs1_5750,B_{s1}(5750),s0,10.0,40.1,0.4162257338563097
Bs,Bs1_5750,B_{s1}(5750),s0,10.0,40.15,0.41653223409111195
Bs,Bs1_5750,B_{s1}(5750),s0,10.0,40.2,0.41683720545658703
Bs,Bs1_5750,B_{s1}(5750),s0,10.0,40.25,0.417140654360184
Bs,Bs1_5750,B_{s1}(5750),s0,10.0,40.3,0.4174425871917881
Bs,Bs1_5750,B_{s1}(5750),s0,10.0,40.35,0.41774301032367794
Bs,Bs1_5750,B_{s1}(5750),s0,10.0,40.4,0.41804193011048535
Bs,Bs1_5750,B_{s1}(5750),s0,10.0,40.45,0.4183393528891571
Bs,Bs1_5750,B_{s1}(5750),s0,10.0,40.5,0.4186352849789166
Bs,Bs1_5750,B_{s1}(5750),s0,10.0,40.55,0.41892973268122735
Bs,Bs1_5750,B_{s1}(5750),s0,10.0,40.6,0.4192227022797574
Bs,Bs1_5750,B_{s1}(5750),s0,10.0,40.65,0.41951420004034523
Bs,Bs1_5750,B_{s1}(5750),s0,10.0,40.7,0.41980423221096697
Bs,Bs1_5750,B_{s1}(5750),s0,10.0,40.75,0.4200928050217032
Bs,Bs1_5750,B_{s1}(5750),s0,10.0,40.8,0.42037992468470986
Bs,Bs1_5750,B_{s1}(5750),s0,10.0,40.85,0.4206655973941868
Bs,Bs1_5750,B_{s1}(5750),s0,10.0,40.9,0.4209498293263509
Bs,Bs1_5750,B_{s1}(5750),s0,10.0,40.95,0.42123262663940686
Bs,Bs1_5750,B_{s1}(5750),s0,10.0,41.0,0.4215139954735218
Bs,Bs1_5750,B_{s1}(5750),s0,12.0,39.0,0.37034060518447
Bs,Bs1_5750,B_{s1}(5750),s0,12.0,39.05,0.37073081651860507
Bs,Bs1_5750,B_{s1}(5750),s0,12.0,39.1,0.37111944030463545
Bs,Bs1_5750,B_{s1}(5750),s0,12.0,39.15,0.37150648137385184
Bs,Bs1_5750,B_{s1}(5750),s0,12.0,39.2,0.37189194455456853
Bs,Bs1_5750,B_{s1}(5750),s0,12.0,39.25,0.3722758346720055
Bs,Bs1_5750,B_{s1}(5750),s0,12.0,39.3,0.37265815654817247
Bs,Bs1_5750,B_{s1}(5750),s0,12.0,39.35,0.37303891500175324
Bs,Bs1_5750,B_{s1}(5750),s0,12.0,39.4,0.37341811484799264
Bs,Bs1_5750,B_{s1}(5750),s0,12.0,39.45,0.3737957608985847
Bs,Bs1_5750,B_{s1}(5750),s0,12.0,39.5,0.3741718579615606
Bs,Bs1_5750,B_{s1}(5750),s0,12.0,39.55,0.37454641084118057
Bs,Bs1_5750,B_{s1}(5750),s0,12.0,39.6,0.3749194243378245
Bs,Bs1_5750,B_{s1}(5750),s0,12.0,39.65,0.37529090324788483
Bs,Bs1_5750,B_{s1}(5750),s0,12.0,39.7,0.375660852363662
Bs,Bs1_5750,B_{s1}(5750),s0,12.0,39.75,0.37602927647325873
Bs,Bs1_5750,B_{s1}(5750),s0,12.0,39.8,0.37639618036047784
Bs,Bs1_5750,B_{s1}(5750),s0,12.0,39.85,0.3767615688047195
Bs,Bs1_5750,B_{s1}(5750),s0,12.0,39.9,0.3771254465808808
Bs,Bs1_5750,B_{s1}(5750),s0,12.0,39.95,0.377487818459257
Bs,Bs1_5750,B_{s1}(5750),s0,12.0,40.0,0.3778486892054417
Bs,Bs1_5750,B_{s1}(5750),s0,12.0,40.05,0.3782080635802313
Bs,Bs1_5750,B_{s1}(5750),s0,12.0,40.1,0.3785659463395287
Bs,Bs1_5750,B_{s1}(5750),s0,12.0,40.15,0.37892234223424837
Bs,Bs1_5750,B_{s1}(5750),s0,12.0,40.2,0.37927725601022316
Bs,Bs1_5750,B_{s1}(5750),s0,12.0,40.25,0.3796306924081118
Bs,Bs1_5750,B_{s1}(5750),s0,12.0,40.3,0.3799826561633079
Bs,Bs1_5750,B_{s1}(5750),s0,12.0,40.35,0.3803331520058504
Bs,Bs1_5750,B_{s1}(5750),s0,12.0,40.4,0.3806821846603334
Bs,Bs1_5750,B_{s1}(5750),s0,12.0,40.45,0.3810297588458201
Bs,Bs1_5750,B_{s1}(5750),s0,12.0,40.5,0.3813758792757555
Bs,Bs1_5750,B_{s1}(5750),s0,12.0,40.55,0.3817205506578804
Bs,Bs1_5750,B_{s1}(5750),s0,12.0,40.6,0.38206377769414795
Bs,Bs1_5750,B_{s1}(5750),s0,12.0,40.65,0.38240556508064
Bs,Bs1_5750,B_{s1}(5750),s0,12.0,40.7,0.3827459175074843
Bs,Bs1_5750,B_{s1}(5750),s0,12.0,40.75,0.38308483965877493
Bs,Bs1_5750,B_{s1}(5750),s0,12.0,40.8,0.3834223362124911
Bs,Bs1_5750,B_{s1}(5750),s0,12.0,40.85,0.38375841184041803
Bs,Bs1_5750,B_{s1}(5750),s0,12.0,40.9,0.38409307120806974
Bs,Bs1_5750,B_{s1}(5750),s0,12.0,40.95,0.384426318974612
Bs,Bs1_5750,B_{s1}(5750),s0,12.0,41.0,0.38475815979278627
Bs,Bs1_5750,B_{s1}(5750),s0,14.0,39.0,0.34727364442599173
Bs,Bs1_5750,B_{s1}(5750),s0,14.0,39.05,0.347702585377934
Bs,Bs1_5750,B_{s1}(5750),s0,14.0,39.1,0.3481300356372341
Bs,Bs1_5750,B_{s1}(5750),s0,14.0,39.15,0.3485559985902121
Bs,Bs1_5750,B_{s1}(5750),s0,14.0,39.2,0.3489804776276831
Bs,Bs1_5750,B_{s1}(5750),s0,14.0,39.25,0.34940347614482725
Bs,Bs1_5750,B_{s1}(5750),s0,14.0,39.3,0.3498249975410645
Bs,Bs1_5750,B_{s1}(5750),s0,14.0,39.35,0.350245045219928
Bs,Bs1_5750,B_{s1}(5750),s0,14.0,39.4,0.35066362258894
Bs,Bs1_5750,B_{s1}(5750),s0,14.0,39.45,0.3510807330594887
Bs,Bs1_5750,B_{s1}(5750),s0,14.0,39.5,0.3514963800467053
Bs,Bs1_5750,B_{s1}(5750),s0,14.0,39.55,0.3519105669693431
Bs,Bs1_5750,B_{s1}(5750),s0,14.0,39.6,0.3523232972496578
Bs,Bs1_5750,B_{s1}(5750),s0,14.0,39.65,0.35273457431328686
Bs,Bs1_5750,B_{s1}(5750),s0,14.0,39.7,0.35314440158913396
Bs,Bs1_5750,B_{s1}(5750),s0,14.0,39.75,0.35355278250924954
Bs,Bs1_5750,B_{s1}(5750),s0,14.0,39.8,0.353959720508716
Bs,Bs1_5750,B_{s1}(5750),s0,14.0,39.85,0.35436521902553375
Bs,Bs1_5750,B_{s1}(5750),s0,14.0,39.9,0.35476928150050463
Bs,Bs1_5750,B_{s1}(5750),s0,14.0,39.95,0.35517191137712273
Bs,Bs1_5750,B_{s1}(5750),s0,14.0,40.0,0.35557311210145903
Bs,Bs1_5750,B_{s1}(5750),s0,14.0,40.05,0.35597288712205344
Bs,Bs1_5750,B_{s1}(5750),s0,14.0,40.1,0.3563712398898032
Bs,Bs1_5750,B_{s1}(5750),s0,14.0,40.15,0.356768173857855
Bs,Bs1_5750,B_{s1}(5750),s0,14.0,40.2,0.3571636924814969
Bs,Bs1_5750,B_{s1}(5750),s0,14.0,40.25,0.35755779921805153
Bs,Bs1_5750,B_{s1}(5750),s0,14.0,40.3,0.35795049752677055
Bs,Bs1_5750,B_{s1}(5750),s0,14.0,40.35,0.35834179086872964
Bs,Bs1_5750,B_{s1}(5750),s0,14.0,40.4,0.3587316827067242
Bs,Bs1_5750,B_{s1}(5750),s0,14.0,40.45,0.35912017650516737
Bs,Bs1_5750,B_{s1}(5750),s0,14.0,40.5,0.35950727572998725
Bs,Bs1_5750,B_{s1}(5750),s0,14.0,40.55,0.3598929838485264
Bs,Bs1_5750,B_{s1}(5750),s0,14.0,40.6,0.3602773043294418
Bs,Bs1_5750,B_{s1}(5750),s0,14.0,40.65,0.3606602406426052
Bs,Bs1_5750,B_{s1}(5750),s0,14.0,40.7,0.36104179625900545
Bs,Bs1_5750,B_{s1}(5750),s0,14.0,40.75,0.36142197465065123
Bs,Bs1_5750,B_{s1}(5750),s0,14.0,40.8,0.3618007792904746
Bs,Bs1_5750,B_{s1}(5750),s0,14.0,40.85,0.3621782136522353
Bs,Bs1_5750,B_{s1}(5750),s0,14.0,40.9,0.36255428121042665
Bs,Bs1_5750,B_{s1}(5750),s0,14.0,40.95,0.3629289854401816
Bs,Bs1_5750,B_{s1}(5750),s0,14.0,41.0,0.3633023298171805
Bs,Bs1_5830,B_{s1}(5830),s0,10.0,40.0,0.04431987812693721
Bs,Bs1_5830,B_{s1}(5830),s0,10.0,40.05,0.04425097535036318
Bs,Bs1_5830,B_{s1}(5830),s0,10.0,40.1,0.0441813768827148
Bs,Bs1_5830,B_{s1}(5830),s0,10.0,40.15,0.04411108927361637
Bs,Bs1_5830,B_{s1}(5830),s0,10.0,40.2,0.044040119042289765
Bs,Bs1_5830,B_{s1}(5830),s0,10.0,40.25,0.043968472677536966
Bs,Bs1_5830,B_{s1}(5830),s0,10.0,40.3,0.043896156637724594
Bs,Bs1_5830,B_{s1}(5830),s0,10.0,40.35,0.0438231773507736
Bs,Bs1_5830,B_{s1}(5830),s0,10.0,40.4,0.04374954121414645
Bs,Bs1_5830,B_{s1}(5830),s0,10.0,40.45,0.043675254594842075
Bs,Bs1_5830,B_{s1}(5830),s0,10.0,40.5,0.043600323829388124
Bs,Bs1_5830,B_{s1}(5830),s0,10.0,40.55,0.043524755223839834
Bs,Bs1_5830,B_{s1}(5830),s0,10.0,40.6,0.04344855505377815
Bs,Bs1_5830,B_{s1}(5830),s0,10.0,40.65,0.043371729564311165
Bs,Bs1_5830,B_{s1}(5830),s0,10.0,40.7,0.04329428497007702
Bs,Bs1_5830,B_{s1}(5830),s0,10.0,40.75,0.04321622745525011
Bs,Bs1_5830,B_{s1}(5830),s0,10.0,40.8,0.043137563173548214
Bs,Bs1_5830,B_{s1}(5830),s0,10.0,40.85,0.04305829824824282
Bs,Bs1_5830,B_{s1}(5830),s0,10.0,40.9,0.04297843877216916
Bs,Bs1_5830,B_{s1}(5830),s0,10.0,40.95,0.042897990807740996
Bs,Bs1_5830,B_{s1}(5830),s0,10.0,41.0,0.042816960386966134
Bs,Bs1_5830,B_{s1}(5830),s0,10.0,41.05,0.042735353511463445
Bs,Bs1_5830,B_{s1}(5830),s0,10.0,41.1,0.04265317615248146
Bs,Bs1_5830,B_{s1}(5830),s0,10.0,41.15,0.0425704342509213
Bs,Bs1_5830,B_{s1}(5830),s0,10.0,41.2,0.04248713371735725
Bs,Bs1_5830,B_{s1}(5830),s0,10.0,41.25,0.042403280432062734
Bs,Bs1_5830,B_{s1}(5830),s0,10.0,41.3,0.04231888024503707
Bs,Bs1_5830,B_{s1}(5830),s0,10.0,41.35,0.04223393897603267
Bs,Bs1_5830,B_{s1}(5830),s0,10.0,41.4,0.042148462414585065
Bs,Bs1_5830,B_{s1}(5830),s0,10.0,41.45,0.042062456320044087
Bs,Bs1_5830,B_{s1}(5830),s0,10.0,41.5,0.04197592642160791
Bs,Bs1_5830,B_{s1}(5830),s0,10.0,41.55,0.0418888784183564
Bs,Bs1_5830,B_{s1}(5830),s0,10.0,41.6,0.04180131797928808
Bs,Bs1_5830,B_{s1}(5830),s0,10.0,41.65,0.041713250743358216
Bs,Bs1_5830,B_{s1}(5830),s0,10.0,41.7,0.04162468231951616
Bs,Bs1_5830,B_{s1}(5830),s0,10.0,41.75,0.041535618286748496
Bs,Bs1_5830,B_{s1}(5830),s0,10.0,41.8,0.04144606419411976
Bs,Bs1_5830,B_{s1}(5830),s0,10.0,41.85,0.041356025560816516
Bs,Bs1_5830,B_{s1}(5830),s0,10.0,41.9,0.041265507876191466
Bs,Bs1_5830,B_{s1}(5830),s0,10.0,41.95,0.04117451659981186
Bs,Bs1_5830,B_{s1}(5830),s0,10.0,42.0,0.04108305716150439
Bs,Bs1_5830,B_{s1}(5830),s0,12.0,40.0,0.043100420194846015
Bs,Bs1_5830,B_{s1}(5830),s0,12.0,40.05,0.04302024831097453
Bs,Bs1_5830,B_{s1}(5830),s0,12.0,40.1,0.04293920853384829
Bs,Bs1_5830,B_{s1}(5830),s0,12.0,40.15,0.04285730703328808
Bs,Bs1_5830,B_{s1}(5830),s0,12.0,40.2,0.042774549961186646
Bs,Bs1_5830,B_{s1}(5830),s0,12.0,40.25,0.04269094345140031
Bs,Bs1_5830,B_{s1}(5830),s0,12.0,40.3,0.042606493619644
Bs,Bs1_5830,B_{s1}(5830),s0,12.0,40.35,0.042521206563388994
Bs,Bs1_5830,B_{s1}(5830),s0,12.0,40.4,0.04243508836176242
Bs,Bs1_5830,B_{s1}(5830),s0,12.0,40.45,0.04234814507544855
Bs,Bs1_5830,B_{s1}(5830),s0,12.0,40.5,0.042260382746594743
Bs,Bs1_5830,B_{s1}(5830),s0,12.0,40.55,0.04217180739871789
Bs,Bs1_5830,B_{s1}(5830),s0,12.0,40.6,0.04208242503661387
Bs,Bs1_5830,B_{s1}(5830),s0,12.0,40.65,0.04199224164626843
Bs,Bs1_5830,B_{s1}(5830),s0,12.0,40.7,0.041901263194773074
Bs,Bs1_5830,B_{s1}(5830),s0,12.0,40.75,0.04180949563023928
Bs,Bs1_5830,B_{s1}(5830),s0,12.0,40.8,0.041716944881718336
Bs,Bs1_5830,B_{s1}(5830),s0,12.0,40.85,0.04162361685912081
Bs,Bs1_5830,B_{s1}(5830),s0,12.0,40.9,0.04152951745314083
Bs,Bs1_5830,B_{s1}(5830),s0,12.0,40.95,0.041434652535180264
Bs,Bs1_5830,B_{s1}(5830),s0,12.0,41.0,0.041339027957276446
Bs,Bs1_5830,B_{s1}(5830),s0,12.0,41.05,0.04124264955202989
Bs,Bs1_5830,B_{s1}(5830),s0,12.0,41.1,0.041145523132538275
Bs,Bs1_5830,B_{s1}(5830),s0,12.0,41.15,0.04104765449232721
Bs,Bs1_5830,B_{s1}(5830),s0,12.0,41.2,0.040949049405287326
Bs,Bs1_5830,B_{s1}(5830),s0,12.0,41.25,0.04084971362561061
Bs,Bs1_5830,B_{s1}(5830),s0,12.0,41.3,0.04074965288773008
Bs,Bs1_5830,B_{s1}(5830),s0,12.0,41.35,0.04064887290626172
Bs,Bs1_5830,B_{s1}(5830),s0,12.0,41.4,0.04054737937594647
Bs,Bs1_5830,B_{s1}(5830),s0,12.0,41.45,0.040445177971596025
Bs,Bs1_5830,B_{s1}(5830),s0,12.0,41.5,0.04034227434803992
Bs,Bs1_5830,B_{s1}(5830),s0,12.0,41.55,0.04023867414007326
Bs,Bs1_5830,B_{s1}(5830),s0,12.0,41.6,0.04013438296240865
Bs,Bs1_5830,B_{s1}(5830),s0,12.0,41.65,0.040029406409627946
Bs,Bs1_5830,B_{s1}(5830),s0,12.0,41.7,0.039923750056135916
Bs,Bs1_5830,B_{s1}(5830),s0,12.0,41.75,0.039817419456116554
Bs,Bs1_5830,B_{s1}(5830),s0,12.0,41.8,0.03971042014349111
Bs,Bs1_5830,B_{s1}(5830),s0,12.0,41.85,0.03960275763187672
Bs,Bs1_5830,B_{s1}(5830),s0,12.0,41.9,0.03949443741454753
Bs,Bs1_5830,B_{s1}(5830),s0,12.0,41.95,0.03938546496439679
Bs,Bs1_5830,B_{s1}(5830),s0,12.0,42.0,0.03927584573390277
Bs,Bs1_5830,B_{s1}(5830),s0,14.0,40.0,0.04165413443741438
Bs,Bs1_5830,B_{s1}(5830),s0,14.0,40.05,0.04156480458287489
Bs,Bs1_5830,B_{s1}(5830),s0,14.0,40.1,0.04147446107929967
Bs,Bs1_5830,B_{s1}(5830),s0,14.0,40.15,0.04138310958907496
Bs,Bs1_5830,B_{s1}(5830),s0,14.0,40.2,0.04129075576589033
Bs,Bs1_5830,B_{s1}(5830),s0,14.0,40.25,0.041197405254584485
Bs,Bs1_5830,B_{s1}(5830),s0,14.0,40.3,0.04110306369099422
Bs,Bs1_5830,B_{s1}(5830),s0,14.0,40.35,0.041007736701806345
Bs,Bs1_5830,B_{s1}(5830),s0,14.0,40.4,0.04091142990441055
Bs,Bs1_5830,B_{s1}(5830),s0,14.0,40.45,0.040814148906756276
Bs,Bs1_5830,B_{s1}(5830),s0,14.0,40.5,0.04071589930720977
Bs,Bs1_5830,B_{s1}(5830),s0,14.0,40.55,0.04061668669441627
Bs,Bs1_5830,B_{s1}(5830),s0,14.0,40.6,0.040516516647162035
Bs,Bs1_5830,B_{s1}(5830),s0,14.0,40.65,0.04041539473423916
Bs,Bs1_5830,B_{s1}(5830),s0,14.0,40.7,0.040313326514313456
Bs,Bs1_5830,B_{s1}(5830),s0,14.0,40.75,0.040210317535794016
Bs,Bs1_5830,B_{s1}(5830),s0,14.0,40.8,0.04010637333670422
Bs,Bs1_5830,B_{s1}(5830),s0,14.0,40.85,0.04000149944455626
Bs,Bs1_5830,B_{s1}(5830),s0,14.0,40.9,0.03989570137622708
Bs,Bs1_5830,B_{s1}(5830),s0,14.0,40.95,0.03978898463783545
Bs,Bs1_5830,B_{s1}(5830),s0,14.0,41.0,0.039681354724623
Bs,Bs1_5830,B_{s1}(5830),s0,14.0,41.05,0.039572817120836504
Bs,Bs1_5830,B_{s1}(5830),s0,14.0,41.1,0.03946337729961084
Bs,Bs1_5830,B_{s1}(5830),s0,14.0,41.15,0.039353040722856364
Bs,Bs1_5830,B_{s1}(5830),s0,14.0,41.2,0.039241812841146154
Bs,Bs1_5830,B_{s1}(5830),s0,14.0,41.25,0.03912969909360717
Bs,Bs1_5830,B_{s1}(5830),s0,14.0,41.3,0.039016704907811166
Bs,Bs1_5830,B_{s1}(5830),s0,14.0,41.35,0.03890283569966897
Bs,Bs1_5830,B_{s1}(5830),s0,14.0,41.4,0.03878809687332688
Bs,Bs1_5830,B_{s1}(5830),s0,14.0,41.45,0.038672493821063275
Bs,Bs1_5830,B_{s1}(5830),s0,14.0,41.5,0.03855603192318919
Bs,Bs1_5830,B_{s1}(5830),s0,14.0,41.55,0.03843871654794934
Bs,Bs1_5830,B_{s1}(5830),s0,14.0,41.6,0.0383205530514247
Bs,Bs1_5830,B_{s1}(5830),s0,14.0,41.65,0.03820154677743822
Bs,Bs1_5830,B_{s1}(5830),s0,14.0,41.7,0.03808170305746164
Bs,Bs1_5830,B_{s1}(5830),s0,14.0,41.75,0.03796102721052314
Bs,Bs1_5830,B_{s1}(5830),s0,14.0,41.8,0.037839524543118355
Bs,Bs1_5830,B_{s1}(5830),s0,14.0,41.85,0.03771720034912193
Bs,Bs1_5830,B_{s1}(5830),s0,14.0,41.9,0.037594059909700744
Bs,Bs1_5830,B_{s1}(5830),s0,14.0,41.95,0.03747010849322994
Bs,Bs1_5830,B_{s1}(5830),s0,14.0,42.0,0.03734535135520983
